d0,d1,d2,d3,d4,d5,d6,d7,d8,d9,label
-7.414600708117126,-23.169291503918792,-16.64200797369303,-16.27196522271136,-17.823836835735285,-38.45569571268061,-10.6224968736349,-39.66648383667128,-18.19980849110138,-38.28661338119377,0
-15.734557535584775,-6.677497862180202,-21.880329857661028,-13.12650859409474,-17.079395479749916,-21.41524851104454,-19.912568479287277,-26.241832134133166,-17.65996082543352,-21.860350233933254,1
-9.428254683823,-20.636199339190114,-5.680875025832488,-14.115072864398767,-13.44914963090384,-20.220430144124137,-7.382027247800679,-25.427106847985492,-17.139268099950492,-24.26367682978169,2
-36.167643586686,-50.12453075325158,-34.967482609963824,-41.45533190703585,-38.07126357058922,-61.925130008567685,-33.00468253378897,-75.27589207676809,-45.24263492420584,-63.41823476172202,2
-22.57659680391896,-27.072800479070885,-21.904553829498905,-14.963238703816282,-15.820622938355257,-31.015756267911666,-22.009088440945302,-32.8593439207499,-20.91636469772824,-34.16160749333529,3
-7.141264990459593,-13.397469127977107,-8.665790431277005,-9.770781309492946,-14.434603358614295,-16.764817097762098,-5.671062198378309,-17.286399456860437,-11.594506140500705,-22.951964359068164,2
-17.230603355885886,-23.260381476993228,-18.53822293399235,-27.50023294715352,-18.056602558833852,-26.92764251107886,-16.303763593343117,-24.88528091603864,-11.765621609284393,-30.15570556294284,8
-7.122999334698226,-12.292893339643527,-6.148447234542922,-5.905126683351727,-6.383533402166489,-17.305223899444037,-5.398590490487304,-19.95580596526069,-9.702154331249133,-17.23331776932161,6
-36.299868855698506,-41.8218683058831,-46.49460651588991,-38.65780070358304,-41.58111867479899,-8.584194068708285,-40.345207451759244,-35.135045508906906,-27.34948309116126,-26.09114067632184,5
-2.3437026185645657,-12.127834828716404,-9.259818113517545,-8.6340957055342,-12.94151272864244,-19.841013926848746,-6.320193614634579,-22.17198659382962,-12.815427376279786,-21.881753872570226,0
-12.917455740885536,-24.282040181838795,-17.882245373033474,-5.527779592640719,-16.55510921525517,-31.008612616392586,-12.647234015571506,-31.56181196263473,-20.206928994396044,-26.75885155326824,3
-11.938769743169718,-15.466716307115458,-8.602176692341402,-14.137951304393837,-7.9879546136974335,-23.71652552857265,-9.550411115174443,-27.78825153562286,-18.325950083605914,-23.873960474103487,4
-11.248502598792951,-19.284687247982152,-9.34403795627827,-12.338280774515862,-7.367035184106103,-23.9187979503869,-10.001615256922555,-27.85182684362446,-11.587187932828511,-22.976812017599304,4
-11.891161858535403,-20.198884835842936,-7.729498432624969,-14.562719634730298,-6.933696561642099,-22.557701268265383,-4.95677180226927,-31.996875638233593,-14.97008937746826,-28.068548463798148,6
-15.798797028971745,-20.150533650961577,-15.764243981578382,-24.167476665949128,-20.49717968463986,-19.671098180725934,-12.99477768401963,-17.0877065815224,-4.269025528605549,-18.918720113924493,8
-32.941470951979966,-44.199596538916225,-42.074977832335314,-37.9035500269661,-39.440411667360344,-8.95541512433817,-35.01584066093371,-29.79898197132377,-26.80423815403051,-24.626267679246848,5
-9.836401021679663,-16.608516947167004,-6.697379798968835,-11.639164656082091,-6.228043754633194,-24.895055539839735,-5.4236919402366235,-32.25175784436378,-13.344852485554782,-22.948614656453106,6
-14.98822765431608,-15.942317632007649,-18.31354149479154,-5.806914601337866,-17.255519563779597,-28.279434635448236,-15.760495031906306,-37.211015676502704,-18.71984619489602,-22.81390295705173,3
-13.879252218844089,-29.076847845026904,-14.303557845611598,-16.63398950118318,-10.136255118778747,-34.55135016493092,-7.348917020667673,-40.13305757664423,-20.406062249330123,-36.05809569835395,6
-15.666266487098506,-23.277043307417795,-11.982572275247778,-19.113908039435373,-6.305215588154474,-28.604682809993346,-8.834301051787236,-29.537733049855415,-17.504592000559338,-23.88364226610389,4
-10.083913382295396,-16.772047066821496,-9.325125727351194,-7.711768701566207,-5.066722191024344,-22.186271476780252,-7.95753618624447,-24.727354712122807,-10.740741200802603,-22.27443861902101,4
-24.10455754544807,-25.364914318968452,-13.210694382926617,-23.239606594384846,-9.216256351520324,-35.35472118089529,-13.48357982651082,-44.82729946467923,-19.460523125487605,-28.085592243749687,4
-11.66002193368828,-23.919756416540515,-7.230642797388173,-15.189074969437247,-7.8030955882318205,-23.42357053693939,-9.827676944551342,-28.028759336304503,-18.099055045764864,-31.842336373891953,2
-18.418636274721283,-7.597197491347225,-22.10870314367153,-18.081168107187235,-21.436287803210234,-22.097669934583458,-22.25751355696773,-28.09004178393173,-21.05585859656194,-24.454431541530944,1
-24.548667807080307,-32.753502040752714,-28.250202573679072,-29.52712839910496,-29.267478214760235,-5.695344850262573,-27.300470885664545,-16.422174831998642,-21.827195305584524,-23.832773688168736,5
-19.688126839150883,-27.453129490375435,-22.466218482675245,-24.468944314182473,-22.940726864535524,-15.3540847406849,-19.81241414586148,-5.449481182315889,-17.838413020158704,-7.875010460185475,7
-28.738935958764845,-36.34489494164086,-30.473436948267754,-32.47245910974083,-30.5714667099245,-48.087274958470815,-22.253417205079817,-49.49713132660516,-2.3826978329765374,-42.74204965111148,8
-20.72393870211346,-23.27333917591323,-16.388546059636585,-15.139545836102174,-10.37014805228266,-26.558490942993306,-14.764441058321847,-31.26994071707063,-18.32933648588203,-23.098432124556197,4
-12.638623974536078,-17.353647104142116,-8.618127140052058,-10.17306384282334,-4.934148141202079,-22.68963407462151,-11.087542462482876,-29.59294937412831,-11.991561837224113,-26.50275988971435,4
-11.15319587570597,-4.952544323490859,-16.242361108523955,-9.717235843086568,-14.202578523643226,-21.469960460146535,-14.127123376886063,-21.49437257095788,-16.007484543403802,-20.718192476457812,1
-21.17695824270604,-29.610778964266682,-22.904022263748864,-24.200605246324262,-24.697018091554344,-9.00556984922407,-22.316112517925365,-10.036158981107995,-17.10631595383461,-15.680732101490436,5
-18.99163365190194,-21.687732879153526,-21.51028957360797,-19.98393021528246,-23.01133132244678,-11.797950488664435,-19.98176703300628,-2.9321436167329735,-15.592012663438663,-9.765629804123924,7
-18.992668947274492,-24.787653735927993,-19.279551544544194,-22.144768304594994,-22.169144902728572,-16.113603963545764,-18.577095190955493,-2.668494552182189,-15.860519229668887,-9.301193593290575,7
-24.624204316345896,-39.09635882089128,-25.128571519016806,-24.81736974142732,-28.134828030189066,-33.02942717473275,-21.30542058300828,-42.52595155863387,-9.744451491711033,-30.900426763240926,8
-17.3783451319045,-7.030683625903678,-23.302985628547354,-11.64442708470414,-15.864732708818146,-21.13552226870086,-19.518350995589508,-27.434063239626628,-17.980976363947672,-20.906940018548706,1
-7.1044214095196585,-10.152464329607831,-8.512129928403024,-9.521236786369638,-11.187539539778053,-18.05465195355398,-8.672528114217998,-20.097852058363326,-12.24576977374095,-14.614348315147897,0
-27.771843974846494,-34.163217408353624,-28.856244557119773,-25.874488277081937,-26.265484732602992,-13.821705524593106,-25.561309521056415,-22.46888533409848,-22.352590305438692,-4.391602604466212,9
-16.927769257785496,-29.067492160660827,-18.67314275838186,-24.511093313754778,-22.13794044660338,-29.61314148213706,-15.613523322189915,-29.51359415091071,-11.503591668801901,-33.92403524570807,8
-9.001933614365408,-22.978847414632234,-19.527543830319456,-15.526109075355848,-21.417015287002144,-34.8780199196667,-10.968001105386211,-42.638834679733726,-26.083847673177093,-34.44622204538418,0
-27.178261331751585,-40.01742589229112,-35.95694239937425,-18.51001072305047,-32.41155875301038,-29.86045139989734,-29.563389596925337,-28.20422052135474,-19.457039593284634,-35.793594449398135,8
-12.83313195988351,-15.22321789715521,-7.860525874601053,-16.949998800298083,-10.537443838752836,-21.555507340942217,-7.8980523250625145,-27.652057857120727,-12.944401469377782,-21.848951887636467,2
-16.317793791028,-33.33619375312486,-18.315403215124977,-26.597300010309155,-29.332073864235372,-38.80942346642569,-19.050540783394503,-43.935432502248766,-31.789504871483658,-55.34528218957248,0
-11.574095323475545,-13.603218955669565,-7.572643394389889,-12.532236397383185,-3.479082536710016,-18.294364975568996,-4.8575514744667245,-20.64158478540463,-11.001611225643607,-14.300769091894065,4
-13.24083897576972,-17.9567434781016,-11.42827647182498,-15.44104954039199,-10.913829411199568,-33.854039276421105,-12.849118036264485,-33.92024549138729,-15.216242921608323,-24.66682373520603,6
-6.833436335908928,-12.877847184583281,-2.170132764182767,-10.951800263370686,-5.895761352326695,-19.28262475241793,-5.541723791013159,-20.56869069947111,-13.948991624260614,-17.53670069696605,2
-7.226580573387163,-32.50189837077502,-20.577397291884793,-21.513731885212692,-29.917969586036044,-40.69945403979719,-14.139360485516258,-45.87559373091606,-23.816036012885363,-47.310357072504566,0
-17.630085484099407,-20.946260957635193,-23.958208405103864,-10.374096616172128,-20.260446181224445,-20.81136999025141,-17.6978210108235,-27.81715997794614,-17.501045511404598,-19.748047641621987,3
-14.964463452492154,-23.52533570566498,-11.694255065064025,-4.582411652684335,-10.997358844631265,-29.545713430246636,-13.485356207073469,-30.211209586824143,-19.10361528211586,-29.453461508696304,3
-14.285808407839129,-20.310087838918665,-6.957579479119504,-20.61739567061115,-9.964482739996674,-28.609017443252025,-11.854233171920978,-36.22902772084808,-18.12934167852659,-28.557110776502217,2
-16.87498250778245,-20.02619590941562,-23.8920243235481,-9.463536413898336,-20.48822144665629,-21.154413405493013,-19.00080494976539,-25.958483842465178,-16.542988313001477,-17.98387827577142,3
-11.180833329469937,-14.753441258963724,-5.80750777415094,-15.101259756352082,-9.192390916477278,-20.838517436447887,-8.320838837805464,-26.21811626292012,-12.852678774372462,-20.33573972098686,2
-10.80412332436796,-22.290420281175095,-10.213547413306351,-13.16372808716222,-5.787753351882867,-26.06254116451574,-7.6759964077624625,-32.01105519252032,-15.296093809200771,-28.811413310688074,2
-24.556196359508448,-30.971964956442147,-30.822781595735474,-23.734403631988013,-27.597866931658604,-13.368381891646894,-18.785575596241628,-25.400125642499106,-24.220903594250462,-7.91845981675649,9
-11.373431553319325,-10.296199917136102,-14.454964606244348,-2.7399409092844356,-11.578882717797827,-15.459232581762546,-12.906815246395581,-14.93631794838244,-12.179366353024593,-14.820486056120128,3
-4.4329503779817445,-20.611573924061112,-14.000686585138792,-17.70745624624888,-17.02011449624321,-31.83468943527589,-9.393937126409215,-32.23768227454068,-15.255749165299752,-29.96384804661233,0
-23.40373489611627,-28.057926449200508,-24.80347441492475,-25.570957589083932,-21.024084116601404,-15.980186969834731,-21.55416411203046,-18.348923880875773,-21.00637077622894,-1.5676120930739064,9
-15.783388677340442,-20.32769794237182,-19.580096954011537,-16.052435643587895,-18.25382703084431,-14.96378624711523,-13.619894880159006,-10.854505519052012,-9.980448192509298,-3.8316617610574095,9
-15.018976296292093,-22.410009589901048,-11.148363759627633,-18.259710291384707,-4.871500517754125,-25.995600073437483,-8.925113853923415,-33.53746841698349,-15.58006250028439,-28.199596240780252,4
-5.731053057636089,-17.370024155331944,-10.222775252705537,-14.887888674939493,-18.102494983598763,-25.968553077855066,-7.784481625466488,-32.4042609529636,-13.599514612098353,-35.2567163941914,6
-7.150683685855671,-13.759192181855914,-10.994463777695458,-6.057740681506889,-11.74908585951313,-22.891854738864346,-9.135774172931837,-20.700766718447472,-14.139688993717817,-21.16087947352233,0
-11.547354540386367,-18.92351503321996,-9.75439391869071,-10.944384058906113,-4.296199847913337,-25.796849568217187,-7.983616531272394,-30.472937192292207,-10.73879640791981,-26.985444799388322,4
-30.996579014542156,-44.64705479932107,-38.04572652170926,-44.426856802640266,-41.59564458882589,-4.016442548200603,-31.644626047228577,-25.192634041982423,-23.605130003134583,-22.581470397652147,5
-11.934942742256348,-13.69191532503744,-6.077456846980349,-11.675099492992382,-5.449460722689775,-21.629600586821873,-8.29568346857279,-27.53943981166472,-12.803356021759425,-20.073812971728103,4
-12.07395034242505,-21.516901263237138,-10.157389727859556,-14.61197479795655,-7.885396694846553,-27.88931988772544,-6.476516372341768,-34.83616668403916,-13.649889637659134,-28.175968204500837,6
-21.45102946053806,-11.060730164136233,-32.32967473073693,-15.327969729494075,-22.637021572882176,-26.586921292382705,-20.207820180845427,-27.766100427010983,-20.43857517923812,-23.519840959488867,1
-15.048964855877252,-4.324538337053673,-21.326054321851906,-15.586502839679564,-13.916968598641898,-23.091472383799953,-18.497441503161916,-26.655610685543486,-18.678147864119364,-23.261246453684823,1
-4.356165355434243,-18.44444206894229,-11.799152554122754,-8.38135865859098,-10.709379313071437,-30.725360394165673,-6.998488553353809,-28.177245186552025,-13.518094586992754,-29.22617947306315,0
-18.880567870325955,-27.90257466692805,-20.95700916156426,-23.120427428869444,-21.91848399285674,-14.675306551534582,-20.17028303563163,-12.932372217086622,-16.44737169350894,-2.9256631648309672,9
-22.435183347102132,-30.258434507795126,-24.213830359003815,-28.21856121564377,-28.73891566957105,-6.469998509536037,-22.118618860956264,-14.417360933909617,-17.345607755608576,-18.881906814498223,5
-13.553881420252733,-30.46096498820968,-11.030204972847349,-24.668568914918428,-14.233343832053047,-28.73353558368474,-12.60704558954436,-36.877842100771545,-23.432421868880024,-29.41021288574002,2
-20.764737514846143,-23.672196557378026,-25.901806977514045,-21.808875064497506,-22.125552540581605,-12.206840790970183,-20.406892475334697,-5.525971334232914,-15.325937788123104,-15.71628241230591,7
-10.445581077204713,-11.220662525893404,-14.03921089773832,-4.824632817394622,-12.675306192291332,-13.9785423191787,-13.023391407627752,-19.291920394170692,-10.872006087306781,-18.10567870808133,3
-25.116371470373213,-32.83435337868308,-17.488747826751524,-23.701078165518137,-13.94255840883579,-36.12683011749447,-17.29643919271884,-46.86360837387466,-31.002897800149295,-41.06244039180509,4
-9.103010440399977,-18.290610026231136,-9.884899696132159,-12.376032714548607,-17.16288012084376,-31.36725445393233,-8.643089922265299,-26.51054542436438,-15.336223045078553,-33.43865923175778,6
-42.160059030429544,-51.77660548896244,-48.91401210079792,-43.06529358180591,-48.20362234388318,-7.6022588185189015,-44.6524016866588,-39.57139240290927,-34.8192607108801,-31.472541527918075,5
-23.68108868392554,-26.26096236122321,-24.865811923155714,-21.123927724235276,-26.789944012792063,-13.08917555145345,-25.323486409581047,-4.176297349161062,-17.448578041122232,-16.385159529027078,7
-11.719413084512357,-2.367807606951501,-16.483055630200035,-9.389075168972044,-10.809859136361597,-23.025678288458383,-12.569680482281502,-22.20554863718578,-14.44735466345753,-21.63621340252273,1
-10.70660974861892,-19.19470877623197,-6.9934578551765,-11.817631138658143,-7.99334767611756,-24.284699894577294,-4.192695274529517,-28.613201574115585,-16.422796606001786,-22.984674696923463,6
-20.832294437607935,-16.182122645525414,-25.775968409628202,-20.934099699477144,-22.177270457174817,-30.6133490721532,-24.974913207398448,-34.171557512321044,-26.36051512880023,-28.236432657422977,1
-10.210599419732036,-15.512019139315875,-16.146857336034167,-10.936475622076571,-11.887010321349084,-20.68130668749632,-9.971667717564637,-20.994010070846766,-8.880427214272096,-13.7748620158111,4
-18.744491122628443,-24.786743681461544,-18.583270164936916,-25.013342743620427,-20.717408370674214,-14.839799164302827,-18.86351242508393,-7.495899579365943,-14.441797463400423,-4.807318978124867,9
-16.73798468749506,-23.04109672409729,-18.921765817286246,-16.962634489281765,-19.43745853690914,-25.896220130072262,-19.286134138539815,-27.155000716259106,-5.918599892559636,-21.018874358193557,8
-15.097752001259122,-1.9202818064311538,-21.48209548008392,-15.275277181289184,-15.321118306923813,-20.334584336327076,-19.196717422145078,-26.455586325603033,-17.630883192027568,-20.965171430599973,1
-13.572801659795061,-20.940857829428495,-7.302264316941691,-14.064298552190769,-7.9239880780857055,-22.95287530789378,-8.620118637297981,-26.75604854508303,-16.37757485113934,-23.19823953082746,2
-13.041577835627738,-21.212528461066036,-10.465568121563216,-16.60911231078714,-6.631827608184143,-27.454629974985984,-10.06007968794998,-35.85104147866736,-16.94571075753292,-28.794380051141026,4
-16.405603179607443,-21.2654686996758,-18.324056960697728,-23.54648305128462,-21.50972723054844,-17.404389752714245,-14.176697144777494,-15.671046952135205,-7.3659316643657355,-26.112308233745264,8
-20.839316822487934,-23.678725470523652,-22.1089255957428,-26.570111832230516,-20.664668204843167,-15.339429879467472,-19.32097551242011,-15.78817457468035,-19.920395648002028,-1.210396248155328,9
-11.909762105555053,-17.072533077633974,-8.569292092798571,-14.103191723921912,-4.592479240491938,-22.22975415839131,-8.072198701012208,-27.4852081558389,-12.71362004641264,-21.482580825834837,4
-13.875974049694605,-6.852284171310961,-20.374599686773983,-11.653498001104337,-14.400532575128993,-24.089214592900525,-16.733248872383825,-24.078050771261218,-17.597692239323475,-21.493639884655593,1
-10.738470818151903,-17.144552204449596,-8.463185867358803,-8.303955774752062,-7.894746474776566,-18.85765539227931,-4.9194490274180795,-24.735457203610252,-10.16912002948685,-23.492614820769983,6
-15.137944795855173,-18.665561826626337,-19.373582796194757,-3.7312544310698312,-14.55456383092251,-20.949494620790386,-15.540141364552502,-21.902938477299493,-16.21432134353209,-22.312745120091527,3
-12.409866481453646,-19.259509005435948,-16.77967646881313,-9.304373896859781,-8.1612774351838,-22.51056246841147,-7.516780349136855,-24.78954085277427,-11.504083009056512,-24.27037564503865,4
-10.815454761008711,-15.09220630563704,-5.435042119515077,-12.522397646150802,-4.341342928118183,-25.44926229278368,-8.269237221266412,-28.897975961629765,-14.704059589821311,-23.075598547857798,2
-7.946861743988989,-11.38368219198763,-3.393522818884045,-9.1000014751329,-3.478020105277996,-20.623409615384038,-6.988428460948307,-23.996116049531267,-11.34131612634428,-19.93977833474835,2
-7.62391314596418,-12.293026478440273,-6.17530878626276,-6.786030596488727,-9.591644819962964,-8.34804515409297,-8.618783913822874,-7.215034888552221,-9.222252970527332,-10.177837885824946,2
-7.03282277633818,-14.456159226379926,-14.828058367158329,-6.817932660221149,-8.574944831617517,-24.097397344694123,-6.66035531470333,-21.736165733219632,-11.378900984583359,-20.713554905570444,6
-14.064983339413049,-23.452195821417945,-10.327681624778137,-21.75771723621797,-6.7844534724158985,-25.555749917961208,-10.403986878029748,-35.632116339474756,-17.61184075699605,-31.061459455919085,4
-38.46113762167555,-41.47607881917524,-40.11634609101663,-32.100366367275335,-38.141133329565726,-16.970157256617142,-34.36564899230447,-15.636930033057011,-28.417584929292506,-28.25308479159979,7
-21.262444179562298,-22.3721611273879,-24.028772986902485,-19.736893259498057,-20.750525795340497,-11.335780788727075,-20.749429788725024,-5.8089165298031915,-13.876371614867232,-14.728830183970834,7
-13.428917428007686,-20.41972467029046,-17.997679322785423,-3.325026641830459,-16.98207660651275,-23.472093404747632,-16.075371861826344,-23.195429201485048,-18.81415549044396,-21.91053052853724,3
-21.116461616398535,-26.949546628938855,-22.545339002901763,-25.721405912784455,-22.555712417171527,-11.784362376333247,-20.67315301096608,-11.24017929497984,-17.60273911080348,-3.71811360077686,9
-10.298109547889895,-15.177954865413774,-10.557340367895685,-10.122104652220754,-12.076653351614008,-25.84843087862461,-11.394252741074348,-25.02805316124753,-17.00482867661235,-21.047513028062355,3
-25.019448737109144,-32.85122829433492,-28.76973689673704,-33.383538134584214,-26.262876673291608,-18.757008215561836,-24.130807483105936,-20.198152463149324,-21.37678401789902,-4.053083478047263,9
-14.526888684328073,-27.93778904372952,-14.322259800278422,-19.878279289453758,-16.379945502854227,-38.935769559769064,-12.075766444462936,-32.280419996199164,-17.188097053500147,-34.720085046206385,0
-13.016820229712573,-25.173243604010068,-19.670502740629523,-26.50783309187306,-20.588966082480095,-29.573759790166577,-16.39152975129993,-33.79381242340867,-1.3226460886392943,-33.28001521335914,8
-18.892396327076746,-33.815735460745046,-13.697393167850532,-24.448479381880794,-11.465206800724502,-30.758216875959548,-15.239569934816473,-38.8157349735538,-23.883549692699077,-40.58894987423714,2
-14.540845692152576,-16.408518063079143,-18.207891906302258,-8.35844075932919,-21.63587773406713,-25.3020879892129,-15.140825863104812,-25.808998903882003,-18.035296171965186,-21.699682601060044,3
-13.961202274189644,-13.39862841428461,-13.033572089937856,-15.385822100368431,-15.059439591257636,-23.0782968836318,-8.704674192203212,-22.990066605354706,-4.494608541040456,-16.661469092271016,8
-11.848050990456658,-25.64276846610506,-7.136335856227223,-19.7726729492919,-11.543270664798614,-25.523876972584965,-10.182190492065038,-32.03404245239619,-20.86235203063037,-31.490822339217736,2
-24.46272980808021,-27.72797161088258,-26.15872048491803,-24.508016107482455,-27.04182833869674,-13.450256064932736,-24.577020450301706,-6.120266439871491,-23.007627763521562,-15.272706128060909,7
-24.65087138502995,-27.87010186099461,-25.873093564035383,-26.69876604320794,-29.630085039386927,-4.254439783145725,-23.938107862877278,-16.98488642933496,-15.973281045142986,-17.806613819431217,5
-29.617977415133176,-28.834156710374195,-30.15530842652654,-26.10087408490219,-33.26953067624794,-8.142581978588174,-31.578398526989872,-15.704334517467816,-20.226565584993377,-29.075842930808726,5
-12.151819602399453,-16.079829737757674,-10.19468498514337,-5.483404473314023,-5.575193077330826,-19.692546220197325,-9.496290245563547,-18.18287130679997,-11.20410003690559,-21.151180207759595,3
-13.291398260800863,-16.91753241322349,-5.60469209027667,-12.585099695665848,-6.150910559744505,-29.88386855948634,-12.419413249155003,-33.75033572914357,-13.405191926546454,-28.379849215897618,2
-23.523040377846396,-26.580947526932842,-27.822889206853066,-24.138882873394355,-26.791591408428545,-15.20153160745133,-25.463808883604056,-1.3459648808035642,-17.23949215207712,-19.192639066722446,7
-30.70369768607271,-40.65765644477221,-36.7429922676721,-30.745954127437834,-38.230484448078464,-15.031467063141333,-31.787586408027035,-16.772871157416727,-24.633898920881872,-26.232608618810964,5
-5.405159860510667,-13.796783794310086,-11.014370727928055,-8.695127137530998,-12.912832460833354,-17.959026986967377,-4.648266871050064,-23.647305359494453,-14.12377803413954,-18.6936501924372,0
-4.984308822615082,-10.472025782409414,-3.308947868385817,-6.387902573060207,-6.622694489653687,-17.12999267741563,-4.469457511705091,-15.35879129805159,-6.939180783442445,-17.00329353702257,2
-19.771284581683744,-22.472225219673653,-20.83289753290908,-20.101779604060898,-22.728503072540914,-11.657179436155483,-21.770067352827027,-4.815271878188941,-14.47166300367412,-10.19804040543576,7
-17.531076406469232,-17.140818924610965,-21.553587147685757,-12.29460218474913,-10.92858442095759,-25.31937883018496,-16.563371040651674,-27.117364505528027,-17.207299267955317,-23.697887354390907,1
-3.8802132345905718,-18.134167267255222,-8.63348711892854,-17.10771884204751,-17.521039069474753,-23.4206537754849,-6.740728152875636,-25.331894136444205,-9.43597505999172,-31.517241196736954,0
-21.183681295949437,-25.418503396254074,-24.816623422353587,-24.607450871834345,-23.61700974359404,-4.243054848305773,-19.81167200578479,-12.567512882448746,-17.86455715233159,-16.52710852574418,5
-14.837516315417334,-22.856530355687873,-10.088994418975055,-18.67355825046461,-7.488244056257655,-27.425713374831297,-7.229295376833688,-35.20631945287541,-16.99853824006156,-26.934214531467525,4
-10.751061563623196,-12.946281080955734,-6.960826946547939,-9.33565153623581,-5.505458532005209,-21.1506141898933,-10.96097682916217,-27.38094674829701,-10.360292602378596,-23.315651564614047,4
-24.289711716317825,-28.845656399257066,-26.124156462459744,-21.282002780953096,-27.3747804437945,-13.132477121931084,-23.51181615272105,-4.084602844053234,-18.92426317006976,-15.644659769673781,7
-5.244465172489572,-16.10404197929386,-11.428867428582313,-10.261781690667563,-15.150355696218675,-22.878505800521406,-7.720133258490342,-22.116038619273485,-14.256945883082613,-23.967299824362314,0
-52.184042981443184,-67.18027914616191,-47.74556332157721,-45.4042849191714,-49.85428084895909,-26.168989400637034,-46.61535487718161,-33.403350997842495,-33.09283540676927,-45.513957363500374,8
-17.823716054665773,-28.90214285886232,-21.490064960427592,-21.88694934342008,-26.88865506760713,-4.96914809622418,-19.772342700946623,-16.806698028463178,-13.834614889221537,-16.59600514478136,5
-8.019279762751216,-21.164418535615162,-13.863697547439562,-14.632354379588994,-17.83166174928592,-30.559226046430187,-12.38108086528151,-31.49710933027922,-16.84481829510435,-34.7158271137704,0
-9.966495793878966,-20.00108307135415,-13.079327011841992,-3.492814022234051,-14.45775406858691,-24.697029519148522,-12.072062825026306,-26.881209759229307,-15.084275173167807,-24.22185521781454,3
-18.578899320623368,-4.438202896091691,-25.439646487738955,-13.593395227699975,-18.474837544574317,-19.867915283280595,-21.625856628419797,-27.401461766557954,-18.910529540805765,-19.770275683583833,1
-29.08644399965416,-34.121190914393225,-31.908926645074803,-28.442004425877833,-30.600095154956286,-14.70092506783717,-27.248638534110242,-8.352207205745447,-24.43099457194775,-19.822712166950225,7
-20.49503159580406,-24.652613641710122,-20.259455920092577,-27.21779654216153,-23.445203984985906,-10.413609649993683,-19.76364448109991,-9.741781306683047,-17.231032649944172,-5.358348749296732,9
-13.802245773349222,-19.23828405849189,-9.12859548502655,-13.474328612116881,-5.075863073223052,-27.533838123057848,-11.766371599313505,-33.81387484989996,-14.169472773083253,-27.4266203573933,4
-22.54938514903708,-20.686063512765656,-21.68689789203751,-17.18863459688276,-16.49801513545347,-11.005818545568296,-17.134543987441823,-18.507479451477497,-20.031627562726047,-4.21271671578478,9
-11.022799790845736,-20.66190881015263,-9.9936433293524,-13.60804830247358,-7.470092209645641,-25.94545363169111,-6.0873017895455845,-32.92791571066382,-13.01733854532309,-26.964973314912143,6
-13.026035318951376,-22.204302559627905,-9.931395871549235,-19.864903599218394,-4.575987256853249,-25.551937889855832,-8.866619560997169,-31.298538450101756,-16.976910077046455,-25.00218178775138,4
-11.95723155698087,-18.96741067797362,-9.999497199451179,-9.4784537385501,-8.728801928831349,-24.527201339463925,-7.8840618850159405,-32.32618224604047,-11.076060167794594,-30.51575393419586,4
-14.861859117274674,-26.621443095451458,-22.429391732205474,-16.201458208338686,-23.46371027702426,-33.32224738595081,-13.966458212105133,-39.55883506670303,-22.841579902932946,-36.34227035290949,2
-19.557641084600196,-25.924753960791534,-12.68158741089979,-25.918582187795735,-6.721308102865924,-34.355415603145275,-14.229496846771113,-42.70568173365303,-19.894894306773203,-28.17477373803452,4
-11.591662083362824,-17.66072362884354,-17.793554788426526,-4.8155960538859786,-14.236108039916195,-25.648612566586586,-13.176993348663526,-24.805818945573353,-16.690700711737055,-22.595054204978574,3
-17.81384729785061,-18.34951087596132,-19.994250270217456,-6.140168217574118,-21.409404120616802,-23.292729087065513,-20.118466418044115,-29.156395821371287,-19.253757106022256,-22.69546577300542,3
-12.068665145445058,-16.387054629733136,-20.149973704502862,-7.6436069379084675,-18.218273745934425,-18.933652872311722,-13.453675431140725,-25.16837692940993,-13.259496501932933,-21.553132934771078,3
-11.954924092415775,-16.74983162882992,-5.719760190903894,-16.448604718027457,-7.467169970559719,-26.77574135918213,-9.321257049136058,-28.40603685137576,-17.823558915106375,-21.47567802513894,2
-13.214027763414327,-22.901096817753153,-7.580405375954932,-17.631921076934685,-14.29925996890045,-24.15397070920483,-11.153351151479596,-30.143250109515783,-21.96544349169282,-30.56075248827736,2
-15.190719793752764,-28.77735105146348,-13.216859368415282,-19.10850991205291,-14.555468715761686,-30.878209807315898,-9.410772032130444,-36.481618946850105,-19.46515133710884,-34.50372995563613,6
-15.35770645122632,-28.518902855582013,-24.30220748799698,-20.138731653390405,-23.33056402244003,-29.235631699746726,-16.888179094927526,-32.34120111698443,-23.205210014459574,-29.78387708927194,0
-8.469082925768896,-22.29951496679846,-16.464311559877185,-13.580393208990868,-17.295574865236116,-31.395532829926662,-11.561829650925878,-34.90693516202669,-17.9331224184474,-38.25772464314582,0
-9.220272174189756,-4.006918369954624,-15.63110396274518,-7.025033738302489,-8.66619157384633,-17.828131599146175,-11.048487220365248,-18.64210118094286,-12.979226586856925,-15.52514487221693,1
-15.641362367909702,-15.11744510521898,-17.08361422758356,-2.968000121784358,-14.900843315487862,-24.8511873865354,-18.89193823838009,-24.094991856685663,-17.2533342440611,-23.66790812154259,3
-15.582347608683271,-28.634886318059085,-12.83309375379621,-19.1132919858697,-7.377416097040132,-27.362448749936252,-7.929742294471933,-35.44881154227313,-18.86882787978242,-30.51111319516427,4
-14.409404211773252,-12.142911694352225,-15.28892038017972,-5.51174435894961,-11.298958890719481,-22.456653104600345,-12.866341284532789,-16.486249117670205,-15.525199491246159,-20.18131117672793,3
-15.243289840692647,-13.967772520391982,-18.488927426855888,-4.724113489005491,-18.164952574282715,-21.092544115061422,-17.390922547984374,-23.15099637711493,-18.95438561898277,-19.57969080079193,3
-15.441431160109701,-2.828214218385407,-22.301340210805158,-12.513486103259398,-14.894191862948102,-21.305326911244236,-17.447201246655496,-26.838128710245055,-17.20533926160989,-20.149746336292516,1
-16.038706586702293,-21.112842899095885,-21.202751771685868,-19.238690526348066,-19.04144812208782,-12.727111150950494,-15.594710283368416,-14.581410141351867,-14.670406753425427,-0.9939923783943451,9
-31.93070724226388,-33.94561206507542,-40.20268958107074,-27.498821248613783,-37.062017641936094,-38.13306071654129,-35.019228114455075,-46.113663765858725,-36.04314715784151,-39.43015347678251,3
-14.00359261120089,-17.48015345575867,-17.330653966050875,-4.6967771289791065,-17.51233682530014,-24.247953304327112,-18.06089002822646,-24.94640438086396,-20.09250240343289,-23.619127806988853,3
-10.714576494575295,-14.044685609846532,-16.536454737985974,-7.497266304672602,-15.991564462623444,-22.167101629845135,-15.246259380724243,-23.963014928479833,-15.660931575965288,-21.1427860305938,3
-17.502040507146408,-20.617600616678075,-22.703386212932344,-20.823747138689562,-19.88892084212456,-11.07775695026798,-16.791273999550707,-14.005822466042146,-15.94608727391381,-3.3297698175874437,9
-29.305125729008836,-32.75590277673948,-31.323795010040964,-32.210257510271994,-35.140382555913426,-7.002925888885988,-28.22855575610094,-20.54889578931682,-22.931139879283286,-19.585576499332735,5
-14.381200981837702,-24.77412387071383,-8.892747863427132,-13.5335331704677,-7.552056815951414,-24.67932596111403,-6.383572333695347,-30.707274547384575,-16.61307118004516,-25.863832943928017,6
-21.592314216959767,-29.326433627160608,-27.671648566394655,-22.570783995116187,-26.20305895616315,-12.431986481540736,-24.815414273891466,-5.011059999794444,-17.84970277544184,-19.606292948053337,7
-26.66047212366888,-31.00719618748508,-27.547898640323396,-20.61592579979417,-26.2593649410499,-14.06561364164895,-23.39656502092543,-4.746763050100769,-17.88666106329281,-17.084927229796804,7
-28.423997002806814,-28.76488406663962,-35.43634542672604,-23.221698031356844,-32.48070708960869,-27.294953325719444,-29.543894248492453,-31.01823133192507,-28.636809876267886,-30.371922129261552,3
-16.914560578003176,-31.287740219913974,-10.236183732875883,-14.708182058509129,-16.03286786228115,-32.275678805207825,-10.143219932644087,-40.537556127222594,-19.658583714455702,-34.527518931165005,2
-11.3786672407182,-18.121019914800133,-6.907048424844772,-13.273273569532256,-3.9745327035948828,-16.889108775075012,-7.2278362589404255,-23.455618169144365,-11.691709900724584,-20.266459025950713,4
-20.54117039843498,-53.74694703271591,-23.980252057619218,-38.762005208807516,-45.73482039653326,-46.60786729155236,-33.330174113443924,-59.63861397966807,-34.46480377475361,-68.9763641558836,0
-21.123821774372402,-25.409386492605137,-20.64514385092789,-21.435951991521016,-22.43188786232082,-31.747151001362507,-17.194535273524465,-38.79308924478492,-15.69870231876238,-29.052121161208444,8
-17.463298344127487,-18.806046533517183,-19.85342051190577,-16.870667093106306,-19.189376691642266,-10.831036604735596,-17.756769816631742,-3.1092371126510536,-14.459671170505281,-11.667642304899745,7
-11.45250021951119,-23.88884723029035,-4.0032088190882655,-16.167419988191753,-12.058385754138222,-26.011237068956227,-7.545001806038887,-30.590601175510717,-19.977299471017076,-27.794328339634934,2
-8.84580791420012,-15.271007157226972,-4.415821430615406,-9.14169860358229,-6.266014060249223,-25.065831155767064,-7.418496701810326,-29.17863586900771,-13.6691710289044,-24.37104161124522,2
-23.975970925969477,-26.77713785640387,-23.56448648165519,-20.987832279624392,-26.892115753029106,-24.615057454035064,-24.53032106761204,-31.73564074623958,-9.919221334511892,-35.46355037370969,8
-19.946958194384987,-24.939054202353464,-22.773756918358522,-24.763336907632976,-20.80975276246829,-11.473996160642718,-19.45899615326335,-11.278500615733064,-15.908670779890457,-1.9248867838335242,9
-3.3392607470157474,-13.665341241764613,-7.433995902532326,-8.143019656632886,-13.047275521962199,-17.80128991657094,-4.936368076028119,-20.60476927266114,-12.24347753027688,-20.960777183680506,0
-14.787190887016237,-22.509593693798998,-8.271711845513824,-13.931394322068444,-8.480174966719463,-20.064033810521853,-7.333163789531087,-22.358881823933004,-15.604717156966514,-20.746821907209213,2
-14.653287705233309,-21.953677774040003,-9.87153963646238,-18.64327440434546,-7.3441741832151175,-24.868328012024485,-12.537847424528508,-30.727271713045123,-14.188476025507391,-27.42846950427387,4
-15.914319924834226,-19.11436757873975,-12.809766456786361,-17.914721867963795,-12.288464681975196,-40.966370929072134,-12.018030382553805,-35.739851970349264,-12.161777984622876,-28.239710466126233,4
-17.529163654832658,-27.446271328546427,-21.137600392723407,-22.7680105360325,-21.57781818221704,-9.392371896343073,-18.76392592384905,-17.18912073527274,-15.87012151500665,-16.70976680601301,5
-22.18383759149151,-23.85541841658853,-26.457196723200997,-23.965353109483196,-26.841317956828853,-11.170353503073107,-23.027887547781233,-5.219407678330093,-16.499252110357833,-17.166260577544104,7
-21.752459863447314,-22.438836450967035,-21.077753221737556,-26.068094817486816,-20.236406352930892,-12.326894233868577,-19.02547805171776,-14.131313229313525,-16.484927661562107,-1.9467437858803032,9
-14.13677777238375,-16.32135879265248,-15.983155760100926,-17.70003854522183,-16.049994997253737,-9.151653817370859,-13.4820735849304,-4.357681572610343,-10.670341970346115,-5.300787437005811,9
-18.477301470145015,-3.1496079630999696,-25.846725096968918,-13.188160986882192,-15.19639523370531,-21.09222917784282,-20.633910622284162,-26.662208011993755,-19.95707963332981,-20.142263416376938,1
-13.416994390970379,-10.448055842527031,-19.45482700217088,-5.854532742281353,-17.317937018821297,-17.699484847306532,-15.665334537330502,-20.836392313375242,-13.63598389254555,-14.86460185225136,3
-20.82961586430239,-26.827057359403618,-20.6869614081386,-23.185803316441927,-21.694195953135065,-12.978957342205685,-20.329551785711995,-9.005145186188646,-15.883015627286259,-6.85021343692367,9
-17.594945426396766,-3.9534438673569166,-23.797361042319206,-13.840778937873997,-16.707357386089907,-20.73181834769139,-20.09594613175351,-26.172926634167418,-19.237778190025153,-19.66293480303778,1
-30.31541894901392,-40.843146065590304,-36.359906968169106,-33.351500910104235,-33.183641098915864,-14.642317462825636,-32.58556877663352,-15.179169988155119,-23.045418050437046,-36.58805778182362,5
-22.24248953454227,-27.957769555118546,-22.15139174804866,-29.603966894455358,-29.24610282162776,-5.4885087873815985,-24.42196542506508,-13.35598539671812,-15.2645062671283,-16.822680130688973,5
-9.50493921130984,-16.13537381998154,-6.8247495558469815,-12.309786198164764,-6.042598080640702,-19.500196794985687,-3.23577144585434,-26.380208566876092,-11.795594395845416,-20.392437927295187,6
-5.319648782402234,-23.07477372666254,-16.448489843924353,-16.225979478392723,-15.184386379540566,-29.872159966346484,-6.480900096129671,-31.014476473170458,-15.931986541746587,-28.128149875790374,0
-29.376421535809648,-34.28027779714773,-32.02739863444887,-21.350855861031313,-30.878339875050244,-14.36719284556244,-26.564374006467343,-5.6412448084416065,-24.02014829197626,-19.670200952724652,7
-12.078755431748279,-16.678272408078165,-9.91951431189004,-9.393842521467443,-5.230970875746802,-26.306293307503438,-10.974882932375422,-30.387206349525314,-10.79695865272107,-29.31170199936625,4
-18.310552332978887,-22.561799259216894,-21.59378220994672,-20.8983799500775,-20.249151586563652,-11.309404323207739,-18.09206155913521,-6.1543633448996475,-14.87113726473616,-3.8057397574497753,9
-21.01082605745608,-4.861007674770189,-27.914939100251843,-16.668813884738373,-18.862340951463697,-23.74969386412721,-22.748084915096616,-28.434214777427865,-21.47356919141037,-24.31423335110251,1
-15.061758762831984,-25.641309195213385,-13.895070343881324,-14.893324355091762,-12.545372620115531,-25.535051146904372,-8.098110904277805,-27.31661278164725,-17.019251791801548,-25.999135636145184,6
-4.447304900678028,-13.349521112294497,-6.278657803990302,-10.666148984010205,-13.83847873204605,-18.917906795302546,-5.882725145120804,-17.154108864876562,-9.49364760561804,-20.91138657767002,0
-2.757026543639414,-16.514913963231006,-13.266014650171751,-15.708397076397265,-18.527176195677935,-23.610765610991255,-6.844105506184825,-26.730238877475784,-14.518440298377115,-28.275350982639292,0
-20.20968130153832,-26.34256997739829,-19.04785477260151,-17.634395018795583,-19.833623816858108,-32.47377748161433,-14.615586412751016,-37.550430592883835,-18.78972566872984,-37.70539680286849,0
-8.44919825935954,-14.066680370030111,-8.337711847097838,-6.264560467806535,-2.9312619793296566,-17.412114147031378,-4.855974670491474,-17.64870191069907,-10.858172255311773,-17.9376913450719,4
-9.156703810057882,-25.28649163167065,-11.834963792346276,-20.63466220940259,-16.977992353468192,-30.126355312508643,-9.076796284672719,-41.10799778329683,-14.526939892969581,-34.95346241957753,0
-19.198534116878783,-23.71914208644868,-23.939607112100756,-21.86623906543858,-22.754153448310156,-13.74192082682128,-18.28655917791934,-11.700947080429119,-13.728427797282235,-3.193880974055233,9
-5.778219997983833,-20.962722220546784,-16.391294960529198,-15.283434430468409,-14.277277883527747,-37.20516602602063,-9.204157795242304,-40.20881902909527,-14.924057477305961,-37.30373579290064,0
-13.54914573845626,-12.445007938376891,-11.153966451571783,-10.97363002636139,-6.005279570671226,-21.894245287546504,-9.943653469019765,-31.389141125464615,-11.270390960489674,-21.556211113339646,4
-21.32204689523881,-30.02628747689275,-17.99080433272192,-19.661609411640836,-14.06054589361584,-32.99138256496873,-19.09429344371202,-46.5462027464447,-24.352563386679407,-42.17893000059415,2
-18.66015446017849,-24.401765650154683,-21.878930029634937,-27.5468700847898,-25.625570982413798,-2.8769988859566538,-21.084034632456984,-14.47703244021033,-12.801075977717437,-14.361234731542506,5
-23.903403737035678,-29.78232026600381,-27.06264308631751,-28.523889277163253,-26.44843971931178,-3.452276762394991,-25.076325637058375,-16.81941075184241,-20.44680065176483,-20.608348183219316,5
-27.376533297690912,-42.964311237868266,-29.25865136009135,-26.710651276274643,-25.332638287127747,-31.79264948551014,-27.102971049724175,-42.05537187949574,-14.361643562563193,-47.05651461071448,8
-8.387742202099489,-21.23789732590091,-17.972048813099303,-13.568385871071342,-13.40307591149545,-32.1103901008753,-7.196317706496263,-33.862726657605954,-16.037643585091235,-29.313772435337114,6
-15.534954467199855,-19.305435567156156,-6.869638101888952,-19.162666328511264,-8.937589046372858,-28.577313391627847,-15.471351915023133,-34.80862720624789,-19.661772053247187,-25.882773887799193,2
-18.026767990516067,-7.965366170545643,-23.74930608380679,-15.637293472244346,-18.001486432914437,-26.53023925324367,-21.86083563695738,-28.557606825352305,-21.182274370893882,-25.614569650791527,1
-19.135049174565935,-22.302998380103183,-22.059109680667415,-25.05886792341422,-20.116118287866357,-14.599090765010542,-18.45175430981448,-11.075497160743419,-16.729901437363615,-2.437257284063394,9
-11.228641429918683,-12.592264888964863,-10.534239273667712,-7.022027856865392,-5.218954981677957,-19.805232911044566,-8.692117349794401,-20.53911566558689,-9.771564020959854,-21.06621746208022,0
-7.844769671233872,-13.373138161104658,-4.8758513185998975,-10.179154932870054,-5.47941609669615,-18.496193052476098,-8.425350310943205,-20.45818697638101,-10.282800998983985,-19.36731087898758,4
-24.63853737108014,-27.723287960274547,-24.221789165372705,-19.13196990106014,-21.718920768585825,-10.83190870311266,-23.281032172293447,-4.791423757801805,-16.22319824639832,-17.54002742142203,7
-16.46117506994295,-3.6978958263621333,-19.137169184459548,-20.09945662987849,-16.010197312130757,-24.643590941529773,-22.06589697220472,-26.773798491026827,-18.792837523326128,-26.309278887820867,1
-22.714993401060458,-26.16840538382928,-21.266743062718604,-22.897264331508442,-17.52764291531648,-10.531095009636454,-18.766404153281385,-13.015729732704063,-15.78303308688488,-8.795846322684957,9
-31.76312257883308,-43.208554790867026,-38.847879196635404,-37.618177863708446,-41.28692503087759,-5.351463034891206,-33.194495712627734,-31.458056218710087,-24.642124016633254,-21.829895139618444,5
-20.263627771620477,-26.683934318509518,-25.333740286251683,-27.10960714826669,-25.32174503161207,-17.9697510915491,-22.8198203996526,-14.457062991610362,-15.994269729064191,-3.6126570038800376,9
-9.175225743945367,-19.137063736949077,-15.37641605694879,-23.055436711091406,-16.82605916539089,-19.32694602249784,-10.785242065258933,-23.226911068150958,-10.410304991008173,-28.006515563628252,0
-9.591679200537525,-17.399104622442866,-4.403483650299679,-12.348789119600495,-9.088628361337262,-22.886251679356334,-8.032332428742189,-20.601225451231738,-17.066499148504306,-20.15948896261052,2
-24.419112929904667,-30.591073026219764,-22.242404904006538,-20.479169813926585,-24.707880151624664,-26.527889237733163,-21.77577496359926,-29.963741565619085,-7.646386644692189,-28.010578897087825,8
-26.663194766721926,-32.79829083880843,-32.634306411994785,-27.990708108601766,-32.56364304994343,-5.379035998763112,-27.413883625585633,-17.565809751962355,-21.292113180702398,-23.361374142758773,5
-22.997267090699857,-25.438741295753555,-22.334355737375418,-23.413209195947257,-21.649346039245454,-12.775274339860642,-20.695025286344045,-5.792969828695097,-18.21504925619402,-8.99078331823706,7
-20.51993519839335,-23.712370864338354,-18.148834371196344,-20.98072601218515,-19.766888110721652,-14.614917927465685,-17.663925845220355,-5.889353240940318,-14.773539233217681,-8.20702588704793,7
-21.57037143340903,-25.26763489138248,-26.96178120226434,-14.076467326870251,-24.165108207340808,-27.504800024207672,-19.396990826254072,-32.21490306407981,-22.767066041824773,-33.87716290632652,3
-11.648154229245476,-18.842936420627847,-7.364464989423521,-13.991987058796042,-12.4544751315812,-24.184923705560813,-8.137992270224494,-31.63549833832921,-16.008804082088165,-22.2611246317344,2
-14.60219204375939,-24.621489568561266,-11.253109693818308,-22.77704159611593,-6.368813356083654,-24.294145988696496,-10.299724317030519,-31.284537031960404,-17.649046567545387,-26.804889009588393,4
-28.567744647581456,-33.988030309925605,-26.254626799611028,-30.102956606662467,-35.596696090233735,-4.773521265911143,-26.849326133103794,-12.784711247615435,-17.4987687662411,-24.89012175462904,5
-19.227882418239307,-25.805457815430277,-20.71259980736963,-22.93094236861798,-21.810774737182776,-16.309474350665685,-18.62887729098629,-5.579429417666921,-17.32394232211277,-7.013730397821458,7
-20.41394520073255,-27.018939986042113,-24.824677799031637,-31.903864560684923,-26.665907665142758,-22.54066456265212,-16.88567012190724,-27.19944385344901,-8.108798912912217,-37.23370923900415,8
-17.287881241355084,-4.326644171323193,-24.411534316635763,-12.910681967937187,-15.77167151391231,-20.329495165321013,-19.395497526630283,-23.33961571484515,-17.653693703103805,-20.262024916522726,1
-25.343095908047122,-29.359229883530272,-25.67242643682957,-23.442934737342505,-24.31289798205343,-12.086322189136867,-22.293459450549918,-9.633154591288415,-17.742048598601016,-5.027205631750871,9
-23.59779871164618,-29.887134920764332,-26.76969767534099,-22.68166367972161,-26.529723351461485,-8.332159550237312,-27.908383800682827,-10.250734137576508,-17.371181185562953,-30.910140114653178,5
-9.790307800108835,-13.36854193514532,-14.879623951404232,-11.90960514949761,-13.309263842488155,-14.613604566992684,-9.09072696648142,-20.237878082222164,-14.497472613742495,-27.899943531565793,6
-20.45183286547973,-42.79563935976857,-17.08051029001652,-29.675096351968765,-22.554684644532045,-42.237359837553214,-18.522741214497703,-55.641744574418794,-35.56680809038053,-48.334382716973906,2
-16.33586522737475,-16.87558088962458,-16.9334935079794,-15.24336358417733,-16.638282846926394,-12.786905905995456,-14.79143604274207,-10.033911818678733,-11.641628047248863,-0.9469845135447907,9
-18.87269952461065,-19.597655539365835,-23.11875215576296,-18.34631159813831,-22.567354704933187,-9.947478630744367,-22.00331042457768,-4.727253693518141,-13.658814894314062,-17.12296091127169,7
-17.271141729170182,-25.823637613822143,-12.313734316686652,-15.541884844585306,-10.07527747868743,-33.51527289185261,-17.023772437420973,-37.789558122086376,-21.67242531787627,-36.77145921142014,4
-2.665278551700842,-16.73784070191175,-10.640516231229839,-16.519625229713654,-17.55880735712744,-23.033826014648,-7.29927767435418,-25.089359917965716,-13.887731081120997,-28.0026142900494,0
-22.511921248951484,-28.94780741597164,-22.865642996659496,-28.566397581209372,-20.69232722032051,-13.960196733225567,-20.082300488130986,-20.523822288267056,-20.61902670075119,-1.7823128333970026,9
-11.747797271195218,-13.70494644538377,-9.911577727639875,-13.716077026567701,-13.230095765764592,-22.61658986610463,-10.065581269933627,-27.368019925923427,-10.202182642888296,-21.095124526497916,2
-12.169195521867305,-3.8051644674121126,-17.656630833796207,-10.061093638806003,-11.512122327062848,-18.379156692557082,-14.716344323992848,-20.6023922245178,-15.91566665050353,-15.417153426935403,1
-24.21121942381005,-36.63248959918549,-30.118655981701423,-37.2886871345024,-33.49755189468811,-7.205571203853116,-26.88975110527557,-16.73151453769828,-22.996138815811346,-23.222399160837256,5
-26.50068915789903,-35.251265524365195,-31.946153262316233,-30.140472100218112,-34.01104010895966,-17.87695065085852,-26.690212991213425,-6.45058437960171,-24.244770452411778,-22.540014970923046,7
-18.27773202767048,-23.31477917623277,-20.651837903256077,-22.31445825768026,-21.00470416060847,-12.484374431241749,-18.930953856640823,-5.430551587507667,-15.790606644728122,-5.703398891628016,7
-3.307970806997277,-20.70112430629849,-14.901321782293328,-12.347595731282183,-19.789399426802046,-28.902345047433812,-8.646698074510905,-30.02188612996578,-16.347297624342897,-34.07416749087239,0
-11.09855047824446,-20.477149180588928,-5.958191070121357,-14.7315738304035,-8.57305098402757,-21.23984866575965,-9.212739927300644,-24.021531323324027,-15.68122376081484,-22.890983524911086,2
-16.14935977673835,-21.10870654515277,-17.055082866839218,-8.888245225052863,-6.941132393468432,-28.36643605830863,-12.076968115349434,-25.57830501753641,-15.25688333478989,-25.770150715937188,4
-25.843681718937127,-31.17409777152201,-27.322000876046133,-27.96993410874243,-32.74468665188975,-6.265861890949019,-26.48255760499701,-21.58472629337159,-19.29545738419107,-19.809532389779182,5
-27.73306188864852,-28.57383339894524,-36.43315312920018,-22.35640300490126,-32.76535450008842,-37.94483947829792,-29.720011368818117,-47.0806914774586,-30.626459306290336,-42.90702401943586,3
-9.28613090555581,-11.691548118628454,-12.808394150684922,-3.120859468139459,-11.252623699133704,-19.29373433015683,-11.178604989674001,-17.298742787866505,-12.605333893236956,-18.314336205928857,3
-9.794194581318635,-14.459368557949912,-12.156357972037041,-18.552740009168197,-13.95519958056666,-16.407898956320942,-9.796458690588256,-14.106318315187806,-3.0165702965129713,-15.890635285412438,8
-16.62200832557985,-5.632847760801939,-22.834407869515402,-14.492417470124998,-13.625927942919377,-25.978029466724276,-17.788114739962474,-30.52763071652553,-20.38059306233923,-23.456024460665216,1
-34.67004683671417,-43.61937123789615,-43.042657324004125,-37.70462268853021,-36.79429645500058,-41.90764298539602,-30.63303469357064,-52.69748553075536,-41.32236721326848,-38.54542063948271,6
-13.611474152917513,-17.45723945708294,-6.2718278889189465,-14.682125999815776,-6.3068026238546855,-25.162479363473796,-9.656843094553244,-31.867156093908637,-13.823611657385353,-23.085421703274708,2
-16.25900182272966,-23.23243464234483,-10.403332116453331,-23.050477096312793,-7.360033663210954,-26.394060987454488,-10.855174540745583,-34.99683515797251,-16.787929779257976,-27.39939731036841,4
-23.172165916918978,-28.044370535789593,-22.74496766910124,-18.244490674708604,-25.331831638119844,-23.078689581061305,-22.332816795539443,-30.197684413960662,-2.7263077270928853,-33.803613486904844,8
-14.580419743516826,-22.033377569365328,-12.15825743754004,-11.06914998932549,-7.407119036604139,-28.510344683442373,-9.82733696487966,-33.50735590918736,-15.55130096142286,-28.723089898479095,6
-25.906703661553134,-22.49488233987373,-31.113487266978588,-23.57024958739707,-19.120740769760946,-13.513843136155387,-19.789176572555895,-25.286376964974842,-21.440205315134374,-10.1639765410543,9
-20.450883247447376,-29.94881502575514,-21.83783974158298,-30.0259161314712,-30.560554764097823,-22.602670743730435,-13.367595247724372,-24.930941221962705,-3.4708109755183933,-25.100888769801294,8
-18.263830111295793,-20.030556302972435,-21.803563998023503,-9.491406840720193,-20.237232668716345,-25.1234405706632,-18.92571503869498,-29.88889050431159,-20.512763039394365,-24.384934672805294,3
-13.370693958130921,-12.060132822429017,-21.86834475093258,-8.915787390437991,-18.33016229502373,-13.398012319652715,-12.387942955627121,-25.546151975378418,-9.429850904996586,-17.245159345026885,3
-10.289459148022146,-21.69665505776649,-7.7742159684373995,-13.201363500508851,-11.334550493689386,-27.08032028110045,-7.626340118023516,-32.44037808469558,-17.479004327537123,-28.840377708839515,2
-16.891236723758777,-25.155385543337296,-11.386165156354926,-24.031913462428935,-7.468908853136885,-27.977392719613174,-10.595312722271075,-38.24034533302391,-19.178871414333834,-29.626597425954145,4
-18.359006874591557,-27.495999549238558,-10.22742460045765,-23.229224798707115,-8.827875868141113,-37.49057483520181,-11.807633684784191,-46.11161332739497,-21.314028186499513,-33.34244854380896,2
-9.804081428345707,-13.411846321216478,-4.213627456707941,-9.946910971642103,-4.497323804558705,-23.88830814961836,-10.646309780144245,-28.266924483016222,-10.471128366797275,-22.92946723688285,2
-19.203676792338385,-21.476721836708588,-19.48898311276352,-23.75442419876222,-19.389925538968676,-12.459013614953268,-17.174233686836114,-9.683207548666974,-15.708923034316598,-1.8543903898085055,9
-17.7097325438404,-22.999956110388123,-23.7582035951871,-6.501488418847749,-22.29522702572727,-26.38830153685668,-20.758362182586822,-28.82952420615901,-17.824243924010784,-21.197104370297975,3
-21.05409853045725,-27.91161752692115,-23.440349039459168,-27.420344334662158,-24.657690895084112,-14.273721753723605,-21.55815515671352,-11.1268496910113,-16.869152063599206,-4.843838539778859,9
-16.12829641780458,-19.560696154306534,-8.947323949744069,-22.93092138131703,-11.97955502132857,-22.782582327378034,-11.829506404465288,-36.68739333366606,-19.205324622534707,-27.830372870016706,2
-12.54774495488251,-19.64507758005458,-15.328785725091416,-22.70300621784746,-18.8968690465839,-23.717199299339356,-10.730074545812911,-22.926681688997423,-4.675412739950973,-22.947661991471776,8
-8.186288592940084,-12.726497314306423,-7.30968193307563,-7.201562214257541,-7.595716197260904,-18.653112351878683,-4.5874383640335905,-22.921628942565327,-6.760832712316141,-21.039078530313205,6
-18.644217178844098,-23.72318747108216,-18.18692337154211,-21.438114548312964,-19.000257583804526,-23.55710142251351,-15.965010883473084,-25.774184615783277,-9.121650050889771,-22.685248202576453,8
-19.449839455856466,-31.68245142605784,-22.68748655029839,-24.025448343984717,-23.33622565463741,-27.114769386670385,-22.344747010997747,-39.94303697002034,-12.221241092026345,-39.18438431536835,8
-12.067672481724975,-23.550400594274148,-8.062201845711636,-16.02983750738402,-13.151414554626438,-26.103003916098302,-8.632041030263927,-37.28342073165468,-18.725943723907896,-29.708662542295627,2
-28.797138382826883,-35.42649318605917,-32.95017054179165,-31.71642064307018,-35.71911290820941,-13.471092495454888,-28.709495812464798,-6.727584928104323,-22.44229016474879,-26.965588665323907,7
-8.469408207972435,-12.881502511698598,-3.0286857620307184,-11.294321912816043,-6.423501619868987,-15.879160737275562,-6.4009189860169835,-20.653595655211614,-11.744000771513056,-18.938140798610252,2
-15.019994299956448,-24.536720544314733,-20.049480764251587,-19.71706719830165,-22.053750452610263,-6.484170963070856,-19.05915400844536,-15.103382697594006,-12.648517801888753,-20.86160673276097,5
-25.47795480639114,-31.190235115711587,-26.661735517225537,-30.979881074370162,-33.95353580967057,-5.464316662252126,-25.404039919983692,-21.770015271203132,-18.71914330387351,-17.461422351991683,5
-23.002945083386038,-27.791949343643793,-25.988045425887094,-23.760037685170833,-18.18415509762931,-14.398836037303758,-20.588266078898165,-16.6392952739974,-18.31175246684144,-4.00686779529187,9
-21.131975274309834,-24.761745167044268,-24.79797249348995,-22.11468322517544,-22.56281793773487,-7.195838127068994,-23.669657325551267,-7.985345308341704,-13.171250396017642,-18.055820109230783,5
-27.966374480061383,-37.41011823611804,-28.71336566370647,-29.79412230043331,-30.35952794182907,-21.53924440321648,-30.974726279906577,-23.65520288239093,-15.213299910907839,-31.950901985675333,8
-10.361825701217924,-16.0144307610144,-6.989904355404263,-13.659315315113815,-6.129682708451032,-24.69661531042509,-6.3521041527476445,-24.78524771431776,-13.381372335204885,-23.218303908175553,2
-27.043519585353934,-31.48634574548013,-17.847404393071994,-23.364770633179905,-13.31390567093377,-40.49911277167042,-15.795923103608912,-49.803650613185006,-21.11740622902124,-32.235391260205986,4
-17.92085719685755,-27.68462829218906,-21.548393597137498,-28.05119112501984,-20.274555080893244,-18.251330183997336,-18.497110328293967,-18.873060769676634,-11.106607968235549,-24.638594919959083,8
-9.757353285395611,-15.727957509255162,-8.742823648629614,-3.9258684635835803,-5.815358865193642,-22.846884387989256,-8.349894508161674,-24.798502440017785,-11.44352844517101,-25.349471446312915,4
-21.137162293564792,-28.52776853036927,-21.337561772173032,-25.551714476556814,-24.573102401826546,-22.027469519382358,-16.573473159985003,-21.309801483788362,-6.936764885733037,-27.49505260110959,8
-18.759432347139853,-27.88726822195779,-16.670128147958994,-5.810900385343853,-13.050721029783121,-32.60100539404118,-17.233123429406042,-37.13799300251345,-22.009709189619773,-34.039659449137005,3
-19.6161486508831,-1.614092616036543,-26.785209349293343,-14.2362754198993,-14.988437845944421,-22.408418059878784,-21.79071118764853,-28.778534260020876,-19.99433705627903,-21.434616772347226,1
-17.24269521952588,-25.277581538616765,-9.962429763372905,-23.620929916644812,-11.684272156860269,-31.650965795712388,-12.526725518472356,-40.26771595717116,-20.404118721413504,-31.045276745178676,2
-12.027326143289873,-19.01766179121824,-6.372270110003519,-18.19318112959965,-8.885082537578048,-24.417035251432505,-10.37704438991182,-33.4996286078346,-16.890294043559653,-28.299952450288206,2
-15.387038619081613,-20.799694512471227,-7.854382533241053,-18.19341916966342,-7.591054545293721,-34.973591124941095,-13.01353802385527,-40.231019450150846,-20.164683505817973,-30.610277271928215,2
-12.233948005475192,-3.713530836722186,-19.110255740685034,-9.832401136634974,-11.830571232106598,-17.82765091574122,-13.779529598435465,-21.070516362131674,-14.901858102405768,-16.485143349020696,1
-11.75099957123879,-9.974605741632185,-12.888595846836782,-20.015197882722642,-13.77270038629213,-14.780039244100134,-11.373090292220528,-14.666207261876691,-6.223386843623908,-13.591924575095277,8
-14.791574189944441,-6.418891098982197,-21.73004775398412,-11.513671557277217,-14.796579861186888,-19.216299533765966,-16.23607392832717,-26.40268334218848,-15.282332446878355,-19.900094867235165,1
-14.351179942566073,-13.28838939109316,-16.58756669099458,-4.594367675988823,-14.241136676747427,-19.567002172815794,-15.660778993360246,-22.453855655187816,-15.19152948884819,-20.533602885541253,3
-9.245031096485059,-20.59226190024109,-15.641087675666286,-8.524333385523178,-20.167238856877898,-28.077357985630098,-11.051488303163413,-29.234500286436877,-16.771582685668818,-30.01497135335476,3
-11.85937782219242,-23.86811042624299,-14.254509541146392,-8.597991766620217,-9.479595736200064,-25.39398115989342,-13.53998558879965,-29.470715430185262,-16.204112545137015,-34.95674968339276,4
-17.795264906878053,-3.816738098502571,-23.82275014211198,-16.62741239445317,-15.298799447372252,-22.84574038753607,-20.559101615386187,-28.421160725969333,-19.312948891935626,-25.879922187391905,1
-22.003182004773564,-24.267870203391332,-26.492292506872932,-23.03925259159724,-28.33129021671421,-11.245723236316973,-23.865093751046782,-5.692647990617025,-16.065070603578377,-19.17003078082874,7
-9.093121228634438,-19.157236176203128,-15.680550820663502,-22.409063470522835,-16.735661000298656,-25.766495533515872,-8.918266771729218,-32.87692566663573,-10.291593738292136,-34.327912384812,0
-21.91163038780741,-30.593144968194828,-24.271331495755778,-23.38755967944954,-23.812644929660742,-8.650122540505413,-22.327661532591776,-16.27370743372494,-15.32456401806462,-18.995146513035817,5
-9.611866712513551,-20.09076493106161,-6.241323729031412,-18.3995524497686,-9.838519136423855,-23.977639536978266,-12.141343435176168,-27.46241556278496,-19.54942799391985,-28.292924130848682,2
-3.7926797919688893,-18.337493654880124,-10.081991137912748,-14.566643415894928,-16.984380254085675,-29.940096603992146,-8.03744057997918,-29.571130846944353,-15.202231906374964,-28.793730300262435,0
-20.072704759340997,-24.368026450143734,-18.49036083454266,-23.92885338138361,-19.85393131260302,-14.7900577710573,-18.52399014621182,-5.894959809165132,-16.127946009372856,-5.141092337616653,7
-21.816150809414662,-38.54928699239512,-23.883398221383214,-20.53965290406722,-23.910949201264724,-43.05212057546388,-17.017340598994082,-50.24962844640128,-27.346446060178494,-43.477880349264744,6
-22.673831973238077,-29.842739595614056,-17.633136678884032,-22.39721810611789,-21.25921310898866,-33.17827969228231,-18.66976148451568,-38.40820145214749,-21.590069807407236,-38.57547245132734,6
-19.352681276508022,-20.64272985992159,-22.858163325332754,-21.144688383311326,-21.705135065685422,-9.565062821177465,-19.42133063154015,-4.052827211344352,-12.563593227165445,-14.719536163380058,7
-13.042154212235216,-16.89409007325952,-12.013263307372942,-11.199671609832626,-3.728489090887514,-24.538887090367325,-11.799439096198812,-30.155018117534713,-12.95674756564352,-25.329291377106262,4
-21.637026324760136,-25.170107134722777,-24.877517491216253,-20.048111775676013,-22.11929516200211,-11.429308207151177,-22.043622702922228,-6.089981267771886,-16.779081442386083,-15.877121625648227,7
-21.69811746825205,-22.474222875340914,-25.45702052680317,-21.015397715708243,-24.719490221111855,-11.915808409140947,-23.191099627098723,-2.4254997999806176,-14.297655848556209,-19.01201628238797,7
-17.33961605122263,-7.456032773876271,-21.99919006903589,-14.50371333139268,-18.805518763705383,-23.82764285677765,-21.396471952879242,-28.745635289433654,-19.401590239793453,-22.824735530577453,1
-8.652259974586826,-13.29489264230449,-15.639627583681575,-11.902016487322587,-10.419390269055576,-24.863058347925037,-7.70675965641035,-24.905926482601338,-16.818554802225602,-21.484842892917687,6
-13.258646977189498,-24.554585745851508,-11.070943528838768,-16.95184868305788,-7.605087237320615,-26.999352506541957,-4.804402568681124,-36.525676363898974,-17.069768672478837,-27.113376712267854,6
-5.470644711605932,-11.478637228547933,-11.93862716947373,-5.522944922610546,-10.54335464128219,-19.536476008179836,-5.817937764250505,-18.235754768569702,-10.339643241236425,-17.908279144180582,6
-18.283657953668126,-19.752472176434487,-20.42547170901381,-16.386395084189687,-19.096353686996103,-9.391287804082124,-18.48272036948186,-5.3992459862343605,-14.563554752937623,-7.42433935333862,7
-17.563285054250162,-24.33096656915481,-22.071379802469245,-29.369498806967627,-23.75693359414815,-28.24238654191757,-16.06858082712138,-29.042158668436524,-5.974936107479069,-39.56122610683815,8
-21.883951957681127,-26.14392486332873,-22.443211151530843,-23.800266339208505,-21.476695467605463,-14.268784586806671,-19.907073020881388,-7.343765797639805,-17.141758829741708,-8.68534774985205,7
-1.388735510613468,-14.972717047720913,-10.922924043724757,-11.13082031747864,-14.240248913228893,-22.501377800917723,-6.092578852744809,-24.66582926199586,-13.295726079083755,-23.5765940280804,0
-17.314744932164864,-17.88528559429895,-17.680212641955887,-22.29615540182856,-17.957600941933077,-9.39679814663754,-17.66487190213816,-13.134502852820232,-14.16034210423275,-2.2057035927512634,9
-16.304572128445013,-30.041958234154208,-7.970205870884587,-20.057628877905223,-12.66207763490063,-32.85693641910077,-13.50250589890612,-42.04384467944722,-26.272608121859534,-32.53494414630863,2
-9.033650983820062,-13.360335438341348,-13.727012905985246,-11.792927644868541,-12.228215993671983,-19.089449597544714,-13.161990539600252,-25.369784900486085,-15.531643918384182,-23.470098793410862,0
-14.994058643599677,-25.892710686536883,-8.16915061438261,-16.75641840220398,-13.720283667893225,-27.303219176679562,-10.506800456851733,-38.14515295324444,-19.502605136583732,-29.456245267238838,2
-17.937014690341748,-27.060068963272332,-23.32658876181611,-26.64739385637034,-24.5701055422376,-4.42940294038266,-20.94393962859168,-11.660205226285882,-16.53184010785234,-15.978974103323345,5
-7.280956564433235,-16.389914591850395,-12.861035275905381,-6.717595191875247,-13.395612006428856,-25.47784333145087,-9.221856550062602,-22.921247561819655,-14.762602359593156,-24.069079460531828,0
-26.73864758074581,-40.76740193318171,-24.0223604045696,-27.744682902424575,-23.31833845168105,-40.14443678906223,-26.966082789930297,-44.36455693676871,-15.619966324967486,-38.72092832273501,8
-23.7404486813827,-30.512479264097994,-28.641503486231006,-25.37864499297789,-31.745843448291847,-8.467515120793916,-28.194045541417857,-13.348063926147024,-17.458107879198096,-30.198055039079634,5
-22.38874782184398,-33.78372823177546,-22.26335637561067,-20.982818469086247,-26.538113741670145,-25.988724983134585,-22.284050149280052,-34.446959935504665,-14.129697651565284,-33.09807339678469,8
-19.54050350909515,-23.166066553005273,-23.05624966401163,-20.608693405142763,-23.002259259265987,-10.793246152775172,-19.94116745053078,-4.324409290777062,-15.603130060471333,-15.666907314568322,7
-21.39133683000903,-28.110935545845233,-23.756037381107642,-24.72295406368096,-24.422395779300263,-14.670229451765284,-23.547203952279748,-4.368605177872025,-20.72904042010859,-13.080722806338903,7
-16.28032204457522,-25.278638844952415,-12.48752711841228,-19.664157019279337,-9.555125332944073,-29.493704045358747,-7.800030653174829,-36.90807759323799,-17.139017418205626,-26.285406678332233,4
-19.2584494792617,-3.0324263422837348,-26.825052234546888,-16.08857213874048,-16.19722356311913,-23.63766939709161,-22.00341090122553,-28.679060825395894,-19.67243376006701,-22.63995741333437,1
-15.25487289888254,-30.08988163229482,-10.333410915777963,-24.513518426378088,-12.533957447550717,-29.50804893433684,-14.544591159333933,-35.416333686662945,-22.591742133426983,-35.23838394583418,2
-12.303660188559785,-16.1519882760536,-15.820032819991104,-17.324965143105683,-15.776235597011441,-8.010303038672607,-13.035915252972295,-5.233159846292682,-9.82051886469782,-4.70236147151083,9
-20.764281589956852,-26.594327693921045,-25.886825513167945,-25.879817753357223,-29.5362918236831,-11.591213917042385,-24.232026039740532,-6.2373234382659,-17.32384770880019,-20.968860341131084,7
-8.361513981607759,-16.23069038857075,-6.596025055369371,-10.069142136159241,-6.192843710463321,-19.53199030656047,-3.6746869476472304,-24.52550731808538,-14.140006825471254,-21.777376218306276,6
-5.77274469494338,-6.8136054043063705,-8.0311711589077,-5.6054293556124986,-9.572173467893865,-15.497147340864453,-5.358512913945725,-20.18484593545978,-10.038497967879431,-17.154410936217793,0
-13.187869600080225,-3.0856760307200903,-17.72644337819635,-8.335518780492187,-11.562982386467933,-19.7277555438381,-15.278411537685923,-22.08248792372736,-16.93546495823197,-14.497342375028007,1
-10.184177740633016,-19.089818617785646,-9.0619584217632,-11.41329103527941,-7.0501689506571665,-28.555062995323045,-6.758920042018654,-30.92887809484395,-13.500074030862159,-29.85637838240642,6
-15.286670206110838,-19.436992601265366,-15.336077490441763,-8.61669594253748,-15.015934625325373,-21.844251954854936,-17.229929469507436,-24.269888692777762,-16.19344446088046,-23.801299709623983,3
-24.83178783598898,-31.236334499998016,-22.50777770287637,-20.982809925086908,-23.797173055264675,-29.50789242442009,-22.726736049929503,-36.12289366500067,-7.612689845775549,-25.97887426190108,8
-9.479877347867363,-20.903828298267538,-11.952840915874525,-14.816560856682303,-10.95054116255988,-28.59716454166897,-7.4022347571064255,-30.60769629272752,-15.11125072512661,-22.242955422494408,6
-31.84842436894496,-41.45180164092501,-39.85121052782019,-36.46139338802775,-43.71819761227109,-4.387556252615371,-33.597355078323815,-29.8377022543128,-25.64219331464,-25.08398372287717,5
-19.045587585239637,-25.725924491304326,-24.966410571077645,-27.79459691399402,-24.61104574254439,-5.148147444243242,-19.05780465658038,-15.682113717707939,-17.17216443516994,-19.504918806097205,5
-6.871113740592017,-22.44561972400451,-15.089820708147863,-17.39926826759536,-17.95936769375177,-31.273868907720814,-8.01400320408201,-29.90194770655386,-16.669088725201906,-27.280718859259405,0
-19.835825604845493,-20.617577986016265,-20.70732227514957,-23.930871455002332,-19.070459785685262,-15.339988214477476,-16.912150964074748,-12.898570313365218,-16.06162312653976,-0.21503959945700316,9
-8.455553071488467,-13.892999367094633,-3.7436800351420456,-12.795999741427783,-8.586770216197383,-16.033389911123976,-6.248627708577516,-24.00877385466917,-16.031219774359343,-17.325454936459764,2
-21.05031452461422,-25.547182573420443,-22.34459974021838,-24.107279759313826,-17.88813285565639,-11.85460572431051,-17.50684292091653,-15.379786767408557,-18.951188367457366,-2.2265958576956417,9
-14.428266096088144,-21.655722927701003,-16.84023169706226,-26.627059422766298,-19.019535287986386,-21.50245194756916,-14.9033772117386,-19.177099729364542,-9.177864965853136,-21.498333649298242,8
-3.4152546251875315,-15.480876987023716,-13.669944410127147,-11.070956013653806,-14.622255916132357,-24.62615991693868,-8.48647932616701,-23.591730971352778,-13.93999090208758,-24.07151966839711,0
-10.80989103880091,-19.501449144204944,-8.680000625323798,-12.772155763582122,-5.545138346877753,-23.95597608938392,-5.01842428562918,-29.58224944269054,-13.321070335640957,-25.237728341079347,6
-20.302857107686886,-21.364217429105974,-22.119030060020826,-22.475196619453875,-21.182940544157766,-13.1625246871806,-18.172811094100098,-12.079913164961468,-14.511353512144344,-0.7627980665517724,9
-15.525506441266057,-25.25504644747145,-12.275106200106842,-18.28210738847238,-9.17207236581548,-29.280740925324203,-7.078847546679161,-38.12474629653163,-18.138531988127205,-28.670303728268564,6
-16.18541527524329,-30.63000684573287,-14.644715090077849,-22.852791919343915,-9.361720961715847,-29.46511905839653,-11.023556020608932,-37.262987511435355,-17.977593193157098,-28.936307114014927,4
-13.50368264563664,-15.071150731503293,-16.763906215036698,-6.203138057237682,-14.85673103526982,-22.017537408509508,-14.247645036419343,-21.090778119054292,-15.385545784676879,-18.51302588286399,3
-5.4533348632454555,-14.56363561301241,-10.593894097755873,-9.418312592503602,-9.137794746319244,-20.59173957289544,-5.4432648414107705,-24.413975714543938,-11.819645472112358,-21.863091068156937,6
-30.74563109937133,-47.70098483953125,-30.61158734971861,-31.760083333824614,-36.8811093221935,-42.277730440640525,-28.30777165256435,-49.102564253249675,-30.73793449062657,-57.64489247424322,6
-8.132114586616574,-24.01141522845523,-17.665490707628717,-19.50767038980309,-18.384005869935574,-35.24909637080681,-9.20425490216192,-38.894344100461666,-18.99707290574104,-39.27264949763082,6
-21.026030596498146,-33.495373046799145,-25.353534033217095,-38.07498363732288,-30.564826086309147,-42.980033037501464,-19.196883951431662,-44.40111611091608,-3.744518103425509,-53.592882179958174,8
-19.742080607675188,-26.298432752775472,-22.05148658950817,-22.865441363862526,-27.702796650622716,-4.461483218888509,-22.583397233594354,-14.636212961488017,-16.583384217620434,-15.250236024935989,5
-27.34641373008274,-26.04223878007871,-27.823757199977518,-24.807369197132473,-21.760435272638365,-14.539183398768147,-23.35921060857248,-18.124896011694492,-19.768354644602486,-4.766237139793739,9
-25.404149827286716,-31.716825773687713,-31.79473596216811,-28.134418677153278,-35.95882364764444,-6.669904009887926,-27.975872748151783,-17.1085492572688,-19.417154130058673,-28.380332302508013,5
-9.19432333238824,-1.942791216446121,-7.930321873955552,-9.667342701000129,-10.785817129974065,-20.027953734150593,-9.916649137333675,-21.521825267290353,-9.154069288717608,-25.39163341935532,1
-13.75908521402068,-23.403201002762852,-9.587423734633267,-14.825789411210003,-12.440842780577878,-31.98039103698808,-9.991684634124441,-37.357939484972974,-16.08021539687844,-37.47949637367771,2
-4.893175641848027,-16.63147167778201,-12.947553700564336,-13.476072803972887,-15.432372546345993,-25.245481596498884,-8.673564351894496,-26.513335928203173,-12.013437142814656,-30.303895192291016,0
-18.812046535012023,-20.861940179235052,-24.00509027140425,-19.95220395827826,-23.081102607489516,-10.315156030174895,-19.647605324956956,-5.132297771064516,-15.232894258528326,-14.046230720204662,7
-19.142815127183525,-3.3575713479133515,-25.248591962832453,-11.80253282525742,-17.42620105700196,-17.46342055435771,-19.219821158439796,-23.140503552065276,-17.811696804723734,-18.848511507305762,1
-17.969828230644993,-22.58139282350262,-12.91007478301601,-17.822438404258218,-11.121857142809803,-28.82223528877956,-13.133721948312438,-38.665329901218826,-14.666892962783692,-28.179391020327092,2
-22.5702727107359,-25.00145670436895,-26.50732297804358,-19.764290447086864,-23.68095345126933,-10.826563319916396,-23.82114822200991,-3.8723515228809635,-15.971748021866354,-17.31349393587353,7
-26.274396896354034,-29.334591446454905,-25.669632405558986,-23.699177854789053,-27.567276984461973,-7.148530126413212,-25.484652297727976,-12.823138100207991,-17.852869399690764,-18.010285856687883,5
-15.730039684128778,-17.76145949108174,-18.38325842438233,-19.37598687427491,-18.018997569205872,-9.612815585383833,-14.996627837541189,-10.993024300573602,-14.594002222940311,-3.573169718604586,9
-18.576341343230574,-26.06162517624096,-25.011379113947317,-19.1957458487963,-16.959273956044996,-31.23187258399479,-19.695282993071256,-29.402387939044726,-17.095414584218368,-29.094291084060202,6
-15.464898554883154,-22.090349032861695,-9.30788736494649,-19.541547918201207,-8.55984046797679,-24.23813686415647,-11.960583520264692,-30.75060546744596,-17.354513453550354,-22.896145091310004,2
-12.262819485713997,-25.324928829255413,-19.091524589698036,-19.72772630732272,-24.96613208836699,-33.85338198370897,-12.530980651675833,-44.892590081401664,-24.156014802132976,-39.493432414363774,0
-16.20006499850622,-24.759805756691684,-13.794855474888749,-12.598954019556102,-12.631398867392928,-25.811750816482842,-13.181013266041328,-30.321004019238003,-17.674678160469323,-33.590914451839595,2
-9.822231535817545,-20.07400763857656,-4.702897947575179,-14.00031281427193,-10.937547937400936,-19.927020090633597,-7.103125209321476,-26.60252934083612,-18.659406409684735,-25.402450247544948,2
-9.86766611763059,-18.284473638470704,-8.445619318917194,-9.478467861206646,-5.247007244799466,-20.62125315043088,-4.346605600752365,-27.214043529859826,-11.750368110107363,-20.320858191337532,6
-6.94824117946364,-18.43161439431876,-12.981595087312392,-8.903235478721111,-11.791848044420354,-25.485887636333377,-5.125188145206301,-28.09330760160024,-12.765100375759998,-23.48052304797073,6
-16.757501595634917,-17.606887573941034,-19.22013176103063,-15.27052282820457,-17.863360980680824,-9.188472173750101,-16.61471519780039,-1.8744754062335534,-11.383724161276987,-11.459159652916117,7
-11.79683644381721,-14.984675562423217,-6.192137953731806,-15.529674638946172,-7.945901629963804,-24.148068919939575,-8.341853136885724,-28.530053085836634,-14.37201191002445,-21.54408496898921,2
-25.548131487901042,-36.67720024077388,-31.14597166514004,-24.305068737050277,-27.696008101912938,-16.165828807975252,-23.731059016170022,-20.484529173951483,-20.72255205741831,-6.71709413180049,9
-12.783647496156963,-21.23077529411415,-16.246276288635855,-12.739021060017814,-14.986513258733039,-20.157236863164584,-16.546131937330507,-18.76019160192169,-8.595319399871048,-19.899015800521624,8
-14.436268043889703,-21.992420147832906,-20.607018759236443,-11.827194531190635,-18.098198682777827,-23.894369448480038,-17.18969822804782,-28.041907689862946,-16.837631718240793,-23.874021644853173,3
-23.64291970505474,-26.75954441179045,-24.808003700669435,-22.51625224928656,-18.832646696319944,-14.833022656115542,-19.069501761851146,-18.921886892634625,-19.60732758573795,-0.6703946297542884,9
-13.916526834463733,-19.3701812452059,-17.17474650974294,-19.750760887252195,-21.29825437570807,-7.990489325800485,-17.126580077930832,-6.865031544886286,-12.244510893242724,-11.985749315799538,7
-24.838883308338133,-33.40626150453592,-28.55427393193959,-26.36630532506279,-31.193050100042402,-9.840044242839138,-25.19825888415921,-16.334738144350766,-21.571576328546094,-15.555939961941824,5
-14.402766135172657,-3.6334790296452675,-18.785967316006516,-13.323740814583637,-15.602616162537535,-18.099737844020897,-17.19815293530223,-22.226644066908044,-15.099371598207663,-18.51186135995193,1
-14.234070541043353,-20.303242655811296,-9.21146208281854,-23.183816814414566,-5.055300331778354,-26.461881108994007,-11.447298951590366,-32.61490181852505,-16.33467551118192,-26.5052932865472,4
-19.009274669003126,-31.530394370642668,-12.996461299493218,-18.502918321938463,-11.980402670147699,-32.66098083317452,-15.389703077139972,-40.90075401003568,-21.758510283839453,-39.2361927359869,2
-24.643392711856382,-30.05268256314745,-25.68737671780483,-27.80085802549648,-26.193706983441917,-14.431182069241336,-23.051494803877777,-13.09868666911521,-20.59196466562585,-1.4483909457253166,9
-37.27075265639593,-45.4050807272597,-39.177279463022174,-36.03443969327067,-39.15726473196014,-10.921180114793863,-39.69154464686831,-30.40902537609089,-31.39979718960101,-23.43398324255974,5
-28.3440198582377,-37.906537283998766,-31.036723241880413,-30.518062885665167,-35.25466961094589,-7.559378020470624,-29.47845718365863,-25.773722383861035,-23.102095031877223,-21.98688274903275,5
-9.31390267673766,-25.26457431901294,-21.316162082140234,-10.847131958110165,-15.510800363584364,-27.132109196139044,-7.561407206888237,-24.53840919350717,-16.082030754441615,-22.48412745556245,0
-11.237590026551096,-17.62493810005927,-10.83230435111975,-3.753216833182235,-12.165859164788499,-24.226705779693685,-10.7521420958012,-24.006528278113016,-13.868278882025798,-24.21251295203483,3
-11.366261614971892,-14.458058470644856,-11.292134283104383,-9.949118471277853,-7.245571019883182,-21.941521787938417,-9.338658793257592,-24.865378518015927,-10.16963552148663,-20.136543503034144,4
-17.602995782221765,-23.101878376345876,-19.344014166791105,-21.40054316365953,-21.83571845487045,-12.012555704581874,-18.893640224508708,-5.055891311639725,-14.384050269315814,-7.274499348534672,7
-14.386878317085952,-19.78166500609235,-11.787187191305163,-7.561543416339258,-5.996573310881334,-26.210706995106136,-15.25327630902853,-25.976859466574084,-14.818258531317962,-25.851751797032545,4
-13.699193019497274,-14.757750012691293,-8.426299174584138,-17.036361826862773,-10.858632701627233,-20.874820402192398,-10.355119636185227,-27.403621361207765,-16.130795737792,-24.77373343258573,6
-12.146161680598402,-22.47865636473952,-8.08557213915878,-14.766857638677951,-5.897219711856113,-27.819027511591592,-8.897686296101453,-36.35350209794998,-15.616697249580653,-26.181014715519634,4
-5.000781830050982,-13.431122713643262,-11.808801917614497,-11.494834676302206,-7.241662293277199,-18.953536958365042,-4.911491286107815,-21.42042086545757,-12.670553528761669,-18.65171778932408,0
-23.537459207992534,-29.592723751443405,-29.103792120956587,-26.06815044988987,-33.80661394009867,-3.2718574761738766,-26.712087169077435,-17.913101211566985,-19.77721975260789,-28.67170464479613,5
-1.926926406769655,-12.750934035998055,-7.6772181260616605,-8.003760355243857,-12.249390664985455,-21.712561096092156,-5.0307345356149105,-21.807059146031236,-10.934708610000166,-25.726591688168874,0
-6.560113273563514,-16.0200195208967,-5.857213330315104,-7.3193362500346115,-9.443550188893187,-19.392871965438804,-5.644358429198895,-20.426637758032044,-13.977512830535066,-22.16764772196323,6
-5.577464347667706,-23.156456796856848,-15.643780530654169,-22.471258167886425,-26.623218939224927,-33.033980915605035,-9.965547781395335,-40.52690537573058,-17.641516416653296,-42.841207596535604,0
-14.306651913529208,-25.08187282484126,-10.291413894332438,-16.534379437380966,-7.67038439336955,-29.551237800727147,-9.262364009901857,-33.26835929126353,-18.57066266288393,-28.312072431056656,2
-13.762080390148613,-18.680424994719466,-18.077004348417915,-11.679597922385389,-10.046909721905237,-22.439515647966516,-16.24584422899606,-23.055074813701133,-19.59904397286801,-21.851359498923166,3
-20.692847060874858,-31.40152296388548,-25.904965153572512,-28.316243448427578,-26.270479116366932,-12.721790075037577,-22.4219559891132,-23.57966878769662,-18.56356292207664,-29.598906071529367,5
-18.250699587950596,-22.464528077988323,-21.7386651172904,-19.46076454926617,-19.664128133073717,-10.115258109747169,-19.10919584555396,-4.583903390410221,-14.026379504958895,-13.092729352260747,7
-8.303894397050508,-24.7487155990939,-17.771024556152497,-11.185546112664555,-16.879617600749857,-32.63738326158434,-10.513031336379425,-33.60871073226427,-16.151611907905128,-28.249571139982862,0
-33.91973468919662,-41.254602802039145,-39.37836298310881,-38.09452018743283,-42.28532852779287,-8.601209039064722,-38.98586350514859,-33.318435626875036,-26.19376363278405,-26.595805602575204,5
-6.9108130982352804,-28.16888572325979,-17.26902795033812,-22.08038227553814,-27.691204555888824,-39.17357927923745,-10.182100617331109,-44.65315403009714,-21.09727419774636,-41.164027488326575,0
-17.578348745396244,-20.819853619741686,-19.581788928410887,-20.332248641144083,-19.394064419591686,-12.609977199710173,-18.11863029056457,-6.635323246197818,-14.672781874872122,-8.943066823796702,9
-5.54609947332928,-20.238285868958517,-8.838015888569062,-13.540107815696665,-12.75875664568422,-32.12739805561264,-7.018172621058424,-31.821255109204515,-14.064427558532023,-34.4199114979246,0
-23.529919230055828,-35.607251136455645,-27.37431666906506,-30.929345347292287,-30.91106741380795,-6.924372476561371,-26.24465165430082,-19.443629080043767,-19.880449207973978,-19.543877522052874,5
-12.582044808663756,-23.17655781003923,-10.348685975215423,-14.604263063172915,-8.372290295291531,-22.09485093557432,-6.719438569993853,-33.33583398899928,-12.973065707022009,-23.788991801096678,6
-22.821452095811402,-25.943779914963876,-27.40105920985291,-26.957188615363084,-26.08449355251796,-11.519034663175555,-23.242193652598836,-7.900842438347309,-18.82387341998357,-18.575897978425324,7
-26.09779192860418,-29.880077835924997,-29.109550398004334,-22.50500235824491,-27.977259522568538,-13.163056363065426,-24.918136031096978,-6.452450753388445,-20.94191701966559,-18.128370810978762,7
-23.31769270987161,-35.465465608785706,-29.61945472367509,-33.628210194912974,-34.52182395240104,-3.3811204131277974,-25.698445021437582,-20.494764740873464,-19.132934624915354,-21.9620018274172,5
-28.645713505325617,-42.58610011399685,-31.430391139267563,-34.647597596771604,-36.52183131332674,-13.159906444962221,-31.836981997729996,-28.613318016051803,-24.776329062301155,-35.08005658042942,5
-12.880051670216169,-19.024025164832672,-9.426277803560854,-16.530028910298167,-5.144129814085274,-19.346641922731276,-8.136845550978743,-29.187782720032075,-13.219297118894948,-25.118038526765496,4
-19.117629645149055,-23.572282172479458,-16.28347966087394,-19.391524903857864,-13.670651251912531,-36.743369717780766,-17.633079246081362,-44.13882755051299,-16.636915325845223,-32.95820889599146,4
-1.054640543039323,-12.205816764533411,-8.722376088820049,-9.301272048277921,-11.203120156656937,-19.057147379263352,-5.592554622598053,-19.332593291773303,-11.034868301146089,-20.39778090692157,0
-15.937057012399903,-22.324642990421694,-12.105935649379322,-22.8368961362199,-7.196562396637716,-29.164355361058668,-9.583890842683925,-36.39343192132398,-18.348348957024108,-26.96251036202539,4
-4.696688861201409,-17.56279369381916,-11.440759377915372,-13.294016109805245,-15.904965013204599,-28.310428957909927,-7.574304883846747,-30.01228628436144,-14.498786227726622,-34.50982443511106,0
-21.731750257164656,-27.387180514610826,-22.022352066438238,-27.597122174748556,-22.042106716153807,-13.67918572740272,-20.62889438140426,-11.810397363726612,-17.44141454284939,-2.3770977455197797,9
-10.985518968977068,-11.40304933258497,-9.429284715281911,-13.503665942228915,-11.321621318944842,-15.954889138525417,-9.517006681945718,-13.223520123751454,-3.4520441064451033,-13.069155974662182,8
-14.871655781568908,-20.618869083248942,-9.116876317995843,-19.82737359832714,-6.125401090387243,-34.18973033065412,-10.786694052459634,-35.98565807621489,-16.707747716768647,-29.701299608656687,4
-11.69692839974803,-3.702478747673487,-17.366232435884548,-9.620847602484284,-12.192381842132752,-22.098916463351912,-14.195334375959462,-23.032631795543754,-16.495930604035404,-23.242238916763636,1
-8.249839218565084,-23.510343899142104,-9.578717506680276,-12.870214701850232,-17.85755337173029,-28.4030321108284,-11.620450903525212,-32.89858462795388,-20.100976304634347,-37.81036606701919,0
-10.622444524319196,-26.22365342982153,-18.119366543328017,-13.724056839834303,-12.192270423165326,-36.53452403803534,-8.892533337618813,-32.532571089591414,-17.620348535045586,-37.88420179352296,6
-9.698522119234203,-17.186867163174128,-6.474989605090069,-11.266802774323844,-5.333016926315868,-18.478423913357446,-5.513616464835069,-23.795802538654204,-13.07299854756317,-20.37795514559166,6
-12.673575815772562,-19.000414907104762,-8.198117816548764,-15.824077034045459,-6.437046603692944,-24.508788653593733,-8.429467993827117,-28.175025607131385,-12.602095364503969,-23.106026307670803,2
-23.175937671821124,-29.982959540512738,-25.88339860913796,-29.046288283871366,-24.136271169225356,-12.361509865425184,-23.18922962120076,-15.965234875028068,-20.545657006280706,-2.803590779742569,9
-16.68220874537759,-21.2248087837054,-7.286426314809429,-19.51657951186557,-5.514367958616047,-30.51825133649441,-15.544506103803815,-38.00337012129982,-18.911745448633038,-28.900575263583956,4
-18.6022859688672,-28.535961832473262,-26.98464505535163,-12.774786933312113,-22.734188943729176,-41.133897704757096,-20.723405514345124,-45.18459609691363,-25.13092586663454,-35.51249459043268,3
-15.183312400667129,-4.016007452846126,-21.732612603453063,-11.328667986277573,-14.431211539680024,-20.71132330465956,-18.638263393806515,-27.443259635244956,-18.225257297329097,-18.17797392011482,1
-6.3958335945541345,-12.713343312450771,-2.6407932857181664,-8.537576777703729,-6.918371289673965,-16.592778324371288,-4.444589119604044,-20.958462146417663,-10.966497919591859,-18.42213547681156,2
-29.935943265523264,-34.161959193556534,-33.833756882141216,-35.24554834541787,-39.16576094248671,-3.968495643141403,-31.11740340978447,-18.202479403605107,-20.868137756262733,-34.698514655482626,5
-12.472952306321886,-19.16777146320287,-17.167856528712218,-25.735402664795547,-18.852659037737133,-21.945823290968363,-14.563355371480547,-21.32711585979507,-7.569971906827381,-28.485592050762314,8
-15.819986478850144,-14.99109994873781,-19.479168818939474,-8.31880910239112,-16.46639086655478,-17.098530275075966,-18.62437545027887,-20.159647692371532,-14.211936709770574,-19.046110116299925,3
-20.36412041168924,-25.667646450077164,-20.572182578289187,-32.56161778334806,-23.101748188620892,-21.659841401039376,-18.369594985886142,-21.91355205468248,-7.962319564326868,-25.675165441325596,8
-10.74824309408952,-15.804480673263368,-5.3535803143040575,-14.055595102465048,-7.083607758777788,-16.18613229364752,-8.324725954262977,-27.034336005694538,-14.634886141410743,-18.42169443429109,2
-19.157598573188725,-22.731853604804694,-23.651245939127797,-18.048348312028658,-22.40894891910789,-9.769459843128448,-21.936590034098057,-3.934076904722043,-14.67091554599249,-16.527242079835805,7
-9.868145233546679,-2.9976290848683322,-14.4105521104026,-9.215531888647728,-9.910664141141558,-20.361126317236916,-12.560270398595971,-23.297544060452168,-13.856783947389813,-20.377108173350802,1
-14.56205340265703,-20.558518605276,-7.8781158232144675,-19.304383676645745,-12.660367968734755,-35.83821405283243,-10.822923383110533,-38.8929181808003,-15.265926041908706,-26.28039147664171,2
-3.5753200486675665,-14.716055991670592,-12.2264099204181,-13.344916964471452,-15.038329734434356,-25.19900169028799,-8.219045617604172,-26.46198744367603,-14.14368213056967,-27.780174461241543,0
-27.854989568400175,-34.65787274245386,-31.790488832837077,-30.1373628194268,-32.526603612288866,-15.26679067687673,-27.5823845987794,-7.789811230280777,-25.800411951962783,-15.288671833402766,7
-25.72931903706484,-30.949102454553067,-23.338877713145003,-21.17611056154771,-22.55820533049574,-30.094467334407685,-20.93561130961515,-29.55143141513556,-8.449237531247283,-26.75837619461674,8
-21.078132387067658,-21.61295593658477,-23.881499059777745,-16.744581865060812,-22.105264049939787,-11.219082689805205,-20.842328787602096,-3.8410327383262355,-14.789137472029173,-13.136471680956358,7
-20.27741108222365,-21.01715216979982,-21.962902244933403,-18.520476414231833,-7.7576238598583735,-23.936081408010086,-12.738096340799348,-31.610983146071195,-23.10401155255562,-18.0709475727729,4
-26.831460557657664,-40.50241300530191,-27.936549284942608,-30.132525169716367,-33.658679287958066,-6.2320564215330725,-28.07343872243533,-21.740381521019685,-18.02869082613897,-29.49116320556839,5
-18.867453927070954,-5.712642659517136,-25.987906084366777,-13.489772910894956,-17.00471582094907,-24.125158393221888,-21.57827325640213,-28.59562844522064,-19.9157511532427,-23.026461469742767,1
-8.985718025355363,-12.557887309772847,-8.013690327701013,-9.403005800866978,-14.26852867599788,-28.02695296876978,-7.831946473772851,-25.054747521285424,-14.50430699878314,-24.286743651544427,0
-19.203251879125073,-19.497857078651226,-28.406291397903157,-12.799483773659825,-18.831069561131002,-21.217609703045078,-19.185315767421088,-28.69305606701992,-18.087266860303874,-21.902060309322525,3
-4.057093494496582,-12.869650833019726,-13.467542576280447,-6.190411278422341,-14.131878830913704,-16.926853505345544,-7.633787364541759,-19.043557024722222,-12.589458305012688,-18.345180303357555,0
-22.62780918109266,-28.44954836593759,-26.089628137083032,-20.6922800519021,-30.249915385693644,-6.726934722569969,-24.76900436094112,-18.154420099237758,-17.279356812593992,-23.285462162618114,5
-11.341408444632934,-17.292450166547084,-13.635085813063714,-18.362477649489872,-15.718324947208792,-13.671001368073297,-11.502567536699239,-15.898873508602355,-5.238886759423157,-13.26895509599813,8
-12.198526713653683,-16.732302809598494,-7.850450206551096,-10.783595514617446,-4.810779094097398,-23.819756036377264,-11.90196835581788,-32.05825059078281,-13.5297820293343,-24.6748563210406,4
-22.011865367491335,-26.433846471736018,-22.57035157146158,-25.227533724215316,-20.945978719753484,-12.509424101700581,-20.368387410214567,-8.069101872377638,-17.874208654410555,-6.3869005983765925,9
-14.293764913137085,-14.724157260153731,-15.264925584669404,-18.63159181983259,-15.943732064224642,-9.254260115713281,-13.59125737569914,-6.136406974437397,-10.576685355164322,-2.536241835004963,9
-31.314231626509937,-39.155347071481984,-34.08343446647324,-28.892794664110095,-37.397353112350515,-7.103127532065031,-30.385819274919765,-20.72829163545285,-23.091044247832595,-23.741884618954202,5
-27.625799709799804,-34.74321484967963,-30.82648845231752,-28.554799725702082,-33.09883079634047,-8.418891176464692,-29.02903552666815,-23.020606257938535,-21.332596077523046,-19.90792863886348,5
-14.96972681178115,-17.495246665567702,-15.289247003883796,-21.80778772571409,-17.208790226659804,-21.808935287822713,-11.660097213847244,-18.789314753855425,-2.4027562782720624,-23.046109341634576,8
-13.983761843496092,-22.585656791160897,-17.92304405557806,-9.071716981263164,-9.280444496209014,-27.053786154988675,-11.210697124601117,-21.867022857146594,-13.202672903850937,-26.729404185553786,4
-23.298500463299185,-43.372462424723196,-31.12542579024751,-27.00565353857667,-31.258491548409022,-51.49397275047956,-24.25637837175931,-57.46466814551486,-34.55336942181761,-56.21033701813285,6
-11.051158322399953,-13.909473217668456,-14.59941637077877,-8.344341484931876,-11.89249594184664,-15.909168772885314,-14.537555669552708,-24.19953905220863,-12.799429593197813,-26.11515106174929,3
-8.634540914882374,-11.735885703864962,-3.4413874538824905,-11.453178683130652,-3.748045598785671,-19.858171542337345,-7.597113098173742,-23.31347985705903,-12.160545724428511,-19.637625635976395,2
-15.794129256765189,-16.950586484823905,-20.73232353891916,-18.350450626703346,-19.21494082921223,-9.253110974918826,-16.720925296003205,-2.365385004107526,-10.963891278002542,-12.00733884857439,7
-18.096451116741903,-7.0896250195141794,-23.8690697747246,-13.515036720608332,-17.731794801351732,-22.79996846952244,-20.23300624219729,-24.78578375459408,-20.482148210151212,-24.285547165313005,1
-31.240857007613805,-38.24367218955702,-37.07207538333403,-32.8762749825924,-43.617994625327285,-5.593080603323195,-35.81210728736416,-27.09485195371553,-22.0268659163079,-40.82234121603991,5
-8.082164432727302,-11.597186897590825,-5.003583749520956,-8.595201091738968,-10.684305980208539,-19.11512240723178,-6.241976721942443,-24.607946495214325,-9.264816006566376,-21.61569905418174,2
-29.977812220226486,-35.832270706780584,-32.25156235586191,-31.597385120535495,-34.256097588185604,-4.235120645294762,-29.158759221872735,-15.843265779812274,-23.22700113752861,-25.988428107370083,5
-25.56038244381749,-32.90434771255955,-31.752466262519317,-30.810432122857595,-29.03499835673541,-5.550134656328292,-27.028142728595384,-23.150675563351726,-20.17810634151879,-16.92396371669895,5
-17.620658602109266,-23.473794777683548,-21.51956427026668,-25.460763568616063,-21.719957085001337,-10.258732839158506,-16.988947278485135,-12.993389256501608,-13.581573606383495,-6.922685138944659,9
-11.331893141658446,-20.3506741410691,-20.078364899591428,-14.443584573642747,-18.714472955141993,-39.40408121605604,-9.92497219120106,-42.36715154370831,-18.554383499799993,-42.134895338536296,6
-10.840092426912468,-29.45042430108932,-18.276767916396235,-14.39425405813999,-18.101843543339772,-37.2486319236377,-12.523609690820914,-39.85517056737646,-20.488305893157843,-37.56627223993458,0
-17.398440634535234,-22.127177457361714,-20.68102186727849,-22.325503809014382,-20.34493905284918,-12.70957734887193,-18.49642375207341,-4.857160591385539,-14.74607772738999,-10.662145786431337,7
-7.006198883426374,-23.869400117382497,-16.109449508821722,-14.630938699601828,-18.822849416234007,-32.84918557143378,-9.733846944370372,-34.2348287370181,-18.454502492587174,-30.28455197391101,6
-11.48996811075848,-23.324776167825277,-10.911935252081237,-14.04780188269542,-8.546739919983706,-28.58792203713692,-4.5998595685410795,-30.835195450013092,-17.033206415567694,-28.188942833135275,6
-23.886341186154066,-28.577426092313107,-25.350358764892125,-22.4047871642181,-27.11760595007991,-13.80197071450696,-24.742696184585675,-2.855822362539985,-18.909345337234033,-13.048485958452963,7
-8.835706878533612,-12.267427412327462,-8.656189164217023,-9.096965445553542,-4.426532710713041,-19.77804728369161,-4.2375496720991,-21.218197613465776,-7.043560710280103,-16.190499211464893,6
-23.704366877770266,-35.432175785712595,-26.451206291172134,-28.601997055299364,-23.22871585363262,-21.709469389014036,-24.94135768463499,-37.869279567329016,-11.885615187152275,-41.380794181584875,8
-10.105783288836585,-16.93630364729741,-7.83905219593422,-11.383672288048833,-5.69237863439482,-22.44365480246218,-3.9208182138192327,-28.382533212957053,-13.28215236929604,-21.603362970870005,6
-17.307260313367944,-21.208923911454825,-22.590227111974468,-6.696161214082946,-20.58657477722418,-25.169324397078054,-17.516290190050682,-26.74647382574034,-19.157689989173825,-20.508611997145838,3
-19.152193750971175,-21.36900216340174,-21.740798061371763,-17.154665818449356,-19.60418380191129,-10.283585701179682,-17.50460604392492,-2.1408211588076935,-13.018804470943518,-13.681600306388498,7
-17.95145029406122,-20.023914709353388,-18.453838916402887,-3.7139510241161977,-17.310714956196655,-22.381010555991928,-17.35003156401368,-22.93817972483753,-18.851830870681457,-21.464166342360134,3
-15.305798987971613,-6.331264465971474,-21.815082652183264,-12.70859620604552,-16.72122706890902,-26.171541412295756,-18.642294198349283,-25.010306879097676,-20.44194517607707,-23.913716345506618,1
-16.712119467523653,-23.58989342363844,-12.315727062281729,-20.655564035679646,-5.190299425158526,-27.281735184609825,-11.615987227547615,-36.345137703933304,-17.006230508040616,-29.487817559874046,4
-18.129917930478808,-21.27016557867835,-18.7962157946463,-21.804890834370706,-17.90551305419177,-10.748261910589004,-17.286633314413503,-10.219537262905448,-14.403649462417466,-1.230634777135387,9
-18.517218452955756,-20.00749295738395,-21.98172217639788,-18.30308928114374,-20.488101249516177,-10.452088882339217,-20.575785904049823,-4.034559803038427,-13.343514707819514,-12.55614402458658,7
-1.8045960375172783,-12.582637972586333,-5.333023523319873,-6.543413571790548,-10.751800015033606,-13.723016229204118,-3.8143038943433556,-15.881439636140316,-10.458808402829707,-18.118464883285608,0
-17.205656035295796,-17.581617201755307,-15.080526595067466,-18.01455744273747,-14.684192694310264,-23.8191718970441,-14.506513423964538,-24.737940687291797,-8.178973963526936,-20.546613438249913,8
-15.294544489043949,-22.197658395566098,-13.771358831472437,-18.930089463555472,-15.93181188932887,-28.753301274972095,-12.201293356486287,-32.192832511069476,-15.747585240363195,-23.868005447747134,6
-17.58518127507308,-17.68297718111964,-8.28697578224319,-14.410893889296117,-6.168289292515359,-24.274045696395916,-12.039960867623932,-32.999131352227046,-11.820756996220489,-24.128272510237192,2
-28.35879005918509,-34.41172110449575,-27.010469142926993,-29.090733650372474,-32.18291916236077,-27.26617634606659,-23.075292095456966,-27.82944964231105,-11.13046222470652,-31.930736661201973,8
-36.17727740367962,-53.47987333164453,-36.432528393421016,-35.90132503373914,-32.345484285037955,-41.92915214846431,-32.21797820217651,-55.56688618780351,-12.749788713182975,-56.31449995627319,8
-14.152004719326715,-4.451106233139367,-21.298082590180346,-11.571227449902445,-15.45496792098592,-20.44359629611706,-17.604649695016533,-22.862309930957498,-17.205035668751634,-18.60911037617376,1
-22.06870806632869,-24.035123994509167,-27.151198971009812,-24.467295695264088,-25.683510902550204,-13.493655121031638,-21.489272731138165,-4.058574073159729,-17.72320061849447,-17.275839762879006,7
-14.560340385329097,-1.125607936966377,-22.283833340913763,-11.315227755330408,-12.351796085687582,-21.273916669489143,-14.497950363312627,-26.7694777340217,-16.525353491854027,-22.33774157399153,1
-23.617908712773612,-25.50565333181882,-24.623010436994853,-27.936638257354417,-23.43046273602719,-15.37600195961603,-22.351504135283065,-16.985842494333976,-21.49224833908384,-2.584334519694604,9
-15.088117490037705,-17.41849080853118,-18.360506801345217,-4.462802803528863,-16.20930847204885,-20.749594362680835,-18.067872455772367,-20.663784174035634,-18.60869840102264,-17.56148547848415,3
-13.44039748149765,-20.761190877484992,-14.914246539312403,-17.827978178324962,-13.186242543984363,-30.605000714695358,-13.960301670657506,-33.66305203067527,-6.6614199300599,-28.97876419683179,8
-13.008493157731055,-2.4318240081253846,-19.092861161017435,-9.497097555514522,-11.98331526288942,-16.70936558310555,-15.46313098702321,-22.718072222017454,-14.900591545460818,-16.84152861472619,1
-17.141485844836318,-28.849719652884414,-9.813066486255396,-22.918006277246704,-10.878149860018219,-29.30086245588579,-11.529153069840431,-37.808679304437554,-21.9969618457891,-32.93391016897238,2
-16.826695853467204,-31.001027359784242,-9.86949132011565,-21.29224499418906,-15.416140611356317,-33.45247596814795,-15.897061297972886,-38.11223410466834,-24.64315435497426,-42.40318106882189,2
-25.629488040803906,-34.967269159047596,-31.03052005946066,-28.849312048823368,-25.354854880818344,-12.227832429092981,-22.55903453105898,-26.006904307935624,-23.646125544753826,-2.0425098784611957,9
-13.333723550963828,-23.570223027650385,-17.54524459977256,-2.3050947931742796,-17.851307672403273,-28.332947426001837,-17.947573492958647,-28.59081284588543,-20.370509310379934,-27.574481977744114,3
-22.24613638868785,-32.65107865911102,-20.919117744258124,-24.532044833394274,-18.19791354658867,-35.45469916378351,-21.87848339374954,-33.7992294632867,-16.269306927044433,-37.84420082189985,8
-6.409425307398146,-15.392309485185473,-13.020917791188188,-9.238022669723613,-9.655171780774692,-23.050104913766162,-4.54758638246387,-22.04134829389445,-11.44424346983434,-20.34961765423688,6
-10.546612373827418,-19.07473133295296,-10.176412165563953,-13.30797463363571,-7.48951385152623,-23.630298519212182,-4.931369996931174,-29.389221371911454,-10.442990113402022,-22.249418749559837,6
-11.266848846908335,-12.404133235605496,-9.605949940819995,-8.740925163007176,-4.67184798652188,-25.58070152342676,-12.197075764937793,-23.490854339459666,-11.706348233180131,-21.66683845978254,4
-10.670578752947325,-20.649900565725524,-6.242214699728266,-17.94721476798318,-10.716083642812876,-25.807327682638114,-9.34112412566405,-31.72219268838681,-19.80692840434555,-29.860734814766783,2
-39.24535547208732,-46.12285608761398,-42.30115782694818,-43.82770479993622,-41.934526134939055,-11.967353107196038,-42.37375963537851,-34.964202645171916,-35.8623758090957,-26.597066371670916,5
-23.275206845051255,-25.80253288790928,-25.4170455690185,-22.13131220770898,-24.09574967483722,-13.077350411834756,-23.54236335504892,-5.590673277527626,-17.64477054397804,-17.065540099037673,7
-8.148353728865276,-7.561456513190886,-11.875665097059002,-5.751605154247304,-8.213872814247527,-17.322253651374623,-9.668307785720165,-17.542108819226094,-13.093180411872202,-15.13095308046775,1
-8.6509052646823,-16.94021421500645,-3.70220681366618,-12.476202643617196,-7.858055095537864,-18.628296986417958,-6.970007795939131,-23.629332549071254,-14.375799552399029,-18.75469227435996,2
-2.699549405832275,-14.51442820950288,-9.475037808942028,-13.665269062256414,-14.526220543320031,-19.561802835986853,-6.762760422510515,-21.609947169336767,-12.19095838573537,-22.296276289714232,0
-8.52955611468935,-27.429213854731202,-17.528852878503564,-11.739894242638524,-13.433557834132323,-33.44849849999324,-8.771427170555832,-28.422794223011685,-17.87352225171748,-35.1497117357135,0
-12.860756304597386,-15.654958216487312,-6.207453514859417,-16.006128613437653,-7.175547946647235,-23.17635105774754,-9.643519571581542,-30.601037466012663,-13.918771547239311,-25.373704457392964,2
-15.61079605577791,-17.693002425194663,-15.901584547427897,-20.34590031559202,-17.661180926204157,-11.950952221832802,-15.563907433859983,-5.448953312609071,-12.170017998588403,-3.2053801522202647,9
-8.755406447481146,-15.43997519575308,-7.388953884220181,-10.60505164914873,-4.425424260269941,-21.681879254845878,-5.630353477859199,-23.93052773461087,-11.609288554708584,-22.61803568668486,4
-27.152021505981565,-31.846575714415742,-32.358891778238906,-32.565659815084544,-33.23932895035681,-6.856359764714285,-29.907657735650524,-22.586054418095614,-22.77884242594298,-18.325862923550407,5
-8.55521639280516,-12.857425549719972,-4.642974012548894,-11.668197017278132,-5.176976031890197,-15.966998040450443,-7.785855425609147,-19.60333549590994,-13.695746977305651,-18.32876842264038,2
-14.479618180246861,-18.214870406144883,-19.026009471537737,-11.367702210501168,-12.03377937435354,-26.66527336109701,-15.061007255454017,-27.806425365358685,-17.235229423906738,-28.10217563095375,3
-24.02860870469273,-35.52957143041886,-22.609581686521754,-18.377856710418314,-24.29860741149125,-22.682844621869425,-23.597011358656744,-29.827517136888165,-16.286090440316553,-39.46577817483782,8
-12.571237421378617,-22.33114860216545,-8.73048578865615,-19.315275713797146,-7.996928325666911,-19.689206674822845,-9.458185409938807,-32.3867002175886,-21.532771500766586,-25.82948063795341,4
-10.731095472358152,-13.518401301496809,-4.93788346778398,-13.405869558250753,-4.201047162616217,-16.093296932627457,-7.157368616262503,-22.37169108294965,-12.876156264711774,-19.02314378231628,2
-25.210251836010535,-30.105007833563363,-29.194221850762275,-30.030584490416704,-34.772425864489534,-5.941006267923755,-27.078768890398532,-16.814834302605664,-16.97684788202334,-23.23376533590793,5
-32.098539069056855,-37.947099347587596,-35.001138157752735,-29.162570453850265,-45.16631005572608,-9.372944851427638,-34.504230443495075,-21.053416974349968,-25.391939424733607,-27.706790485796443,5
-16.0197862271201,-26.390124100547528,-16.5124342174709,-7.586818220145496,-10.38883413226062,-21.376923772577413,-11.237879999926406,-24.006392588037773,-15.35489945741177,-24.87308711920574,3
-20.856388465566706,-23.536984502479548,-23.048043535176674,-18.44720585666432,-22.0226279855872,-10.02508632035375,-20.320085316407933,-4.653718697722134,-13.120532577503498,-13.718634462158391,7
-11.299935979245467,-3.1210787042572306,-12.569808634481756,-9.81027790474688,-10.169093866405497,-19.579895789989603,-9.848225838782927,-20.26200352153726,-10.409649782281644,-24.11044644612316,1
-23.7939140777144,-29.361513707800135,-25.83788248389537,-30.812911773704418,-25.299320373827513,-16.590420082096102,-22.03394019185404,-13.009195036298951,-19.859339465429755,-1.1983807478056523,9
-10.992668227736962,-12.71780334839375,-13.433185819416755,-14.046315516638085,-12.512899690143485,-8.379287323221371,-10.60160968150862,-5.58662246112514,-9.183647958176186,-6.8609622559879915,8
-22.6039015036981,-30.86380897907385,-28.91553202338134,-29.441179447678014,-28.858783193724843,-14.74507144435175,-24.013559188512126,-22.917249447105988,-24.766313210040124,-4.2398302161586265,9
-14.300203368413598,-18.497976110544727,-16.765458745050058,-18.525250908185424,-16.74870066641447,-9.110353717351973,-15.964429929072736,-4.0161983689978635,-13.071464219981843,-7.3758013863593614,7
-13.096518981797184,-21.210086620516506,-12.789223320418838,-10.961717279311028,-14.015558588243673,-16.3555048159102,-14.0432669197484,-26.76685620402764,-15.874806327071118,-30.808692981389516,0
-20.11873348753348,-25.314109879640018,-13.424455456572867,-22.89865956804536,-10.751027341945894,-40.47808617505719,-12.409006514409414,-42.41152044811871,-21.966529080073236,-29.587035678942545,4
-11.366762917273403,-15.651903572245923,-7.910799161221488,-9.86768817552495,-6.080679487339808,-25.560031383241732,-11.168595895295294,-34.527895461892086,-9.853974302765899,-27.567493394585153,4
-32.83157924973086,-47.20317958721941,-28.392639279155844,-29.851131116412823,-32.50041733512687,-47.88279000169839,-23.742111606786306,-57.6689912191341,-33.57104993741998,-54.18819222920104,6
-14.110734774004765,-5.340159300634661,-21.734140244308218,-11.85554200788889,-12.567036863804029,-18.02708022749492,-13.986873130115066,-20.62012999318822,-16.851211210129225,-16.949293665547337,1
-33.074499090009866,-49.637144614260606,-41.976685897122366,-33.321889508980675,-40.09122775555926,-34.26686070159194,-30.081525729932263,-50.29701315997401,-38.23600199634341,-44.0703318632329,6
-14.828784593090095,-23.135953948507353,-9.838226243191205,-18.25931121485357,-6.573006082763387,-21.0655953551262,-7.99445508994613,-29.224821895128194,-19.403625940601096,-21.53218786024183,4
-6.967754412599687,-11.794988100407114,-6.700390715834116,-3.640838556880258,-4.221008807895391,-16.10299513399167,-4.511834933049351,-18.231347216490054,-8.441847009456522,-16.20340293857555,4
-15.584600285713144,-13.077147573041108,-22.016376847198288,-9.815171978354874,-18.91136849033485,-21.84000393289104,-17.46898924632707,-27.251730712827097,-15.372714848110235,-17.467852845245346,1
-8.11628458460149,-15.742727464777417,-5.049945598234811,-10.77065267458522,-8.535208859455786,-22.367036920679308,-7.028970547549162,-27.704166071793193,-11.955959485185918,-23.21789071796318,2
-18.73468992223194,-22.892053813472103,-22.70744329367619,-20.824380181540842,-23.986088290892543,-8.630845431829295,-22.376319022571003,-4.551096823400585,-12.17203971912533,-19.209580057050683,7
-14.001800368191043,-16.092092865809782,-16.073833519539356,-5.739490110327802,-14.186736406113898,-24.805131169720536,-17.50920829788892,-29.923129583880257,-17.837517796752113,-26.979886708945052,3
-22.978723965948046,-26.22499985526476,-25.330296731381722,-19.013140825849106,-29.032077658316584,-6.466447645982666,-25.29836859556826,-15.522991040051444,-15.804034755747193,-23.936146690071503,5
-22.640440800847276,-26.319450194433415,-22.741559239402342,-26.328495495883633,-21.99736612438914,-13.810306252550195,-19.705937013431576,-10.116179222298022,-17.920127326484412,-3.915249618180779,9
-22.17532469221065,-25.198667258212588,-25.34845276956594,-20.93679516446717,-21.446182567447057,-11.711097806597,-21.743429400998142,-5.454004861826951,-16.205626628602392,-17.45960870921222,7
-22.01278974645682,-24.23851591888874,-26.178255096677375,-21.75456306312161,-26.060098279126542,-10.284160097337145,-24.07516903363508,-6.6459429577387725,-14.955807121759744,-17.719927509632015,7
-15.30955162404532,-5.3562914891010855,-21.13255497355455,-12.53586090897639,-16.179515859286994,-23.27858473514109,-20.43671378559354,-25.844789138230723,-18.78431686718801,-21.15049113045437,1
-26.500304437541065,-29.925349827461684,-31.011390154959425,-25.165323655665123,-26.913497569997883,-12.8109195403247,-23.861729705119707,-6.3998990096031765,-21.53470420327331,-20.431001793759183,7
-25.53384747415561,-38.61224225073547,-20.165959045344596,-35.742844340567835,-26.729837466613873,-53.417696768109444,-24.413371461453163,-62.339009670349775,-31.847772923949986,-54.8630930521397,2
-10.343335791619687,-13.844144563495473,-6.871749482537444,-13.440682842137193,-9.582302792955314,-26.502983399636456,-9.27310600306292,-27.982294089970036,-13.103214194419394,-23.905751794764402,2
-21.0373098007533,-27.450401602210555,-22.232893651652823,-15.331035992095726,-22.22088878144302,-21.9179864647297,-20.141139629474427,-31.814947045325606,-5.5812303789212265,-29.993524874645132,8
-24.00577157954122,-35.45516878741703,-16.36944692492293,-28.44537378425374,-10.023788064156177,-42.176356291301545,-15.121618910210668,-44.48874555975493,-23.764446370610155,-34.62741491654571,4
-10.775057425190141,-17.213924949713302,-8.696703748470076,-10.75209417333266,-5.470514664932759,-20.268780268217213,-8.592428817935636,-25.064626305763323,-10.34203086797367,-21.86232708743672,4
-11.22599145226759,-14.915482225240527,-4.9989566679483906,-11.293972834210667,-3.828695470313723,-24.81023435244226,-9.65383743359129,-29.385847110026102,-11.469559654327778,-23.287578400910036,2
-26.062270989176866,-37.71424088655647,-28.788128353286076,-30.848738106004912,-27.248906213693253,-35.99825858245168,-28.972345895500734,-31.788025203766303,-19.117906465589833,-36.164184383610966,8
-19.81379535730445,-25.25284102802603,-21.469514223305115,-19.655399110980152,-25.67476934148317,-18.995146046436627,-20.80869870817948,-30.798269391982622,-11.627939169482435,-28.99967872674566,8
-19.51209198925872,-22.380308997637858,-20.853257315488467,-6.905476237170888,-16.730736166163123,-34.51533126485961,-18.775674208072758,-35.69101151016867,-22.88334231181631,-32.02567993283118,3
-19.144327648067442,-24.677676867579045,-23.536316051920167,-24.418746740048455,-25.893872372993922,-12.732931095446864,-22.792406276097154,-6.339465469421431,-17.155331933972974,-13.965897469329741,7
-5.59208974512802,-11.487081100456386,-10.519868877983548,-5.45218454469971,-12.193600902307594,-17.136764303931106,-7.647003710521665,-17.333496742946483,-10.40670468355326,-15.928630919683279,3
-12.725592776977825,-24.479453137776677,-10.011101512010109,-21.312587047242012,-12.008234415840978,-23.21196587955307,-10.827132367360846,-26.606371821010313,-18.425992870583947,-22.381906896196256,2
-21.099258526559883,-20.361525993406154,-23.485586449309498,-23.362840430929587,-22.69352412158432,-11.909018964986121,-18.420603599250608,-5.427192721675912,-16.06672684994195,-13.917652906295258,7
-27.63014250034481,-40.645063978000394,-24.093418604969173,-32.75538643626082,-29.944781779957545,-34.74869567504053,-29.720571502639274,-29.603476265372617,-19.006075067066444,-43.504702912698626,8
-16.22407594096845,-18.601664803240126,-18.353928801988673,-12.080811834006859,-8.963029890054532,-25.97989859625235,-13.042307390741184,-31.879151576374657,-15.624239837432347,-30.005832514205515,4
-19.6829808663451,-22.626987322799845,-13.39508166096536,-24.2050406929873,-13.562870119094597,-36.34074655044632,-14.984541359440128,-39.559364884125685,-18.861993655987742,-28.24397196297934,6
-6.985859067306727,-12.594850043685891,-6.079972298445654,-7.669670500479338,-6.28494283424179,-17.144216065484667,-3.7807849181717277,-23.62857095417648,-11.449023346997942,-18.05224423115012,6
-9.391466594671087,-19.32899663846169,-7.143478668581238,-11.726849934155386,-7.534033699733128,-23.89923934918778,-3.758680085156737,-26.780873771143884,-13.438515560420985,-24.088198407117286,6
-29.79106732554338,-31.58174622330942,-32.50807153395207,-25.153166279859935,-28.648059440651018,-15.170232735851304,-24.859303384770037,-10.818126859625922,-19.923420259332243,-21.136004159059876,5
-22.0519473741009,-25.607783448113732,-21.558896301905826,-25.6831098778932,-22.230098049372085,-16.327256253034903,-20.941599031646433,-8.344973749163758,-18.694952699129793,-5.233783672486844,9
-16.470681962071012,-21.27253283552432,-16.007842223498926,-10.481523849342224,-5.87854214316091,-32.035229567445,-13.115047727384855,-28.15790005708947,-13.136475585674768,-27.78072124506467,4
-28.55345688479309,-38.68660188260089,-34.70968117904208,-34.75271319915315,-37.87747218950623,-2.8166859727028597,-29.50788526806173,-22.55667065579275,-24.06493002108554,-30.663716570733992,5
-12.959821734133229,-19.566804586005723,-15.07546369363263,-27.470298734387637,-18.810526165066968,-24.218295421528115,-13.156201591618423,-19.62315906043505,-5.273739887692523,-25.093377357074775,8
-27.649582927897082,-47.97699534901849,-33.532304898225306,-31.9689670922681,-41.7990423088191,-13.891153897943541,-32.06288874057712,-27.12068491752085,-30.400029103509443,-29.686814796718078,5
-12.979434491032126,-17.7322234026871,-15.437208877136126,-8.52762566774571,-7.23768743269174,-23.799772799572334,-9.285404138650776,-21.115631582646216,-11.562600307943192,-22.24522031576867,4
-15.656248002154685,-8.912567996068281,-25.028893831285117,-14.862305312667699,-15.786312340500205,-19.246403125328523,-16.796659398851173,-24.729339440191065,-18.7732050552245,-21.217706828758732,1
-14.992677878823415,-5.0653651421271215,-20.373791423331575,-11.773089756559742,-15.647471607555344,-18.193677354992126,-16.801276342633717,-22.179918933845737,-15.344326928052196,-18.72964825474581,1
-22.455866828689484,-27.602599256397525,-14.05613405081203,-20.405083628188056,-19.678696266580257,-35.56687956723558,-13.936852355770219,-47.64869526584593,-24.26995381969507,-38.869906550201456,6
-22.419638134579653,-24.454546849092207,-25.736547054372927,-22.619968013812336,-23.704507793737093,-12.77295376502447,-20.518917012602905,-5.5089598468564365,-14.93248533954728,-14.841469252026016,7
-13.442766203302867,-21.668713967116055,-9.589775156960311,-18.63681634031514,-6.870475994476719,-26.764287835630793,-8.202323018059353,-34.71308549216478,-16.630890048151755,-26.87845051786307,4
-12.070345654355458,-15.72937972962037,-7.649126309438845,-12.798075603910437,-5.773822239597574,-24.134205204401933,-9.340345719939684,-32.911155090764524,-12.833387439918454,-26.697633500009623,4
-25.52427633872711,-28.068080550201625,-29.81964333148901,-25.825852149625163,-33.876602225043776,-2.409395922573251,-28.63206544540588,-18.828114853617482,-18.68980851145423,-36.29710525458754,5
-3.0854801600487183,-16.5419741302178,-10.787659682382298,-9.828496277138047,-16.897295197124308,-22.526633872981634,-6.122143999353582,-26.848898929987516,-17.768590884439895,-25.71419972632939,0
-13.035433449106252,-22.18263387684738,-7.783490986267251,-16.804859548267423,-6.635797551980406,-28.764384080053212,-10.142132216706928,-34.74550255093462,-16.01126307583781,-29.224835765980416,4
-18.412860366071243,-29.015132880550382,-10.561307638754998,-22.96037251447986,-15.056949440711351,-36.9264159206232,-16.046559239636533,-46.69870505558083,-23.19245385667127,-36.80695040687426,2
-11.653850420871775,-14.671785297457548,-10.478149144861483,-5.131692509831446,-7.18809668821107,-23.63596046235686,-13.351920760244301,-22.65155813481573,-15.253235951164527,-19.560605967209447,3
-15.888450148822946,-19.347534803552065,-9.825569204244546,-17.756697373516722,-6.660437165947455,-31.728061815796398,-11.242881890370068,-40.358967409095946,-15.033589452055082,-24.468456793535594,4
-14.798263562862829,-14.396235288873664,-20.072351314369435,-5.856084014734798,-17.10251526460037,-19.241121863147338,-16.63028451837097,-19.634634655861618,-12.650463736262212,-15.683325977851302,3
-10.232976059826214,-19.02440049349951,-5.296920809003458,-14.814584310169678,-7.561625847356686,-21.447596925433654,-7.595864320842314,-27.536558652486026,-15.946572091240032,-22.934535156049108,2
-4.579800776367546,-14.742806789565805,-9.799512362696873,-10.750930035466434,-15.18715252018822,-20.019480384626746,-10.280941954575622,-23.27317730866804,-13.200945498061035,-22.166810896689736,0
-15.192543475796919,-21.59990931317156,-8.033008854616332,-17.385472556379717,-7.684560206673137,-27.99512366876843,-11.381168945551313,-36.551388729741795,-18.172625329814444,-29.11479692749315,2
-26.926649371991456,-32.617612215932844,-29.94178281624248,-27.51910807156027,-31.227136934116185,-5.720138797882813,-27.838612892826124,-14.927156127979258,-22.118380189781437,-20.107184119901536,5
-12.19544679229922,-20.84507741335133,-7.73705744222405,-19.974452521137156,-11.099413094666556,-23.842634532762286,-8.856658013565273,-31.463201283194525,-16.428615279599224,-26.509962467454443,2
-16.522398847826597,-19.814442572725827,-19.682816620682193,-21.070360498539877,-16.760152236977568,-11.307373794620688,-16.131867233213736,-14.890561721350819,-15.465199243959907,-1.661600218158485,9
-27.800104691355923,-32.468000661800666,-31.478620637755526,-23.932080650723883,-31.322680638915152,-13.93325393307828,-27.511528599091097,-6.607115847168384,-25.29342247340358,-20.91088683441887,7
-13.457378471444432,-23.64500332141637,-23.288088813034854,-19.048392169097923,-16.582338377279903,-21.28687084042718,-11.89559189358974,-24.477994894004944,-15.85180321673206,-25.651426577150946,0
-15.936696093002771,-4.653759508468531,-22.360850905831345,-12.14485393501608,-16.12805089748123,-18.169725330146182,-17.226858181081763,-23.32422884582463,-16.703284233086464,-19.686342395953353,1
-18.78130708084071,-4.009757621860985,-25.095888524813738,-16.592476478872406,-18.1119719037807,-22.823087498503785,-22.175397160197683,-28.12111911328805,-20.464468568399756,-23.733127586350133,1
-14.2487106024842,-22.961103267604297,-13.847502503096,-6.384836845708667,-12.882422664722094,-28.788920427707264,-13.208967278468876,-32.594168785876306,-15.660695588583131,-30.158029291355767,3
-27.632185363295132,-32.45293276812816,-29.100163139175507,-27.902244278024895,-32.121212248113956,-12.766307443993576,-26.523703351871884,-10.92386829940975,-23.76782671193705,-19.569288762682596,7
-37.52591147017721,-45.93077747556535,-44.124646796556306,-42.10625501503012,-39.64087388534017,-7.382017791154087,-39.588855975837845,-33.6378066083101,-29.120757295294517,-21.607727144130152,5
-16.520182847179438,-24.240906081540608,-19.13092160306416,-19.353738694362384,-20.613290444431918,-13.832092062398463,-18.44519448924352,-5.28880306042417,-12.684848386354778,-6.601910066055588,7
-22.366450335046427,-27.039198568224244,-23.161699264655013,-20.039206464858363,-20.53157238004992,-29.655868057436628,-20.39809282131628,-40.959706155530455,-8.114707452993922,-30.4207187264505,8
-25.527316457657538,-36.63460421294162,-29.141257646194152,-29.105657703050408,-38.168833976018,-4.269597538401061,-32.980074186083954,-18.368201611734673,-19.27706085836555,-36.32750296041315,5
-13.493068442741846,-12.87100941154937,-18.413669419906476,-6.056996717352531,-16.342426924059353,-19.582776084464637,-15.3207672030977,-22.40829144035319,-16.32313319106074,-15.998999806969842,3
-3.1005127372835886,-19.072441610370735,-11.721795219926689,-10.899756298403881,-14.993611454075364,-28.914535860174905,-7.640972474369704,-29.134526249643933,-14.200205691310398,-27.02055273555228,0
-16.411010012849925,-30.25727014568987,-17.596581742368173,-12.795120277563091,-15.702363287481651,-31.91063833732496,-13.198589026033778,-33.195964456778384,-17.465548761914825,-33.17125269605626,6
-20.89625550010974,-22.60281898950923,-23.846591175692353,-19.07300009087992,-21.607374483246897,-11.254341899971168,-22.61953891722724,-3.6916226604174933,-14.811751179095126,-16.903749387855544,7
-22.298057430770694,-30.63321130824689,-26.01260212767803,-24.23948758176607,-27.620378610551715,-9.536975089526168,-24.0334615974637,-16.850802138666236,-18.671730447839913,-3.9956071556806,9
-18.44789557986299,-28.39531417427261,-13.497399709256811,-23.204373521550405,-10.014699188135696,-32.56936505564893,-12.451895588038756,-39.14306745615788,-20.76308704285543,-33.579854404826285,6
-17.087722213709007,-22.922952618438117,-10.441910180867504,-21.931707409664117,-12.496585056385204,-27.953572790752563,-8.554921726053562,-37.62443696557464,-18.159456202652656,-24.80099891828724,6
-6.9921513434795335,-11.328664585961523,-5.147684662599248,-7.129693091804797,-3.4856081372655137,-11.694763624130912,-2.073958797465654,-13.743984611521801,-10.357170493616424,-11.945101800819389,6
-20.470955821808207,-28.503213571709033,-23.705955649616264,-25.18258277277466,-27.32536493883625,-19.84159939765285,-21.55594823587376,-18.37609791404139,-9.301101148954253,-29.15358019190705,8
-2.7517866777773587,-12.643179689421437,-9.810174865364202,-8.039865833055975,-10.893377842067228,-17.622667523173373,-5.5574070012430274,-19.127813428487414,-13.042483087748918,-19.013580264172084,0
-14.431449677963519,-2.1993863713537394,-19.488009612882088,-11.803224683674829,-13.418211128230823,-23.772117130295708,-17.900807249187714,-25.176189983003376,-16.728426311154994,-20.370853722633882,1
-10.331838024755202,-13.10341272571914,-11.984780248821101,-17.713440207310967,-11.603432831881642,-16.341901043864652,-9.51206398806383,-15.640078327414567,-5.9276893479780535,-14.00250565677851,8
-24.351221992860268,-30.310771527277865,-29.457009092424894,-22.873693872394025,-25.368410448692835,-17.240748045424724,-24.212965770625733,-18.732037104894957,-20.292293592503835,-4.417016971646012,9
-17.042641004345818,-5.500313803398874,-22.187658485784915,-9.912892712187626,-17.584992911556785,-17.443627211120862,-18.29033999802924,-23.842020609081796,-16.895243436347865,-16.217516548689158,1
-21.08984218897315,-22.73331630700574,-24.090478101774224,-21.7087085901521,-24.416741904574277,-12.812981798639244,-21.239163981726527,-3.6394949856017105,-17.75254995884317,-9.503154000367394,7
-12.65826937187511,-15.821835730714094,-21.478777452799157,-13.195925591681421,-23.878187372214537,-12.158396623223933,-16.693786085365367,-19.98174039156464,-9.83197102589018,-19.846214062382987,8
-29.956800231780633,-33.962872857235496,-31.410842149104745,-30.901029110466617,-31.92615850217651,-13.200055558968003,-27.76951538464119,-9.843987952924234,-25.536416495092393,-21.130534720682395,7
-22.831924897008108,-26.435505573562033,-22.20473074667378,-26.70268155796048,-20.463570973644657,-16.92196235952262,-20.807511492893997,-12.18289740774434,-18.805094953389137,-3.28530467286999,9
-13.849592869884958,-18.760279351383886,-19.189064700977216,-7.192217572572009,-16.084479278146976,-16.770913123825586,-13.570997035324636,-19.332204647132997,-15.50655390725808,-21.37134926017722,3
-13.673006878552794,-1.262027456350976,-18.241723623702498,-10.097247028793593,-11.794408735010721,-20.767509522971118,-15.630115297541325,-23.167105370308207,-15.786383540511583,-17.013139749882992,1
-18.877644678791917,-24.57940333842857,-19.57535295033339,-20.68466990747018,-20.425740713288416,-32.37249037208875,-17.745388552462195,-34.93515803338411,-6.031364396213247,-26.029334603980136,8
-18.40991242095773,-23.919530221872034,-24.341561362312852,-10.340135810036717,-18.379004560378238,-28.63714937052973,-16.423010953545802,-29.57574833988887,-20.50499165911603,-28.866825277345974,3
-24.73559274595905,-34.55891011275357,-28.949508556035948,-26.94825718204957,-27.7833428580045,-11.270967426449973,-21.970343281798133,-23.51286612687108,-23.43771019101775,-13.294432735597207,5
-12.935961877596313,-16.07441470330376,-9.92091175822193,-10.225248065006465,-5.277357748127613,-20.661949148399792,-9.56179531476019,-31.86529394078624,-12.878382142929407,-25.060848694714256,4
-21.829895643396743,-25.632060196691604,-24.473443100121983,-18.41411426185242,-21.73663483479654,-10.229164927438816,-19.784150270504547,-4.6639905703298625,-18.567280128401304,-13.058961573125234,7
-20.45718060802208,-24.10464200104354,-23.1348462680332,-27.73034948214024,-23.62939707326092,-14.412678368563116,-20.716293064322354,-13.672323208419309,-16.405225765277585,-1.1880492126568756,9
-19.187255003875787,-34.68526504739727,-17.73511908915151,-11.111298610203542,-17.141377888105314,-37.23505293966019,-18.00521602195222,-45.41666895532376,-23.37034682553434,-43.49963877528557,3
-22.005287695042615,-23.40475276023487,-25.67941176055704,-18.522259655751885,-24.608729990164885,-10.92120644395015,-24.013634209396848,-5.0527214493746095,-16.034619209134025,-16.38663526680947,7
-24.93450981871287,-28.399308774801014,-24.326379566888452,-27.246894274908765,-24.225234468636522,-15.595456139263067,-22.38041723543838,-14.075125768919033,-18.85019384865668,-6.465706063244471,9
-22.50407634973474,-33.133416812762405,-28.76995109090952,-26.621949349093374,-27.045547918281667,-5.020677008180686,-27.062717510950268,-23.008408369632857,-18.59523720028332,-31.738322123401456,5
-17.33570620905625,-2.5458547150007345,-24.23637010912638,-18.823754186960628,-15.696375774039023,-23.650858527610712,-20.632796953026872,-29.37043720975942,-19.691731229111195,-26.393458647410583,1
-14.94336289015868,-29.918311338857368,-13.512480089013494,-7.052680327818372,-17.546748637493124,-29.949876013679113,-15.751530198123776,-34.83883081176642,-19.651140532996816,-38.78269537792409,3
-15.895438454372572,-20.613066185683248,-18.223534353572138,-27.0852265026566,-18.522284400125272,-26.8806669679898,-13.182374868102878,-22.11912768125481,-2.3216160224940405,-30.559383337768978,8
-12.114797088826519,-11.204914755509048,-7.322023833653673,-14.439526217762651,-4.888263056712799,-11.518260080878191,-7.132906298110973,-17.993801248145765,-11.57272905537833,-12.501262873034554,6
-26.08288562208309,-28.737122913451397,-25.930845948895318,-30.97777675962382,-25.379950267252465,-15.724622253067032,-21.861675297702817,-16.558966945308928,-19.651469451357613,-2.232001446118029,9
-19.363294561691873,-39.523387188569174,-20.812231308443952,-23.806640924044384,-19.877137080023786,-37.22452209111335,-15.549667580802222,-47.3995230154969,-30.683144711793776,-42.34330481290371,6
-6.799347521376715,-13.395390682531039,-1.5142034969456906,-9.433372377049187,-6.254213736525289,-18.679438066352382,-5.014881239429804,-18.908761792870784,-11.957064713012938,-16.367974720539273,2
-10.717901201743466,-17.547930976428287,-13.744443574344523,-19.138178328624818,-17.203258171454497,-26.866965166132292,-11.902071311848404,-24.81709543572575,-17.37487605815688,-33.30505206347724,6
-27.273278481887555,-33.89809996777528,-33.31126724183103,-29.655494838770224,-35.38533425966441,-4.094420156986994,-30.077757584505996,-20.87745635027374,-23.22389257058543,-32.896270563890724,5
-8.969751316329107,-13.679487513265169,-7.247954749776535,-8.650442973917704,-5.103624483718332,-20.49514908915624,-3.4218997669413347,-23.520084433562904,-10.082467198203043,-20.127225988128373,6
-4.139856275389626,-15.14252002597414,-9.810592983528878,-6.407299850797918,-12.240844271565441,-17.635868852336383,-5.81001356488105,-19.99307529554734,-11.835193023076128,-19.900536611861572,6
-30.33924123674966,-36.23072586408742,-35.714418384262956,-30.723354476816596,-33.17643179219911,-6.978162333046675,-33.391323954368616,-27.492167602732547,-22.32780538444317,-19.33313242178507,5
-15.413941164293407,-4.936595478117692,-22.43259190679897,-12.37475326123021,-16.44636921156256,-21.400142024077663,-19.38665791689837,-24.68526799273225,-17.596700614869736,-20.319050206536488,1
-32.123906521574675,-49.78544296502172,-33.7688095115965,-31.591337017342372,-32.90387823171467,-47.36440731956566,-39.06094500298281,-52.85826908675508,-37.25039028338618,-48.289597101123036,3
-25.9627522610056,-33.751581751092296,-28.439956865083406,-31.780951177084926,-25.889137572172242,-15.424130866930545,-24.9564241243287,-18.608975089412382,-21.422772929490126,-1.3562547842497832,9
-19.78528423675132,-26.116411407480765,-20.28468568397418,-24.050346131349468,-21.38946972574395,-13.435949406833014,-19.54909573311039,-6.064859495542522,-17.393088797021264,-9.706141339444436,7
-16.700632827437055,-19.78339192637996,-19.99436519996932,-7.711258270509121,-16.075783471848236,-25.432815963469288,-19.421792974159363,-28.743543274081716,-20.574201531475598,-23.54837792490402,3
-22.508469891137402,-27.04631021872803,-23.893724483024478,-26.1574979948584,-23.002597587720505,-14.590949078115159,-20.320406586820464,-9.622888137674828,-17.45845391096613,-3.107009929506035,9
-21.301240710567303,-30.66145808960667,-25.31974935146295,-22.458032800485267,-25.21971476954659,-13.631555308730281,-22.074185817094918,-7.437933826632143,-20.583188222366747,-10.01046201494515,7
-26.147985460593812,-38.591076238373944,-28.487275150457197,-25.46456689628143,-23.706086754103076,-42.319724219624675,-25.516115356116803,-55.99235615180576,-30.72392542570695,-41.98008837500211,4
-17.664503063055367,-30.79737073844569,-16.379609496976972,-18.065819957178007,-18.007717846085345,-25.292547498874317,-16.47256542531836,-30.84112773463283,-19.634571147815215,-35.95892196672191,6
-19.727586769771694,-27.92140620255045,-11.330566390429816,-22.083233202758873,-10.072943041941143,-32.50305016486672,-13.691566138233233,-40.7174802697191,-21.040944091949093,-31.49703195100535,2
-14.39942586327731,-19.703283669293537,-16.833803856638045,-3.5999762168076974,-16.36788738003598,-26.447590472920332,-17.28152674771006,-25.76032555311148,-18.53176271388948,-23.20466668289583,3
-22.91855067828316,-27.088568874818154,-26.54572931569369,-25.750727154469313,-26.24393533252065,-14.1627205261719,-21.997008266920915,-9.944397327769178,-19.017870022244708,-11.863999117043628,9
-10.083853469733588,-14.04727011849362,-8.686213865763213,-10.14545534672292,-5.751578567137134,-23.53084420144947,-7.533915865469562,-25.47529731432452,-10.179252036881229,-22.751543781201576,4
-12.6284386409596,-5.712312266253813,-19.465429220540823,-10.636941700981039,-13.883326435287852,-21.931905734494766,-17.392429113672087,-22.868969677816633,-17.307577607607417,-20.456277403004723,1
-14.680265872365919,-4.047283000588572,-19.585972159028184,-15.626853406754378,-14.683613265810251,-18.00752639092424,-18.69175096972369,-23.324528708689034,-16.40656411116066,-23.544711865382148,1
-11.877137080914332,-13.983642940484463,-12.3471776382397,-20.160678207015795,-14.259957111665999,-23.80607265420545,-10.287112365848056,-17.831982514504528,-6.218865624987328,-20.12827554805699,8
-23.209885715501965,-25.860432799636303,-25.89755048716439,-18.81154088205776,-23.720792799320282,-12.143607499015987,-23.376714359846257,-3.441092399249229,-17.839158106541827,-14.84377456161665,7
-25.776581017001075,-29.535302484982832,-28.804427760303398,-28.17303560087787,-30.057718368803872,-14.541071298766143,-27.587276509531566,-8.146588473830564,-20.447972958629983,-23.721605414878578,7
-30.39386496920035,-36.976543107269976,-27.89395888913817,-31.461538765777973,-34.284061616942765,-6.53103440761698,-28.884292992837054,-25.427358673223658,-23.978113940577465,-16.995868210022802,5
-19.771155775524036,-24.530839731263484,-20.44079083343356,-18.059988104726052,-22.05575268470069,-17.794845361457867,-20.726842132350313,-25.154418260496463,-9.884871306737402,-31.718876552727725,8
-30.180548480938494,-32.696503328102075,-26.830384171769637,-29.393063918454075,-26.016960884432724,-29.72933689947514,-19.664937629813153,-39.41077864945898,-9.298675366853102,-26.808664305261484,8
-14.177102619294612,-23.010915716194035,-9.985414835212087,-21.221014832309418,-6.403227823431137,-24.30111952319902,-10.339319772742334,-35.07222344888076,-18.9205572668758,-28.40032953408257,4
-22.125930788067567,-25.76285724670119,-29.353044371033327,-26.793155186732974,-29.249392365496877,-9.811830425570935,-26.27957618992316,-22.997222122131074,-22.665492064085793,-16.535046009070868,5
-17.581523410941486,-25.00514771661775,-19.7426293715042,-16.83146246846888,-24.283109815625092,-22.864732019348047,-19.02535660023197,-33.46545175756771,-8.096579237437753,-30.8531311386994,8
-12.397510238158956,-6.009776743403173,-17.365415861185035,-7.9089888732345885,-13.927269519741257,-18.137230316256726,-15.02398752998805,-20.09316475114298,-15.189572060769173,-15.859916167115006,1
-12.728391213559918,-24.158508589355165,-6.584275627911524,-17.183901075876875,-8.0555034636974,-29.882948313041705,-8.76900744724811,-34.113767274441464,-18.490376492376022,-28.722495576173433,4
-9.152107926642898,-15.005384658566081,-5.927506803968915,-8.876587636495085,-6.685633882034907,-17.29947033132849,-4.425514250700841,-22.737700396206417,-10.58952424454199,-18.65349891391149,6
-9.396849472621517,-16.380265208246847,-7.1572956530601,-9.559344618247914,-7.102833890435015,-16.740025108245533,-2.788067259066696,-24.730841580551495,-13.20570990980112,-19.338148169544667,6
-17.067136348884937,-18.076722258548404,-19.524257674787368,-14.469201827310869,-16.571939646404854,-7.847968862033604,-16.019431939710675,-4.342725982507025,-12.38024130195141,-11.319080228089655,7
-16.925471150226024,-29.26118384965027,-15.952473892664772,-3.091627914904886,-15.691830799082885,-35.811667305848225,-18.23884973666059,-33.32440187818768,-22.693012932709173,-33.21330918606715,3
-19.538489636242836,-22.69281088026823,-26.266432459150444,-23.543030170178838,-28.353972611770068,-8.80619090284083,-23.00902953227973,-6.1580111354040445,-15.46180934175219,-20.799182651297816,7
-10.961121339646613,-16.09633219781252,-8.829736200306321,-10.902496951887787,-5.146816696749684,-18.894262928181902,-4.176322023287388,-27.424355104020393,-10.87925783185327,-20.584627619367343,6
-24.70435190151481,-32.83157733547466,-26.906450695858663,-21.651679807266664,-24.43798102597084,-9.1408729833112,-26.530748274733277,-12.474085916553856,-16.972496673628882,-20.964827429106954,5
-16.740367263897987,-18.839964847955386,-18.329987115783503,-17.871748791555266,-19.950835314248373,-9.127415027278744,-16.928812005673077,-4.538246620170362,-12.803873299722717,-12.218371203240359,7
-18.41475172882121,-7.068240076042473,-23.228127241966437,-12.967906510203195,-16.591244287696977,-20.54380295213483,-19.961346175130814,-24.721109443068165,-19.771007953216586,-21.955793340157395,1
-10.612377379573061,-22.31117429111277,-16.622120478778967,-3.6984894978625897,-17.091220077880685,-26.857400880714827,-12.81183452903942,-25.169093667954026,-15.409717724665542,-30.744612370394897,3
-18.12943162233751,-24.257975250615754,-21.63029320960462,-31.03522523314911,-23.440860645520747,-28.69652529934,-15.011310014681369,-25.963109188634636,-0.387067228127162,-35.34118009331336,8
-20.12580776616626,-19.163247785647346,-27.16990882998143,-10.422369596926151,-22.548356681183265,-26.031796363138852,-22.14704430153894,-30.74504291600127,-21.48535146155264,-21.082960216250278,3
-5.098028033823853,-24.923679942735017,-16.79076873082285,-21.59964420727172,-17.99329483477208,-35.709452257113306,-7.992043315559796,-34.70465051787079,-17.368564712320538,-39.89797023841434,0
-13.319107531837481,-23.5103985100681,-11.974950633618334,-5.541252981701494,-7.915000906669021,-26.514132948727934,-11.539922533511426,-26.469262209241606,-17.48685620702469,-27.174954322475646,3
-23.15264840446271,-31.077641853399555,-24.550137058717013,-25.587892654522285,-29.178479765761814,-26.950565300620156,-25.102350115389154,-38.621584738338605,-9.303449435763618,-40.480421618526385,8
-13.9898147735006,-23.916292235183576,-9.85576785496793,-21.515296389218975,-7.447072059313958,-31.041013239840062,-9.815924553816075,-36.80283356601055,-17.916665945866306,-31.142553969307414,4
-3.4001836451392826,-14.022476898510881,-7.211082303711315,-10.469645480608177,-11.080454133888097,-23.260183644962535,-6.422340523544564,-19.514382077151176,-11.2627420239191,-21.2442825095735,0
-11.772554402996754,-2.645022700140502,-15.2840004345307,-13.625395932605018,-12.096106627647195,-14.5859831369574,-13.96762390758258,-17.85721880175331,-13.476492947303965,-17.72369774429727,1
-17.181816030744706,-25.237380802530943,-20.795285728748922,-14.719228618961955,-24.18356687159347,-25.98733738578191,-20.74776459556356,-26.8919076352185,-4.249953915642022,-26.487416940778466,8
-2.3676259938331126,-11.402874134167101,-7.329602411969218,-9.034750439615236,-13.425908670756796,-20.318119276079774,-6.678735522626816,-19.805051959226827,-11.682154198601198,-19.366670307478262,0
-21.018516713785505,-26.478952713368955,-25.97667307716806,-23.335620891417072,-22.72418386153421,-11.460007681291373,-23.074418552341864,-5.793196496424369,-20.506942150712618,-12.90742986355618,7
-8.545658084832002,-15.129797632568305,-5.920975727166007,-11.667376856811439,-7.029966323694594,-20.01252299502233,-11.22264926099276,-25.64135675375245,-15.60531939367837,-22.664756324520443,2
-21.821599404914995,-28.265839779797556,-24.049022945648236,-21.859461710942547,-22.274918925466952,-10.539768172163408,-22.58668614357781,-11.628044808517751,-17.826927470260078,-16.471916558019004,5
-6.198627691607354,-14.019847886808426,-14.22985641300701,-6.2581256316791105,-15.433631311145826,-18.281617390244907,-8.587660009979132,-16.634630858941573,-13.703454668007993,-18.41986942271065,0
-19.647420173844772,-24.848896310734478,-20.791440888511627,-24.607372251632846,-19.31755495403578,-11.410117189700674,-18.15406166107432,-17.962924771940912,-17.998128578826638,-1.105942033457577,9
-19.285172325421076,-6.722531059320103,-25.046979681350862,-14.57341090276555,-20.318871837829,-22.953038676263773,-23.06989700636324,-28.137793013199676,-19.993749292052645,-22.21566190558673,1
-12.094015778814555,-3.1808165922741343,-17.589727173767475,-9.610136828255914,-10.93808169005829,-20.498804279496532,-14.922996870909971,-22.601614875913324,-15.712528694313045,-16.301809965513936,1
-17.653139505136853,-30.057082145627568,-22.758178734962556,-9.607077380897184,-26.805987508806556,-29.44676714656519,-22.245850750013002,-27.304644146320186,-25.0347618969405,-34.822611765219506,3
-26.02795346150434,-29.794691279085235,-19.495884061155415,-29.810853306765008,-21.519914338647826,-44.72242257294762,-20.625914265394975,-57.19856198503494,-25.849474947454247,-36.42581321023851,4
-18.844365535881817,-23.957117350496315,-21.407328542195273,-23.541714864487723,-23.436352871524598,-10.541750171951248,-20.12382652995663,-7.129834155710127,-17.369719747411853,-10.487066109850383,7
-13.625328653321407,-15.37382742352397,-12.691488124171888,-6.540106889210185,-11.696978687126874,-15.798330857959044,-10.477199749407854,-17.43417601739188,-11.517192976329294,-15.586863679591508,3
-9.745979127616133,-15.22756609856503,-5.625493983363124,-13.216139242094199,-4.577633411633739,-18.439862177561785,-7.161653744804937,-24.249717130649508,-13.080093221586676,-21.930352584630796,4
-21.84740781668241,-24.921429140268362,-26.435140822897026,-20.91103846423734,-24.11920083524999,-12.92447861060664,-22.55962717034392,-3.312752376298512,-14.959890761130554,-17.501848322989698,7
-16.49302208980492,-20.884751991292713,-18.30456108213652,-16.423253099303103,-18.89846923229898,-23.611527351911047,-16.23050974431292,-28.99634101414385,-4.689255963831755,-25.351184088069004,8
-21.9845498809168,-27.894537580130606,-22.397472620392872,-24.632872007463096,-21.09845786329241,-11.964388405727156,-19.79844343950015,-12.767591597477987,-16.408475483033246,-4.982537410660202,9
-3.893074759879658,-10.175392232462558,-6.663175727729139,-8.379817753367089,-13.598668507069885,-16.619591695729728,-8.34123047487253,-16.176950244259547,-9.819098853613344,-15.888877585039946,0
-11.360932969295812,-5.062921299274296,-14.499195944657323,-12.80625706484407,-15.5910636850579,-20.83888765126976,-16.48913321307272,-22.506343330309463,-14.242254731194201,-24.003128137806637,1
-16.5222758892242,-16.507595583295085,-23.403882311068347,-6.651392539867451,-19.60228972849664,-19.08435575085183,-17.58820799377524,-21.409749277751473,-15.228717146362259,-17.33984545251129,3
-31.888986929803075,-41.206387674758105,-40.01857051852027,-41.55902327964298,-45.39363066342473,-11.037025350751193,-37.78086390214989,-31.116658055780842,-28.3679502757929,-28.6519070013727,5
-19.86405982020738,-26.393049583730704,-21.2299371339778,-26.979448228663102,-23.55152315331328,-15.44948763810877,-20.50755376722233,-12.461008161829575,-16.03490326147113,-1.724983728275074,9
-15.380756972716654,-24.209716942853376,-10.479135002980856,-14.46797425920976,-7.468193369485603,-29.710824572156408,-7.411192255823824,-35.65874533586689,-15.051181841094477,-28.282862666819362,6
-14.154790585211558,-16.664776417503994,-19.710823322918433,-4.906463292743703,-14.745367209227227,-17.81740009052636,-13.875969978901285,-18.45007319021607,-12.134411144544538,-15.992415015550058,3
-17.453504964805333,-20.0293623088203,-18.81335020465284,-20.34656532315614,-17.79274941849228,-11.159841645093172,-15.966132554555301,-9.666713918836415,-14.244961644704643,-2.818086826477173,9
-19.513687180747198,-24.17585361079953,-20.080808503646296,-21.691547354754768,-19.739575293567903,-14.09811937139711,-17.8948317460968,-5.219213298567425,-15.278059975993663,-7.690775053086749,7
-15.948021841973636,-3.459589997394602,-22.222396817252555,-13.848239637335675,-14.94669304103786,-23.12219339175876,-17.77430330435746,-25.929100673871133,-17.921754423257426,-24.784051378890616,1
-14.121598049517933,-19.82155913204763,-8.824619649636626,-16.61853143802245,-10.75688298032996,-21.5985878787165,-8.766806891229457,-32.30171472581886,-15.620448168070329,-24.553338463571173,2
-21.355432226632335,-25.55382149928607,-22.291533885339934,-26.708995884825363,-22.01317480479143,-15.822951478858418,-20.67256699254795,-13.023798057836158,-18.066354581538203,-0.7851070820351236,9
-2.2092340624482514,-14.842287148301692,-9.963570922391092,-13.085947200057122,-15.835030482695263,-21.45715299152632,-5.630597297953783,-25.360228973034445,-10.528320175306401,-27.115663593727437,0
-12.53104392638203,-9.216741822507446,-15.600634625529342,-16.50068275918233,-16.649108267782747,-20.971267752443808,-18.930175966814,-24.46381067163275,-15.900026764048755,-27.86320464924152,1
-21.757918609462116,-25.760436507613676,-26.492471681043188,-23.370867791558517,-26.354281710025013,-8.118866976398188,-25.933403069076608,-6.655554257691789,-15.204255758197085,-24.888883161102115,7
-3.8538138961158404,-14.577953611013292,-10.133626127647835,-10.002406943588653,-12.436071802551918,-26.89394068992214,-6.254148693397467,-25.494227512398265,-10.648085956288993,-26.70697646489349,0
-3.4385681629658063,-15.01604526249453,-10.264858693063708,-7.481011826633353,-9.392409448045347,-25.336552409189213,-4.867478354122395,-23.981903486972474,-11.55050004087469,-22.766916469555404,0
-37.96486218280797,-46.028999712307645,-44.3560187348198,-37.60640134264487,-43.28777423972516,-8.024669221198398,-38.81186855008992,-31.878722921709418,-29.476124102515787,-27.95486071653078,5
-14.366023044846752,-3.587769367754693,-21.324788948210387,-10.828517860774408,-13.49011432065661,-17.68776570852175,-15.96234265196861,-21.850545787123366,-16.81462690381852,-17.3902568712925,1
-22.430916494796143,-30.368784715396725,-24.271017130264145,-29.41384746039615,-26.102148723066968,-17.371437070140395,-23.080272573547248,-13.229105724296655,-18.31675641374702,-4.667222915311174,9
-24.770362904672282,-29.437548476464826,-25.07964800220206,-26.420298468308626,-24.970382594706336,-30.47969405449585,-19.806218229963896,-36.14010790981769,-7.93936921066847,-28.063831948178,8
-18.33924954856076,-21.12463161730617,-21.07078630802861,-17.64502649708574,-19.496674465048994,-11.623577875091001,-19.05134506815365,-4.846707136479664,-14.147224171848933,-15.851130954690591,7
-13.148671719327725,-14.789007529475358,-21.558666303026634,-9.401260466439224,-18.187175442098987,-20.524397510487358,-13.127133142234298,-21.411595138950677,-16.727113559668012,-21.04632427794004,3
-22.50866413246319,-27.740590352005427,-23.978328601832818,-26.799527376835247,-22.473450248476144,-11.831661711466568,-20.327165306262255,-14.791285930053377,-17.369852763486392,-0.5793278994628084,9
-20.061430868957924,-5.427895761797844,-25.348094232721596,-22.15729812379208,-22.020367642925137,-23.530018127496497,-25.2168873120232,-33.106807250897255,-22.428463962889904,-26.54597918438009,1
-2.936481922748928,-16.39529012893984,-9.970139899522998,-6.772615930294152,-15.277234764992365,-24.04495091048213,-6.233277439192439,-22.167684229168085,-12.355052890743499,-26.105180047118488,0
-16.61162763008226,-16.799662934951627,-20.33873443498402,-4.4573525756754275,-16.488369494657483,-21.22425849206513,-17.109158101524997,-24.683458796995467,-16.31729344102432,-19.909456782007787,3
-16.731730651805158,-17.500568722915983,-12.764764514189297,-16.68086607267306,-17.651581109118844,-14.26817842392531,-13.089086023807022,-15.502694340859525,-6.912487975516763,-15.92328977755129,8
-17.468712623102427,-20.764737484426252,-18.736698246753985,-24.213576540342103,-20.671182888951012,-11.626115838295663,-19.06088917932543,-11.275954243281278,-13.16258583912969,-1.316591845657105,9
-11.63172817341388,-18.53010816971216,-7.344125250638952,-15.88558425900623,-4.430861969971164,-22.30593725140901,-9.661486583259029,-28.128599260227315,-15.279465138432252,-24.678848389164735,4
-23.375254328560246,-24.25315342668485,-24.391829859372532,-26.265715670664314,-23.312934764785265,-13.228674225209707,-19.87822685304376,-11.462872376862125,-16.61002163273311,-3.4692652629053815,9
-22.01698062869918,-20.26679793638212,-30.221498945119922,-16.16225191754852,-23.806617485935007,-20.0597229642415,-25.902208817803068,-27.405589370381268,-20.76433101740255,-23.802630397730304,3
-16.485787232295504,-14.950739880614345,-20.04179372159024,-15.734812123432885,-15.871460684955043,-14.194325328092253,-15.168602175642116,-19.801109193905734,-13.320643104487917,-8.242643004972356,9
-14.995231541563628,-15.209748648139495,-20.21755862047332,-6.732374098599675,-20.119297814333734,-21.818091493265378,-19.506420014101092,-25.93613325422127,-17.240346343690923,-19.095379197309178,3
-10.033629585468102,-19.702214019353832,-15.675670498872456,-18.221012278682274,-16.144882844231557,-25.67883680442805,-8.50842210763799,-20.80359220764199,-11.468584236419112,-31.805016695893997,6
-13.613946330410318,-15.868895464628894,-13.935502217812834,-21.462442116527225,-15.37285005647462,-16.917638790949127,-10.81178937220224,-13.953440401313555,-2.0452123038926353,-16.667476198212057,8
-3.676072399996341,-23.62352182445253,-17.803325490167374,-15.853682291975694,-21.31292507656343,-31.608838633353507,-8.427752172698092,-32.65881819108384,-17.043885016700862,-37.124532632020966,0
-5.7618441822355475,-11.827025395638868,-9.457488834022184,-9.054040743292338,-10.162512387142328,-16.71832744811817,-7.414447491507648,-19.08934171670269,-14.903812230765997,-18.271195580157737,0
-16.87408875573099,-25.177944185376212,-24.913818984779095,-27.836941622705748,-19.661542863102795,-13.354854208852265,-15.384165158564118,-17.951485535992546,-11.257907188437915,-24.76410933710206,8
-23.316732251269176,-28.07165314918372,-25.278580571614444,-27.91972663875755,-23.463094431912374,-12.585347194440567,-23.394974949729445,-16.219911493733797,-19.960757927229665,-2.6975535185209956,9
-25.964714697233852,-31.187737931865833,-29.220006756446796,-25.400673564067574,-24.227039698338302,-12.191764462774843,-24.292708204780574,-8.000854809485213,-21.294670432982684,-20.177534437210014,7
-20.422441401297128,-28.075542033536106,-24.46247974642974,-25.391018999024702,-23.968743665320076,-13.20374408098937,-21.466489329711475,-11.03473712142213,-15.89046805560591,-4.463814569513141,9
-2.403013506645705,-12.083981437776291,-9.186214435857018,-8.339030872952083,-11.874539303346905,-12.654744249373424,-5.158505417942708,-13.516468935783328,-10.932364746044708,-13.237732652958268,0
-26.497166782165277,-33.7929087710911,-29.961815344110665,-28.700846759548437,-32.33723375061944,-7.048330713608101,-30.873855283802314,-22.638572933025234,-21.41951597914889,-19.360433462403723,5
-28.398188428014556,-38.04115528639815,-28.844816196605326,-31.390734357425874,-28.013575462606138,-17.454249311261247,-27.086555408749543,-23.207080825058206,-25.518571709654537,-6.178541914818739,9
-9.435172495035602,-11.190171585017147,-9.040566196555245,-10.166181479649554,-9.220112054284261,-21.85772067584868,-8.474533914988012,-27.901116210112164,-12.618913341260294,-18.31101430836696,2
-7.611954688150711,-15.505421749992088,-2.862617208692142,-11.985305422766084,-5.767364815025786,-19.91415033974535,-6.566331884465224,-23.324956634106904,-12.800273547326753,-21.806060081486812,2
-30.07032902291297,-36.476528967191726,-37.216022649958916,-31.928298710671157,-34.79706925147254,-16.91582993646412,-30.17408080714721,-9.661654308720426,-26.568383272509077,-22.08120827499576,7
-22.87859617975541,-27.491036049512573,-26.480705749983983,-21.49879412562999,-25.152306041422865,-12.035893593121177,-22.83157329200849,-4.058017979378693,-18.773496633966857,-18.0815860405018,7
-13.099074395077071,-19.731143993166636,-14.987633454627442,-6.477870004983082,-7.983659837487385,-26.017387254580026,-12.975212773480628,-20.967380657884167,-14.804750688897796,-26.435696071956258,3
-16.816335099297472,-5.003921445686142,-22.71440791375271,-13.65948621081134,-16.497523246507004,-22.04532211553563,-20.39860171971618,-28.084600915063213,-18.512877791076264,-21.849866789824336,1
-21.34119703167827,-22.359123986893135,-25.260083213601064,-18.93339295449748,-22.148340197807705,-13.586811687355802,-18.94636634902772,-16.104007317595293,-15.665993448161979,-4.164934570472975,9
-13.44745249188926,-20.15839657892549,-15.13920751036668,-24.60579505919397,-16.688126690363852,-18.78996374438223,-11.988078929633241,-16.868679437655388,-5.212290353041146,-18.64640201195874,8
-12.707712622515384,-17.783658601697017,-15.346662201167943,-4.123875053127127,-15.969534684912524,-23.000777138512074,-17.041548320683486,-21.531057171789385,-18.674460177477084,-21.19907328877304,3
-12.814262586337325,-18.57485334572797,-8.979684827572644,-14.886483432984075,-5.622495156474196,-24.939590203721636,-5.809445708503681,-32.019452691990566,-14.871093151310918,-21.7921627234546,4
-18.533004833258435,-21.012901568577096,-16.274975504476302,-23.923762414798237,-20.918500754308603,-21.15819827695342,-19.289529683986856,-22.60986635958813,-11.171487418530988,-23.6636212023899,8
-22.772165310704246,-28.070469896320155,-25.233387096369977,-26.383116184194957,-25.480768952116104,-13.228882331274598,-21.917155195374775,-9.144862465351848,-19.89290325410522,-5.897763881536808,9
-15.08670435410113,-4.7033265998436065,-20.643001508458408,-12.630533793202591,-15.656678616083237,-22.923917081505735,-20.1562428755181,-26.595909870409937,-18.33997106534318,-21.054325189127734,1
-22.346041435039837,-22.354041821541465,-22.701851487195224,-18.545631789782735,-24.150752042352718,-22.439385421500727,-21.388696989936964,-29.06281153848069,-6.312391647222579,-24.243976260721283,8
-23.185129732059682,-28.956200073323362,-19.72610429570344,-19.300676128175876,-23.29314131795834,-22.22982673341747,-17.59935239621794,-28.41839247202319,-9.067337474414058,-22.029486337430583,8
-4.904380249863956,-19.433268580399435,-14.579628385601648,-9.823128601261985,-18.741224309150855,-26.125173141431173,-8.69799136093276,-30.252605206084503,-16.42431568382346,-27.156375297284264,0
-12.955685133034198,-23.691962276239902,-10.431183057020801,-18.30284491983297,-12.680796455075138,-20.23455608386105,-10.4501562329215,-23.321814854018648,-17.003755122188874,-28.778615548176074,6
-19.10870585895939,-24.124150415024936,-23.344464250916705,-20.432145978139157,-22.152661894645615,-12.61094506134142,-20.61703941614802,-7.581849204341265,-17.948381519908615,-10.84335364323241,7
-10.893134511351986,-3.2409454785554277,-16.727000737516317,-9.201779477899422,-8.614023927587061,-20.132792769390033,-12.832031259911316,-22.44167701812656,-13.13472934241168,-20.606624501404447,1
-13.954840343287067,-17.120080577296505,-10.979755461524178,-16.66513267846538,-8.133365730277877,-22.71603912040841,-8.105800561913226,-29.052819827487287,-13.263402173306483,-23.403786998293718,4
-21.521441314905474,-27.307120731363206,-25.04529175284164,-17.61387100072185,-26.742457752907114,-26.32573609638765,-18.839084609855547,-30.118480735742608,-25.375301858625193,-28.319631772557017,3
-12.508492028002575,-13.488538784766186,-15.694765446321192,-5.1178555015248035,-14.185337480402843,-19.518884539980025,-12.701980084183186,-17.891788419241404,-13.136603990826522,-17.196175670820473,3
-15.818991989016842,-24.564071279567123,-12.005570256107044,-21.193832292383718,-19.867215996213478,-35.81594293717125,-17.01791182463738,-40.38081937821979,-19.104603092306153,-31.11296045283899,2
-11.617161357657043,-1.6778732368208635,-14.841128920076597,-9.304886096052378,-9.18596737532902,-22.38237919537436,-12.587501508746458,-21.690763881768813,-15.086615649097293,-21.462818701324544,1
-17.20565076936513,-20.199653949566017,-10.221302814364625,-14.257088494758339,-7.184879376488178,-30.5937962521434,-11.350891175165923,-37.966744413096364,-15.40016115509279,-27.90458992260678,4
-24.492256848839883,-29.833036091905143,-27.750775895056282,-27.31987303589126,-28.861429926932114,-3.445373451735147,-25.11524980324014,-19.27549033493099,-18.154044910296914,-24.05743639462972,5
-8.513969846258652,-22.22468978971913,-15.141389548615631,-11.560825782095584,-16.846189117604467,-32.72308223229235,-11.116768153228113,-30.694461008415843,-18.113151063403183,-33.9773771588311,0
-20.78034869371545,-27.558009001339567,-25.76446107594754,-22.69607612087655,-25.742637431494153,-10.36895173930448,-23.18374841014539,-5.432532146014688,-18.416437695190655,-17.936903333963908,7
-22.352119672613348,-28.494203477132718,-24.489461837039,-26.198336590107104,-20.778773811347104,-31.03709548222459,-23.692906607434914,-24.645988085326685,-12.82533243698457,-22.61895438038999,8
-31.356817830450197,-30.969219867398845,-28.67091274343915,-28.872442672579727,-31.85727278858149,-24.53253841412286,-25.882706060977856,-24.17958740436908,-6.915952689860064,-26.06229264479315,8
-19.05564080765103,-31.570252719707412,-21.589439127880343,-36.70883972752215,-25.377978456491682,-28.57174576679382,-16.33626661280343,-28.388624742152324,-0.9342813113846995,-39.06995094708874,8
-9.064494226615734,-16.040491604066858,-11.767786111665849,-7.912076091660453,-14.182539435184438,-22.080591222686945,-7.667146332443398,-23.35840571278521,-13.57522788447876,-28.595202106420412,6
-15.213961439945834,-32.90623023098677,-20.86330059662772,-18.38084492161551,-22.130220966156887,-34.11654685548773,-17.271444526227352,-34.09251494996238,-26.269255575798336,-33.74993074078636,0
-16.098428056114134,-28.65824209699803,-12.182680014314798,-19.605161662537594,-16.133202724395414,-28.89368917548606,-12.580341317848541,-36.32950054425401,-20.452050614989783,-32.99041598558321,2
-27.246831859432156,-32.18099748401217,-29.815302623356846,-24.400942991404957,-29.21491140868428,-14.196216534105488,-28.052184497184264,-6.938461563531669,-21.71312988758807,-22.377381411770262,7
-19.026692291872966,-26.243559026003698,-20.644528490304918,-28.08631371230326,-24.10974065321633,-27.6457724644885,-16.179977118019615,-28.466327111747376,-5.363324055426362,-37.47104408352533,8
-19.391437997136702,-1.4610796586846562,-26.74172067882952,-13.317041665792472,-15.58381961611043,-22.169004571973407,-21.77822178574276,-27.02821275069568,-20.340992276338568,-20.857981984008628,1
-20.207396618649042,-27.35740147952706,-22.908249740259723,-28.856853122962104,-25.368107623323954,-13.088701262244243,-21.584902996638917,-12.342132493269686,-17.11528522760728,-2.9154646909936894,9
-12.299798577794283,-15.561784556161038,-19.62449282611486,-7.115889859899989,-16.833062909894917,-21.851179004884564,-14.388426846601801,-22.691824555325063,-15.06464828088003,-19.3769982300838,3
-35.03341119267055,-42.18168298729441,-37.2558456763673,-43.65327680161855,-36.60205106854714,-9.088940434255933,-33.89230497853209,-24.71436284344821,-27.918231094896075,-27.113634473161245,5
-15.632167933523936,-23.966267689321825,-9.115998755577392,-20.78518809692077,-9.315369219237759,-28.244402124214027,-11.927087150889156,-35.12181510432513,-16.813564860286633,-26.14959606565868,2
-11.086291828773252,-16.374690832814448,-9.463393902763329,-14.288310862694413,-3.3821271935185626,-19.95312564697107,-5.495709331698158,-25.89144473830832,-15.025073913593747,-20.64336116758792,4
-20.622292140151263,-23.680460859312493,-19.758593454268883,-21.73650791988073,-21.37197590231594,-32.110779124899636,-17.959431219744108,-33.375740248604956,-6.896945441926083,-26.491237653158972,8
-14.81107868092731,-22.721921003095336,-21.383801173983148,-5.621552254728711,-17.72881093574526,-25.02657229132266,-14.70416413153271,-23.407224101028813,-19.167298341389515,-23.23711253028849,3
-14.938338459166408,-8.476465247875478,-18.958246669170652,-12.2816159334757,-18.85977500385527,-23.740154492538817,-18.189157439173453,-27.12113783877785,-17.702463213623968,-28.17324038995766,1
-15.649156287021205,-4.941524599477903,-21.65988760957787,-10.259059415781902,-14.564853217981018,-19.79414338271615,-17.340320268254597,-24.642424647253144,-17.12473337360366,-16.87261517661122,1
-8.594976459391264,-24.34929293435934,-11.281526741812451,-11.035970608986544,-13.439043240838695,-24.110385973017227,-9.078355964785926,-30.77900024103226,-17.626572314876977,-28.505124953982445,6
-16.468799781696898,-5.937247387686259,-19.65614267934652,-12.819149240134113,-17.05167511241905,-21.209979414717626,-20.29331380678227,-25.183308000802345,-17.554749204755563,-19.65491145452109,1
-12.882449976134344,-19.207386892722983,-7.5766163468724645,-14.351212262278066,-5.6961234297087335,-24.2987809919111,-7.741904387206582,-26.86616667548341,-15.13858587228118,-22.635683270786323,4
-23.456750276199678,-32.03780394376716,-30.502985772420622,-19.511749663904823,-18.55605140386861,-34.061392171881614,-20.586472372563602,-39.93301576575878,-27.64534281705917,-34.79680572992714,3
-22.797988923776053,-29.969963849490377,-25.721588944079652,-26.4344216140325,-23.891280783351753,-12.236182849036341,-22.32160696117986,-9.81586243436729,-19.05417101485289,-6.702253073786717,9
-12.163091690632779,-14.440645726962387,-12.292708658288813,-14.673497887941606,-13.275628017623115,-7.098423453137549,-10.994534409545247,-5.3638215800320905,-6.754961063549372,-3.008087221995777,9
-12.90549804117856,-5.905181997750241,-16.922774042121677,-13.77047229943442,-11.387705441886258,-26.138021835037414,-10.607360959487734,-30.50922773479294,-13.85161085682674,-26.06334830187246,1
-17.381441365445454,-3.457437111330046,-24.925727355317772,-13.072409265293118,-15.487190353478617,-21.252419173867132,-19.99840845910713,-25.593939243089146,-18.860299769643017,-21.665300161034185,1
-29.465843344609954,-34.61063331221899,-35.56159060981178,-33.05088992346918,-39.740014087225866,-8.73951759092851,-28.551715628712778,-23.51803144997788,-24.978773539282304,-20.754952653167305,5
-20.717808732550065,-23.791466920552526,-22.601033838314773,-23.87335086613259,-21.86572293893578,-13.164773287103595,-18.545882043434574,-12.164115576803928,-14.674907930996296,-1.2654366557031302,9
-10.203443802929028,-11.903768156090926,-6.654162578558211,-6.605415356643297,-4.430460293594275,-20.19916128856286,-9.658796481244295,-24.745698990143662,-10.090260683946523,-24.046120206782547,4
-23.6096933753568,-25.830374331121913,-24.947047975684313,-22.108613686133335,-26.471010140326943,-7.288248520872119,-25.63586660168452,-11.00392533991978,-19.24863222730583,-25.21227551286453,5
-21.134615437001262,-25.340610746667277,-21.05570935491282,-25.179507179644897,-21.77301868596818,-12.133781623430982,-19.975375863105167,-13.679479424231062,-15.552008602929742,-0.6687195877457248,9
-29.416441954541337,-35.755151487118134,-32.064385751113505,-34.90553307736352,-29.971446267846215,-8.247612748730083,-30.573945047824406,-31.753983768314395,-25.063803686392017,-16.68208924741835,5
-29.863377564467772,-38.528591085401146,-31.177445561343482,-30.610171204035687,-38.68001954520125,-5.067363735573586,-31.319429124365342,-20.78185883888724,-23.85821179311166,-34.099520244186934,5
-9.621740375193761,-15.235523450411288,-11.531172679784524,-16.60775269089788,-12.257847926638627,-13.258434083633533,-8.487711750009087,-14.560347188536133,-4.738695522070917,-14.410973798128797,8
-3.9738557177797333,-12.545969698833591,-10.02474150123117,-8.505565773965593,-13.559804185962939,-21.101234955540527,-5.224089003905926,-19.737938520572715,-13.467241086887844,-24.735283394455795,0
-19.670199063074868,-14.956726693238133,-24.579290852581913,-10.093505627717214,-18.383202548894293,-21.519319857618306,-21.85678327862503,-31.86847763718823,-19.461738324839608,-21.517764610357073,3
-10.440548706981932,-20.964706792630974,-13.50806818576315,-7.763849344403897,-14.481404500713403,-30.1184090807594,-15.581161618275576,-29.5084775511013,-17.761276700321762,-30.04722655227141,6
-13.850364500336033,-8.562851480501914,-19.51801267824716,-11.255267245835803,-12.83989146535383,-22.37443487923843,-13.51671342016277,-26.086103020190837,-15.842109523539989,-25.83179740697357,1
-18.409689475859956,-19.316900190749887,-22.790725015605222,-18.130439613256694,-20.426871408873257,-9.407825101506837,-19.877046267705992,-2.4083043337580556,-11.872810316639564,-18.75429689441331,7
-25.219321742606855,-31.456808957585217,-25.55152774488059,-25.70462587365841,-21.63754529992394,-13.031276450480956,-20.389174142197167,-15.643210184116029,-20.295496379058136,-3.2348646535217123,9
-16.42621479369579,-17.75300216823741,-20.423419611066805,-11.189806824925977,-12.779946253366981,-22.90586118323309,-13.44618963518457,-22.309345782521905,-17.510084234999052,-25.599286817462094,3
-21.25333823636345,-29.606323039169816,-29.61065664666157,-26.314054215347696,-33.47826333190011,-5.427374573187402,-26.079774675506826,-18.235834653110818,-18.021543338035713,-26.030184482017617,5
-12.138298792513831,-20.161823871459795,-6.103870733345773,-14.933788654223813,-4.042811696128265,-24.30390733515934,-9.788748017129507,-27.948380948358523,-13.526331925819084,-25.19892368620613,2
-12.872332113748739,-22.168177413422875,-10.498420660312387,-15.912590890347666,-6.42881399592963,-23.4133621055825,-5.789762937610519,-33.494215887489794,-14.59537785622867,-25.072036827263517,6
-34.48969755304916,-40.53306851440362,-40.342750968669414,-37.06766282317896,-35.396567589955595,-7.790748157806877,-36.09612061115729,-25.92310271297129,-27.883628732620355,-20.2971025142292,5
-11.462693167639388,-16.314908245294273,-9.27607809661058,-10.739892847865807,-9.180542072266697,-25.79379598994748,-8.87784285130982,-30.879960722170544,-11.183201161509405,-29.203342668023183,6
-24.098771738799044,-28.610020771057762,-22.87431025417917,-27.89048343327374,-23.580314674958032,-18.397021817264545,-21.64073935036643,-13.806738812832908,-19.258453276492958,-2.2208440262977787,9
-17.829605946342344,-26.950460333959892,-18.465668783016756,-21.16159516362147,-18.608089290279132,-26.112755505738484,-13.621015660842122,-39.07256981387469,-8.443830211910136,-32.436517755549595,8
-19.5027088910125,-29.296042674316602,-25.622402853768307,-24.12602475676085,-27.10121042782042,-0.8812474023034935,-23.408570993656053,-15.161197415084212,-15.886907671499003,-23.3188245822186,5
-17.53277824013127,-25.06351432190643,-18.141396046928918,-20.789998453634887,-21.481712566498217,-13.370095778991598,-18.443418613858004,-3.2471617452466632,-15.458611670843904,-5.857101355834952,9
-10.898794960536785,-8.98674688264492,-8.288761822042014,-10.500288990656589,-8.985446790260044,-23.917061291764462,-7.952176196100577,-24.66507502143528,-9.189876876327773,-18.651276711736937,2
-18.76042646884666,-23.521744896479895,-20.044580122035455,-22.706197766469288,-19.267595905763127,-12.561450708428943,-18.72054163775503,-9.880512925769045,-16.321314395625496,-4.222147251536082,9
-12.769043918409803,-14.863823539319267,-14.080030643318713,-8.077775171269108,-6.4984813251288305,-20.205644908219604,-11.600566098480696,-20.004259690517248,-13.761981738011615,-15.915847984808035,3
-18.16413041726609,-22.956442297723296,-18.20172516862639,-28.554885854321434,-22.026204510302325,-25.186181964002593,-13.76347128938865,-22.104238872752955,-5.041072740708885,-22.547002424920667,8
-26.977606896438076,-33.66940060519773,-28.760624257959073,-24.639983409896395,-28.56356878317107,-12.428533274389157,-26.254510173852744,-5.582656567155274,-23.03342424586704,-13.806950409345367,7
-6.959400637220583,-12.663621955370862,-5.822247691367548,-9.163004768475156,-3.988941548893661,-18.528811553906664,-1.6652360239778425,-17.606514472311645,-10.33261942006946,-16.249941384098843,6
-24.912315820214165,-32.63207564964067,-28.576706912847868,-25.175514292255745,-32.546177290881516,-7.888681409669667,-28.860171262049533,-13.33725075465573,-18.660959645443416,-26.72800643369099,5
-14.493157568550181,-3.7442256750529572,-20.858700983189465,-11.704537062424174,-12.816801957262255,-21.49329193582538,-17.827064883422373,-25.075921503023732,-17.2652564675173,-19.892733410181805,1
-17.144164390936623,-17.22938905644757,-20.094427682976978,-16.644937403034913,-17.414121666208686,-9.02426524353582,-17.854227605958,-3.819363356824842,-10.578498963530823,-12.244570548917128,7
-3.430763994688592,-8.420844990531085,-7.038684340026306,-8.86324494490185,-7.244143811721098,-10.673875455820363,-4.670297880042828,-12.68662610503296,-9.597031587800362,-17.342037094408024,0
-28.29594554625555,-30.880378521512363,-25.52313303487394,-25.748828831051444,-23.885240728409475,-32.58924494974391,-25.332277694937808,-31.66197833913198,-6.035903293632514,-27.553344026068054,8
-29.317681852703128,-41.34906936670521,-30.266863000758924,-32.04238750756343,-31.518182023623933,-20.424771972659833,-26.792434390087188,-30.99312168321057,-18.794207326458384,-29.86447925646425,8
-22.247800561227994,-25.791843041686604,-21.067050716926545,-27.05628934904699,-22.810821512047742,-14.48791507737544,-20.468325405204904,-10.335042765409412,-18.139989049654318,-1.9186723915012478,9
-25.941244795120525,-30.174083588360393,-26.112941151529014,-28.45166814164944,-26.329937306140472,-12.584691831138159,-22.67227104838036,-13.654407971597527,-19.998856951241823,-4.565276286647128,9
-5.767000241393969,-17.667591141685158,-10.826479272899213,-7.957778608025541,-16.527169686452112,-24.697185924630688,-6.429478357120296,-28.710296362193496,-15.110187053072364,-25.583954042572163,6
-9.733174465576184,-14.074248616501936,-3.3743280930652477,-10.204295747029065,-5.937799276180292,-22.136393931448207,-9.410949420633147,-25.496741776390284,-11.554562342257261,-22.041405346753404,2
-17.96851945478698,-24.91612224495827,-24.610015564336045,-15.570212648161842,-25.737118328738983,-22.140379800099083,-19.271461111354544,-24.865578052450562,-10.671165643271483,-27.425727111573863,8
-18.987871466244286,-23.135673431183847,-18.02174857979763,-21.5694422627958,-19.544340705145935,-12.428236159897848,-17.008425470425717,-9.14942743744494,-13.658825792057561,-3.7110633534237207,9
-25.267663223186737,-31.441902662556224,-29.148499870594755,-27.499221955709817,-28.292520560167365,-11.37934206573162,-25.894032660533313,-9.513933446336024,-22.903192175197436,-22.03493591947922,7
-12.188355532234239,-21.397981287361137,-11.01017388843503,-7.26649114312155,-14.20377489136246,-30.83218749649228,-13.184491414174763,-37.849403026592,-16.664479817267093,-37.96030707700262,3
-3.3307853717685676,-16.09938857868146,-10.62208325827653,-6.643212896794693,-9.870535053064707,-22.426402772663852,-4.890120427556838,-21.531125146038722,-12.58570875491052,-23.9110859910609,0
-13.88074508106053,-22.331416088042104,-9.394531737765357,-18.754289260786482,-5.642429209398957,-26.294019015047954,-8.147014935975855,-31.98436382278178,-15.60129920473709,-26.150932710650476,4
-23.02879208173083,-29.201411263036736,-24.838263193991853,-25.520632010699973,-27.852843114521782,-2.2076725622273945,-23.78608505970263,-16.825458739297694,-19.30246366192647,-17.63968524778963,5
-5.924402336718754,-22.47763994730777,-15.910137650086488,-17.40842781054095,-16.54811679100626,-34.42438914336549,-9.070048518063254,-35.79024003159348,-16.508257101654795,-36.68089809770303,0
-11.841614934941951,-29.51442248843968,-18.481999684988015,-16.39943020437231,-21.761074934105906,-39.946673627643,-15.666555419696484,-42.992873466729556,-22.703358197356117,-40.437479496871646,0
-16.41148921787955,-23.842142120639455,-19.286328847924228,-27.53662330617706,-21.63385470452112,-35.89228435404881,-16.76737585232023,-30.413901718111788,-19.333509625573182,-33.30708195173552,6
-16.66249936176712,-24.183917220599515,-14.84272535566189,-17.677965174743253,-15.44665896382765,-36.10880732156253,-17.1994063993516,-37.082220488948735,-10.152951501203981,-30.840748823196414,8
-17.62847102308972,-20.923779020829585,-22.599003695074405,-19.035813260097267,-22.639396690440186,-8.922138066496526,-15.386087872063761,-14.754081058852316,-13.32186792785977,-3.1468127391826224,9
-6.908821694901907,-9.440719428995159,-4.852896009643798,-7.381471592458907,-8.077873427725375,-15.991153194149073,-5.345918086785148,-22.315279401965668,-8.052580979089592,-17.768868858733807,2
-13.065908488315614,-26.018940566325064,-8.137054691812613,-20.772092045328602,-14.958042090032974,-30.7992488328713,-12.635118905574066,-37.57322834158066,-20.80801483361913,-36.74702598353361,2
-26.072693877474798,-32.56906524788622,-25.495921489188405,-29.03787175695058,-27.93601047780053,-21.102711794623897,-28.61786947859829,-17.50611218570522,-16.252641365659567,-26.667351193565338,8
-10.233756799442485,-13.044748433276252,-6.700490184964841,-13.939395761685436,-9.155500214833816,-25.305167717819714,-8.372716239683031,-26.784421389320222,-11.578152435846226,-22.039562117823355,2
-13.420995618938065,-25.945000993464188,-10.021066405012858,-19.699078876218973,-8.651991277773822,-32.460742548893826,-9.617430192674245,-35.32462275370662,-17.147278303691834,-26.635992385961227,4
-5.588808608889439,-10.769817944652107,-4.396854214863488,-6.899358667085281,-3.8480118843055537,-11.427172104932362,-2.150084244925164,-13.62955545939224,-9.173136399753114,-11.775323534658853,6
-16.757102278369846,-20.53043597287274,-20.810882964424234,-21.622962701310225,-18.148932424823464,-8.53596194387382,-17.32238447793077,-13.163747853067436,-14.56801754285897,-3.4852872570811875,9
-7.262852873287799,-12.586109593676808,-6.121331964630476,-6.7296116252808265,-4.926822712419151,-15.154131465019097,-3.74567004965033,-21.07237783573227,-7.36720759569339,-17.398036854865637,2
-19.904213829359804,-25.632417395145243,-24.753994570859703,-25.051560777899677,-21.611848829639897,-15.157881271009144,-20.446741671058536,-11.566943909621685,-19.635047502277615,-3.8817821645875448,9
-29.070149383006765,-39.55012128512314,-28.96227084565526,-28.139959328057017,-33.12155329288132,-14.85768186056943,-28.668883190319075,-14.10007231238388,-29.368584647142786,-24.247863088329122,5
-35.926514531262285,-37.959968817126914,-38.03753071355439,-38.905239849599894,-38.837291726211866,-9.135273936875963,-38.9413289222213,-29.836554125973223,-29.225145931246693,-27.007296186511915,5
-25.006505771576084,-33.00356161594898,-28.245998290057695,-23.979685570689778,-30.29416169833016,-17.46273393867584,-20.36860033480154,-22.781722530384513,-22.93113670393573,-8.034447782713118,9
-18.42028461851194,-22.466860655875156,-22.08756368926357,-23.340177162242203,-20.17444322531465,-12.418664608126829,-17.912413859537928,-10.916879594298443,-14.25343469945698,-1.0975458705674033,9
-6.2379164948789185,-13.435114791607896,-2.756035751733181,-9.848350518172891,-6.50239054782247,-18.507774614279455,-4.719826572999243,-24.29455965536601,-11.970647052995364,-17.600408948983937,2
-19.271001294838193,-19.51218708374111,-18.988955004321646,-18.809553823815694,-20.119631836468553,-11.696734167450083,-18.090673517070652,-5.75636784813537,-14.490408508426988,-6.280175874714991,7
-13.924699188139043,-19.8183009265178,-7.49375465134271,-18.429203683776013,-5.470790236041242,-25.238705031897783,-12.881384167013708,-29.00902364470182,-15.529912343734125,-23.895053097771335,4
-21.26575300396898,-29.025892247772433,-27.372047445136612,-27.619149052340912,-25.840099791386606,-10.528120109597218,-22.823965954115017,-7.962081088178826,-19.36879585568169,-15.279197359012468,7
-18.230586295681793,-25.841187422108483,-23.665094733635613,-30.363228506880713,-24.299951147934774,-28.20319457346391,-15.512246762793042,-30.377812625151737,-6.281143344269107,-38.39226915506109,8
-8.976622422615186,-16.758607137616966,-16.315697688120792,-7.228670665282534,-14.66900045729307,-23.54957456032894,-8.863350840624788,-22.369329857962484,-14.909214867115265,-24.655051741093082,3
-6.801720392454965,-12.87317585071609,-13.620305344679718,-8.171548310533856,-11.58012480560566,-21.581862710194255,-6.198817838626875,-21.549759642979197,-12.315348550408611,-19.984369149760003,6
-14.978293058804953,-3.2135481322907724,-22.091205731914798,-12.666094527061682,-13.051532448056001,-20.628374831859094,-16.817129968657287,-25.89403187281186,-17.297430838422816,-18.923098399252762,1
-23.1370915664853,-29.511047124811782,-23.59556693561962,-24.441586341217533,-28.189665671074415,-29.916172723760926,-23.128951036043254,-35.74909324211327,-12.464533446814754,-27.50340613552574,8
-15.964592081530045,-22.315633948757363,-22.596651411593164,-8.41138368298543,-17.000650779518377,-27.865434516342336,-15.041915700679429,-27.33109593634916,-19.80843923829809,-21.932405956768445,3
-8.561262885591198,-32.877762384757716,-20.25924151080378,-31.930593803508714,-29.312608373698385,-35.20740829897965,-11.499218101345623,-42.43279453499465,-17.984137221654223,-45.52277132427043,0
-2.7619294151241927,-16.211384488654183,-9.155159769993864,-6.550807171328436,-11.935564587089173,-22.571665839201835,-5.515544033572302,-23.237209344563723,-13.040055537304166,-20.89331263103064,0
-5.412020215996001,-13.830719935658353,-8.95507448477559,-6.992189847326338,-10.88134372447178,-23.69222644735327,-7.990421072327968,-24.288581272912197,-12.821865339830293,-24.503122521025475,0
-16.61324400877394,-29.685435362668244,-11.310549405103487,-21.860233945053686,-15.390104586289322,-26.574434181518484,-13.545485784817458,-36.52661487339361,-24.34105991566871,-35.2662055897706,2
-20.45381993975296,-27.54570249068311,-25.981184369251846,-30.891389240265426,-25.87491456338037,-16.779205880582754,-21.54916421404444,-13.958256387196968,-19.398364241005012,-0.5601607400029112,9
-26.14119132906665,-27.76207213138679,-29.26635825057379,-23.198229258302767,-26.55282587522496,-12.601902458281108,-24.844361768378455,-7.24741879136292,-21.48193806923496,-19.074091412806755,7
-21.9241340064227,-27.21619257596151,-25.347795759814847,-11.598612789917363,-19.32951644758493,-34.6331631486671,-21.516009556091156,-43.59537747923402,-24.675418446871095,-31.150269927048225,3
-2.2292675029286286,-17.451718676969165,-12.02714999014886,-10.616545348690893,-12.079836295895658,-24.463267488280536,-4.797505234476656,-24.413805186757887,-12.019066298743637,-25.425010607828714,0
-12.303656113573869,-6.45166757162449,-18.179778345662452,-9.661293450807474,-13.09955439363787,-19.147492479164228,-14.23026486622454,-22.338045186925896,-16.121363832946937,-16.634556590165758,1
-20.23408717604893,-21.210819197424794,-23.582138785926652,-18.48253296600607,-22.7388654199455,-10.397202746742582,-20.470957610001253,-3.0313953452420415,-13.910212004808908,-15.587864388678836,7
-17.67328535624144,-4.377796801620451,-25.296356023489544,-13.322579377339705,-14.762008458697656,-23.5016878279087,-19.982524393780476,-26.921886312970702,-19.894401149474167,-21.311810168967856,1
-23.39880500612794,-35.216449571206226,-29.699098578155308,-24.395298768634692,-25.85665808525323,-12.95605844172976,-20.63129055668957,-27.24342970545325,-18.665804904996367,-2.582263207069702,9
-15.707612258783174,-23.748819155320664,-18.565196504838962,-29.041847036303416,-20.157775434867467,-22.542015675171978,-12.977869239898824,-20.220174376523325,-1.3881476009151492,-29.041283859153392,8
-18.854214197434093,-16.55332504910056,-20.52897243053684,-13.957379652176817,-18.240832164504393,-9.09070501384713,-14.061129725239667,-18.142236844854448,-12.161104435929689,-3.687053310910321,9
-13.500503962180552,-15.116803897030758,-12.644637638195281,-9.68846737213832,-5.544883704653383,-26.80972406928752,-13.628194268555053,-22.727952202867783,-15.132938743884331,-23.31073494299995,4
-15.178974321681272,-21.781629997131493,-16.40751055118678,-12.13187536840595,-17.374396536895965,-24.466256043619353,-12.130508753595912,-37.97023050930148,-16.896398056142633,-28.946764311122806,6
-12.076757742576476,-25.643901436446427,-12.967326489274171,-4.188377194664511,-14.307093988334689,-29.35595889387893,-12.536872183084474,-28.517127078611782,-17.63517006919271,-33.74410147678625,3
-5.914940131663161,-13.755702090504172,-12.38000522505189,-10.037173051389876,-13.773720924284422,-19.938356752285856,-5.527825440285073,-23.31146312313175,-12.250225502092723,-24.139295276652476,6
-10.626762109015452,-19.007841198953887,-16.27040871761789,-6.396076127124039,-13.897342859510799,-18.940190378289547,-9.426926422845263,-21.819512361840836,-13.232184412039558,-20.563399725930303,3
-17.30017400680127,-22.603053445914483,-9.91047688162144,-22.47306893374635,-8.962137797662239,-23.550768095201395,-12.473353926947368,-40.11702582984915,-18.530488415650673,-26.390047235534755,4
-26.101203183617645,-34.37564965267575,-30.19381252751687,-28.699348292012484,-32.951787012289095,-4.417494251831825,-27.332743400875266,-21.15397571207584,-21.434248534475984,-25.22588296742053,5
-39.02210958460963,-44.90566363583157,-41.16174075591468,-43.80206759909574,-42.95093019783979,-9.941206368078202,-39.71441126108179,-39.16904283777297,-34.65987896353495,-31.223061155954607,5
-9.180735477028666,-22.25719261362909,-10.009940618175497,-7.287644932004264,-10.268452128912806,-24.64214432402325,-6.600459250384407,-25.77903985119823,-15.051994487106482,-28.773686207820493,0
-13.940258383714,-28.627302348047174,-23.789312985919857,-14.960364248828496,-16.92323841268541,-35.784692512256214,-13.436737567166306,-41.99450845056957,-20.46065248699098,-40.204354577741974,6
-7.28183723553946,-16.187713779069995,-6.2180487014970325,-8.600276573149875,-6.913878251291917,-20.78396394427641,-4.775066863735405,-23.45472297260999,-12.757711480898282,-22.81999809584238,6
-7.466211870488356,-13.15822032636549,-5.55276881087089,-8.971725721249308,-5.422275511553223,-17.500052570807952,-3.6248806558438975,-20.402684342035137,-10.889917007277784,-19.67465365994064,6
-14.88553423672035,-18.03366435990563,-16.00401580891876,-18.572699751024835,-16.893217960192022,-10.486221442380426,-14.79084504319854,-6.774297948956771,-12.649515594447948,-2.131151134830907,9
-15.34432866116591,-1.2504556031250023,-22.1971698679772,-12.670089943065598,-10.118788012572193,-23.92247633340411,-15.64354888707409,-26.551830308650562,-16.82312034624678,-23.543517977699878,1
-8.671157544181861,-24.054813996295355,-15.770687314596307,-19.789592336181006,-20.545462140032235,-22.641907521051788,-12.444256444773053,-30.019272821306497,-19.430148692315434,-23.822094912220653,0
-8.245487943998567,-26.00328227588457,-18.679996987376434,-11.905373626555342,-26.27784708373929,-29.630744499932188,-6.668861754472977,-33.15964883866031,-22.20527531807598,-27.327829049022714,0
-15.328072488838194,-3.914891207624954,-22.50284379638102,-12.990320288841792,-16.987609937122937,-22.942943060372908,-19.337959610773733,-25.12591512429443,-18.844984938060705,-21.00448060383665,1
-4.376817270107035,-10.654374330552994,-11.50868217242419,-6.131895622317439,-13.26742444907413,-19.473202369880045,-7.8037940413477225,-17.614191824450963,-12.671380455796927,-17.593852046163676,0
-16.35767663057214,-27.334533387039453,-25.077710744924776,-9.342631569660941,-25.959636705707933,-29.66691473104945,-17.90370773514749,-28.883464857237474,-21.043491293409815,-26.66883771486193,3
-19.69263730360784,-24.53888552274511,-25.945806451274883,-20.661147888962002,-25.459953162123128,-8.29561711431558,-22.18088060986093,-8.422618701735642,-17.14084786752518,-15.09049259418501,5
-16.18431841104386,-27.900800870851608,-15.541833706749209,-6.613648395533522,-9.131583574502557,-29.839099687351137,-12.580022853489226,-28.357345522649904,-18.8031115767756,-30.99487788925752,3
-22.777073358438628,-25.775724687075336,-23.45513516471233,-24.972408012049836,-25.626126586136756,-10.966712754981298,-22.167848500433593,-6.631764901469164,-15.142072456332732,-15.274543747712702,7
-7.584049008211057,-13.08475617354688,-10.132757723570812,-8.582321862029318,-12.10789242096681,-20.402387605996555,-9.223466966548274,-23.04090942974387,-12.381209893811462,-26.559235171600687,6
-16.732368154056598,-21.36070040327502,-7.907974044163784,-18.52955259671181,-13.166946179767926,-41.424716842158105,-11.03684164113168,-38.75810155116682,-18.07817987766576,-27.55438054367114,2
-14.71038550089709,-22.96226259822739,-8.401681181656867,-18.999591923212932,-11.55174421549541,-22.463984581850568,-12.700253836875646,-35.750265578719855,-21.25493244448484,-33.63014271291073,2
-22.38685346497031,-29.252894630761592,-23.573824398023433,-16.73209775095657,-24.748237403357994,-23.88650241068613,-18.278283240203493,-35.40885488433674,-6.648636749888175,-29.129413394829403,8
-19.13416624861539,-23.80419704623935,-20.375159265745914,-14.640762766995621,-18.90369697775664,-29.318138596886723,-19.19421495229734,-30.48185731072734,-6.06154628490858,-29.65142346982643,8
-11.778212118602069,-13.131525325258037,-13.080363341842961,-11.124365989298697,-10.171559155798445,-20.437528308661662,-12.150797080597123,-23.35945376361229,-11.506104062191563,-15.988897786716866,6
-14.523687028945377,-19.851824561018606,-7.585238291258312,-17.756548951447975,-8.787278109983015,-26.042235609666985,-10.088605077615608,-34.0874891405919,-15.595292335292541,-23.270247464659864,2
-21.925897105432146,-28.377959464751815,-25.820090609731558,-25.54302868596495,-29.72606511581098,-5.530830789693902,-25.43766006179402,-13.559315710537529,-18.883039389597766,-22.7254943045843,5
-18.54418566224995,-30.98335831759759,-11.343537757452113,-24.10965346526116,-17.51609046579621,-33.91028850023784,-20.237912471186537,-44.434472844832996,-26.565033051932954,-35.97047933808507,2
-12.015094886651772,-16.508111987169194,-13.53399941391816,-20.795572687343324,-16.145769207052485,-21.04807895718525,-11.220736182195795,-22.195415085721564,-5.233609118656627,-22.920462802853905,8
-27.52725848492473,-30.809969551969363,-25.33611901341001,-26.76221122468608,-22.03229965495847,-28.605424021982433,-25.708623664937473,-26.92859531850808,-12.651898819980621,-24.527698893826688,8
-16.01468138795509,-16.048326448349904,-18.40749490562898,-8.517641258959445,-15.713874750078705,-20.196525005420263,-18.743572338553935,-26.284475025739273,-16.74587903649499,-22.830218876907804,3
-13.281412469720678,-25.462806558207667,-12.265269767848133,-12.165666654793325,-16.789080926844345,-30.545002229258905,-11.147477759652196,-27.98656530513137,-15.123038291401006,-30.7886247505164,2
-10.41617614028705,-18.21919951670441,-6.283677656500681,-11.808943087288062,-9.486863015987987,-21.481441905209877,-5.077078532421639,-26.761450032590993,-16.263858580970897,-21.18814354473171,6
-20.39930377342674,-29.111578055427813,-23.534925431963263,-28.799725843162765,-23.289512163652947,-22.274750423335714,-18.659863300011065,-21.540673945559995,-9.727768757919057,-28.97527302951646,8
-5.1694124623944555,-9.374570294120383,-7.610907283637677,-4.9586699202920865,-8.861181391969993,-17.035810360894278,-4.790011837071665,-17.21907812884357,-9.874239819507233,-15.293872375109602,6
-4.585305368445906,-12.872515790512017,-7.950735173622271,-4.630624957709062,-9.242011809446948,-22.945918619387818,-5.327743548328873,-22.81076084931166,-10.561285681969588,-21.25965262957076,3
-10.247531743384181,-17.408476603756636,-8.604381926490474,-14.300552140326886,-6.558625226527128,-17.176537598665,-5.814081090943325,-24.782814513033088,-15.12380802677693,-19.484865262656555,6
-18.643096927424065,-3.810496134353784,-25.759195684962553,-13.589262969337428,-14.992702323841408,-23.418344216519923,-20.45121456223363,-27.52403968532642,-19.407221930515234,-22.06690440280392,1
-8.380790349237447,-13.689545202029606,-4.325522451036092,-9.634100640733458,-4.2760401359936955,-20.461817812216847,-7.0434098747646,-26.730481327908453,-11.211669154227367,-22.024901859787278,2
-13.453138078729943,-2.9251111418375357,-20.577887218125372,-11.614645099926793,-13.5778070677561,-16.128658744358596,-15.161167014616453,-21.745327999092627,-15.412678190196287,-16.632208368226067,1
-14.72450946916734,-14.658044078440703,-19.497581479982575,-5.811826212924843,-18.414809476609804,-23.119384735972126,-18.117520376110367,-26.938053230076818,-17.543349240866586,-20.846871752766674,3
-15.031882857760666,-22.979467183574286,-15.529757621837796,-14.079366163678849,-19.656028247116694,-34.865902780291684,-10.769843537141242,-39.6232075734413,-20.85984903632596,-35.476615437107725,6
-24.500285464128517,-33.6420635179223,-28.28199153449472,-32.790003823178274,-31.838968018461664,-2.7245848601178833,-26.71180235266178,-18.292713383893744,-20.938974692785454,-22.243838657222742,5
-10.163358010971487,-12.095949470692409,-4.109241006455894,-8.329616996754602,-6.108941052296001,-19.396504202479836,-7.672969664951223,-22.389657503507337,-9.240816889960891,-19.161768602332472,2
-20.71558279983477,-20.587341103849283,-24.841836562576503,-24.653269697082674,-22.94528382724984,-6.723624904528825,-22.919340020104286,-21.12386664297648,-16.946328331541498,-16.923498071407288,5
-3.6536440187433215,-15.996888741678836,-11.722877277718359,-7.697213836890895,-16.88498815030221,-20.31900871436698,-5.695816200465679,-21.100322438866144,-12.785937111571272,-22.54736168037426,0
-14.852594984771487,-24.366242397104756,-12.207115918115713,-16.54691803943017,-12.455325582157217,-24.814431345451222,-11.517656345566131,-34.72942998394014,-17.95320232558051,-32.905996624724175,4
-5.2780368987740065,-27.678817924955418,-18.43414943212386,-22.357969202809954,-26.478820371157955,-39.37941865826266,-10.46794630664521,-41.2259285160613,-19.069431369977373,-44.12412443785016,0
-9.20902870342285,-17.202111292001728,-4.209426786086986,-15.115558143439046,-5.964610994780907,-17.621191797457545,-5.921602324876814,-23.716366636752586,-15.017244066855184,-19.057741570901335,2
-22.763477627555332,-25.32904497895625,-22.778656216573165,-24.846797726368415,-19.06466405557106,-14.309417413270282,-18.519120170171178,-15.492530924964983,-20.166567197796912,-1.6519353484506105,9
-5.285674763374836,-20.917682484217515,-13.95488016693542,-19.702502817498278,-22.329979612417958,-33.72530510584909,-9.809267959084208,-36.194223938992636,-17.17370734727429,-39.77016390203172,0
-21.842624685537572,-31.42540394777295,-23.79721554597036,-31.168583046428566,-29.21312225812365,-3.712395242764949,-25.018065471770072,-14.676568810292553,-17.941505833255437,-20.275711673209155,5
-3.635831581713396,-17.81292843852613,-16.32550719338005,-12.5551590069029,-19.712268639032565,-26.894495835034906,-5.93327932323056,-29.46905850109769,-12.37140050957948,-27.55433668855093,0
-6.8097790945982,-20.510192542065145,-13.05248929518211,-14.550922375170732,-15.189188792784586,-21.09187773212886,-10.169396187118716,-21.32372774917335,-15.903763518996097,-25.143699544058478,0
-9.61772432341652,-18.442385987799828,-6.437978749511247,-16.304293755060602,-7.965681767557664,-19.30705523168827,-7.645012082300558,-22.880482314039956,-15.790882282752868,-20.888520990877996,2
-16.53973253854233,-5.7029340925576975,-23.086338184948495,-14.674408746720031,-18.6694664177891,-20.509495525879732,-19.86451220742958,-26.911583585433032,-17.377043875869678,-20.809116831489643,1
-15.148974406958038,-19.066903239463503,-16.635766378744393,-23.86185348106264,-17.108612833112495,-28.44915013549712,-13.434087649786585,-23.097743294994626,-7.381483939328846,-23.510316917337992,8
-32.60243167547314,-34.736653895825036,-30.081554657133758,-29.007099467562142,-35.0149980183394,-7.108060592703384,-30.692834633209213,-14.218745231261178,-18.32438009905219,-28.930865634793882,5
-4.795048591844319,-6.510771765685653,-6.814506311573533,-3.863410579667281,-6.542393935576664,-15.522553297435847,-5.1000610418580665,-14.000909878870292,-8.06670742272141,-15.643170433503455,0
-14.484446655918736,-29.864691361748402,-8.410901150807373,-18.797466490411374,-13.950030853352796,-34.185541762868496,-10.898186305462893,-40.190528469912515,-23.17956147902403,-36.04267151219039,2
-12.482513866771411,-23.219461342445737,-11.033400467343634,-13.002972155976364,-7.671922446301803,-25.240352936068106,-4.558507032519181,-30.38438957024579,-15.806055038465095,-26.123900416276765,6
-15.758245106499672,-19.602943569768996,-16.394572047051355,-4.629599131712367,-15.701375718523549,-31.750762677392167,-16.197399334822038,-30.402664781924965,-19.758174564850588,-29.301970768513186,3
-13.97146622560492,-17.72564214219004,-18.14588844026145,-11.739693421584855,-13.612164655937299,-24.214347073842394,-15.170593031729618,-26.663459030616117,-15.982965133158176,-27.106783133772417,3
-11.653397442620205,-29.047187915656345,-14.330153655722041,-12.65989937749587,-13.704448289008486,-28.723685011814435,-10.033774395067407,-34.94478076588423,-18.800611117322298,-33.543019974150646,6
-13.31825195417493,-18.94060316606369,-17.87988782034938,-2.597366587185385,-13.337092540649751,-21.026201180344895,-13.684833741728267,-19.272696749892972,-15.747189176043651,-20.650058347346604,3
-15.467074105981808,-15.279054802417365,-21.19335110163541,-13.605084006467367,-15.671214187936739,-16.03412675627985,-13.314316129536211,-24.217105972917597,-15.787077140481367,-15.37784120519921,3
-13.767740253630626,-25.83145620673065,-8.585126060648253,-19.267436745341723,-8.301233456125571,-29.81018665597356,-8.587197615916748,-37.775708598231105,-18.313768701363074,-32.34569913873124,2
-7.279407756875682,-12.438240217790568,-5.167791725463621,-8.458380636838493,-5.710859379211801,-14.092221856975174,-1.58444909919694,-19.39506161069673,-11.129075261320976,-13.46059423428605,6
-18.819240499842216,-24.795628397309763,-22.29450914626181,-22.64571545759272,-21.166009111974937,-11.085105726811916,-17.640416023798835,-8.595971503809881,-14.257932633447707,-2.7806762065396726,9
-6.8720681462006,-23.851311541425638,-14.777572091529512,-12.03329399082135,-17.522955716586907,-29.038367768292872,-10.53217111140124,-29.03136898907546,-19.52268930475912,-34.49019573230162,0
-12.048457644243895,-20.737555140262167,-21.04300364342332,-9.142816864086967,-20.061384849260353,-20.36184886163698,-12.251323152969592,-22.68932936924618,-18.079761433372173,-19.11907817771633,3
-10.96076984848923,-16.186775073618694,-8.192683660865221,-7.87778725603036,-7.508097127611534,-26.018913172207462,-8.503544421765845,-28.404369394570466,-10.217451506282162,-26.97571195892961,4
-26.89674700119074,-29.66167306210278,-29.54572915611532,-24.420381388229053,-28.474354104359733,-14.70741947240285,-25.092339474993018,-5.2374691267021145,-22.65693040800872,-22.70558171474112,7
-21.184527543423545,-27.032324825255206,-11.324970955106457,-20.10801137882865,-10.052220457192933,-24.348989845617613,-13.050014838514794,-38.732406723442715,-18.829263352844066,-30.086848913559297,6
-27.29260660047869,-33.917007964706755,-30.514780040657495,-22.134204006038214,-29.824705859081973,-16.05266305027914,-25.54042580355067,-5.767412667918087,-23.305336354432328,-20.148052325492568,7
-9.270278107976278,-5.154380997164274,-14.928825348042915,-8.293427805451062,-9.187132068266237,-19.7630776502065,-9.747550793083377,-20.859941236736155,-11.883565114357426,-17.813085122354163,1
-12.480829770356817,-17.502724676550862,-10.169745409036835,-9.15607625027948,-5.575232594462068,-24.728136977392975,-7.409959946538488,-24.566270403629474,-10.69812061098447,-22.62188793280524,4
-26.774837774967004,-32.741180633871,-28.59901710442606,-23.799171572223457,-33.05031897667969,-12.714218064105724,-27.5261849694056,-5.00007917488966,-19.06827887872805,-17.238062229613366,7
-13.930372858472303,-17.2563479872613,-5.0480475478924856,-16.000307678875572,-7.594982039270168,-22.748069106515317,-10.853636690216856,-28.894476037648623,-15.345239363738878,-23.800321996604044,2
-13.89139765597779,-16.014115078265856,-15.76635453833064,-6.020810007844993,-14.308684546490753,-24.056077356530622,-17.103800805243516,-25.943191898420576,-18.17213065524522,-21.487805028846285,3
-17.720643333207438,-19.330278474789324,-20.11059200461836,-22.433192271840923,-17.684135519720996,-14.543125516158016,-16.62159989651404,-11.07602785025903,-15.648126105430112,-1.6448110478665647,9
-16.829596966615817,-7.2655531220965655,-21.404341797144617,-17.317652791384972,-19.964894385075183,-21.664469982294403,-22.906965001280998,-27.35271014601994,-19.66040468930107,-26.851150265158857,1
-17.107780793869804,-18.874030002194026,-20.482977827870403,-8.445999916048835,-21.571277768273717,-26.707902396277703,-17.69267153363357,-26.686431632737637,-19.454481544428578,-22.033119610788386,3
-18.440769828446545,-23.242820558062544,-20.65851242856835,-27.887428555606295,-20.275299325314695,-20.481880026205648,-14.75449388667673,-24.98558125672298,-1.5416349346399398,-30.80965283214242,8
-13.614618877707121,-16.100970857972435,-14.455142038028955,-19.10298245949852,-14.239779455962713,-15.552141371315663,-12.668762012423416,-12.161813726727441,-7.8189023642778315,-17.77682961469526,8
-14.859328950551307,-19.916511801131023,-9.308869596077306,-13.681640650422683,-7.312259535431124,-27.41596264581813,-9.637747203063942,-34.64652845490675,-14.875826900060781,-28.104656970805,4
-12.405495474484136,-12.039714026719588,-11.23194631869248,-8.242934492957822,-11.52553406254141,-17.81038913767741,-9.760684825518577,-25.749326650334183,-10.335344140266223,-19.083048561400055,3
-9.016678267773427,-15.787948940156726,-7.43354745949135,-10.388882262782476,-4.533494796307413,-19.701722598181693,-2.6882177132282954,-20.48590649936749,-12.496482238209223,-19.72752044206829,6
-22.583351429408545,-29.235439329647413,-23.082116178024826,-22.068122559378715,-17.48116311136858,-11.126782074439884,-18.667493496107003,-15.835275960077608,-18.465080619593927,-3.3881966650474054,9
-2.595436370261921,-16.861860287794322,-13.060568107483396,-16.275541998028938,-18.38639611897574,-24.86807259145944,-7.723525533838357,-28.197240176047814,-14.482515968044686,-28.933177534020654,0
-20.020296492596103,-25.592281166536026,-20.81995071902548,-22.871630504323257,-21.717986487825833,-14.358523950841596,-18.486026524307068,-7.685516458290847,-19.668985179876014,-3.887752033357324,9
-7.912753733638666,-13.028440214748212,-6.861377985241596,-10.049593165713889,-6.7353393014957454,-16.340057340511187,-3.427243099811947,-23.9531275745771,-10.426444884342393,-23.26867931989148,6
-4.53059600929196,-21.711519992527837,-13.459396157892565,-19.629233840116424,-19.950265908119672,-31.92761248380339,-8.639156640469569,-32.42068454001111,-16.91224578349037,-39.8023055235358,0
-16.589462314455083,-25.130944206384033,-9.802252726419871,-17.800475469118105,-15.608662917569307,-22.597907205085907,-13.925597403274567,-32.899307285462214,-22.32398749935784,-29.82702766914122,2
-26.743042863290757,-30.711119682797914,-30.822845137898273,-24.56182677234306,-28.694949922780186,-20.22248467107925,-18.829270869174596,-23.644775744888378,-20.397662530715117,-6.912343142245535,9
-16.004632679527063,-32.72540791864019,-11.07892547970462,-20.36999104069836,-13.780672253386559,-29.053295815509145,-10.726500873423,-42.464319284571985,-20.997951584804625,-34.66614822401624,2
-17.503235435738354,-21.252214042243516,-18.096923703395923,-18.132443377378607,-19.63806710789016,-10.995851156011591,-17.157808272621814,-4.868924827247287,-16.096373718120756,-5.635988251220762,7
-14.048456512128201,-23.308929707276558,-10.132561581049774,-20.56641998710942,-5.73828873874905,-26.44897385571025,-8.653245432347463,-32.014772715023035,-16.19985354442836,-25.527476639460218,4
-22.84603167204829,-34.19168031776343,-28.099296356059334,-31.74411527609503,-29.210021994635362,-2.986718390306454,-26.840264224955195,-18.50647781847261,-17.744978225568875,-26.105450838055155,5
