d0,d1,d2,d3,d4,d5,d6,d7,d8,d9,label
11.464042351256008,-1.8469870803357977,2.144242406464707,3.153489420719555,0.13547387499914632,-9.726421107702157,7.89863300472415,-4.524111432633507,0.6392010913643889,-10.073352516633005,0
0.05785945772527196,9.45452261746117,-3.0330932697335813,2.2834251349319037,0.5566955834259006,-3.0743696548743222,-0.7788523408922303,-2.353540768750099,-0.9467286737644756,-3.4194136342232384,1
4.626612903136145,-3.1657485153337923,7.529835087428095,0.8150752006902073,0.8008619929038103,-4.6765190279133515,7.338143421108718,-4.260493805540876,-2.2326842112721335,-6.853654103091439,2
5.652560800771085,0.506681079797543,4.174164273596738,-1.3036573977762833,3.1104053114813848,-5.3551555476726005,7.065942488887132,-8.367426991469713,3.9421169333224735,-9.989980570514252,2
1.097337267478775,1.40462091947081,-1.6650567095608084,6.381619269414789,5.034443938779278,-6.127712103175897,0.8407301393798376,-2.4992135827428985,1.0265695895998381,-6.56429464748422,3
3.938117273466589,-0.11719838570730376,3.275976798223095,1.1665235194270214,-1.8358125357190689,-3.0563134930579574,5.432818015146646,-4.488350286519067,0.870260136832256,-5.145242860375728,2
1.1801300269731994,-2.2331589900496334,-1.4105052460619576,-3.37390148899344,0.29381880782284586,-3.27509680441277,1.6095832395677983,0.1330989867379009,7.711431247711655,-0.5363080818987128,8
1.527784712426831,0.3970445687153668,2.7825211614196577,1.3502545413877267,2.9504258498928317,-5.144707290555637,3.671851896818823,-4.6054365841868705,0.16587993759968803,-3.5442886117531347,6
-4.699234477671571,-2.4213149960034284,-7.582860065928828,-2.826365313279459,-2.3659701733742686,12.733662918628907,-1.7286719924694864,1.8518922346636397,3.5675273416594435,3.667373732380296,5
7.2710409482603975,0.1429859812371847,1.9964414042668197,2.584501173064322,-2.216285093541943,-5.886977462750178,4.282276934388139,-3.1723226525688064,-1.2520307240297603,-4.2850309881681055,0
4.52282202755799,-0.2532364487516974,1.9446847167445986,10.534845768710197,1.3447189563936028,-9.033374434307847,1.8066356732836053,-5.114831583649341,-2.1778347479421627,-2.778833828827558,3
0.9957048182436805,0.10009890792169383,2.752890519612499,1.2881948438935085,6.15924515350946,-4.843323214868122,4.405918447947788,-4.134721685919543,-1.8723138396404129,-4.546438686630947,4
2.770454415528826,-0.08306520570257163,3.629628013161662,0.49500662219429276,5.989827500216084,-6.688066296022906,3.2758011747895255,-4.363466151857429,1.1170946010929916,-6.414820538516505,4
1.7829183106022974,-2.5207391908103194,4.685584021136682,-1.2482584206691636,6.4467368417230215,-4.624408735356658,10.47221414038262,-8.56136076839531,-0.8646403903598834,-5.4982090728829816,6
1.131100195077503,-1.6699624091655647,-0.9813773829467574,-2.0911712439852566,-2.0845937126039127,-3.6527413716477675,1.8667413581196135,-1.3115196659915205,7.998414885032756,0.5637452760546109,8
-1.392350931863038,-5.9286510740818015,-3.605759396948983,-1.82476776140764,-3.080482210517776,11.297914863475713,-0.05999779709328301,-0.3300531992058005,2.1791451031712503,2.70822973302101,5
1.0900235841339365,-1.3427101350182458,5.9966987140422,0.5915659204862547,4.969329086141009,-4.599713116061579,5.082182741991554,-7.320019519392615,-0.39628036629403407,-4.357319957548249,6
3.1342500227140957,3.66930040777196,-0.6152177954951565,11.184181795955148,-3.139740499182677,-7.133615515184275,0.23639858779709533,-5.543399033190468,-0.4778228322227506,-2.797654584438223,3
2.96101385265202,-5.313635619542436,6.446114096162501,0.4906520249995356,6.95497645348707,-7.5563701404952806,12.871221345355814,-10.265520010890077,-0.24928417674798375,-7.031152373221693,6
1.6815360955154175,-2.9389077119929645,3.2312587756149576,-1.9403182743505614,8.984507720460096,-5.648216107808312,6.9449915458929,-3.6299640631194263,0.30019268657920994,-6.715632871626419,4
2.315165138776017,0.8014098100210475,2.473127205991591,2.2778015247407795,4.209334917600829,-6.05550979987575,3.4039528737289793,-5.799710032866128,1.2720971930718776,-6.009448232828354,4
-1.3936285106140034,0.18850093539921803,6.581903296386673,-2.176533878232744,12.024402306739798,-8.038869467900565,6.968865907727799,-10.573517977074594,2.2273041220543606,-6.100830668025303,4
3.984953457918504,-3.945073418332744,8.662243535349369,1.472812677514188,4.453101994704671,-4.667212737721355,4.374217727983718,-6.690568567464863,-2.121187360911705,-5.975241805463806,2
0.9247754760192937,10.473284346933713,-2.2924481345417584,1.7276295580687864,-1.045510711981112,-2.8488207207034546,-1.253448322016984,-2.366858719623839,-0.2868938487011464,-3.746509549450683,1
0.2906990463909005,-3.3263350698731866,-3.474691519521008,-1.560205668153337,-1.0119612123248911,9.124988132299277,-3.35273522475625,2.166375487569623,0.770578484471246,-0.8925722121623227,5
1.228400873851181,-3.8239176690504024,-3.9675587427858714,-2.4156703581723873,-3.4935668260404147,0.5262813915028908,-3.866802866611036,8.019404068837694,0.46465649304849754,6.2033648178359835,7
0.5047871584674389,-0.46777422175861644,-1.4298636820528607,0.11506091082985362,-0.6233386782168423,-12.061293027071782,1.2455364176968224,-4.745934674936829,20.718738630847927,-5.734072496573713,8
-1.6416315948077584,2.771673615164619,0.614297298767886,1.9607987211924334,7.2476986339252925,-4.791981520679726,3.3201274144672457,-4.391216974120409,-2.7006577952507254,-3.944489388239211,4
0.6201719574815141,1.6415491727347817,4.946926690868507,1.0160835464364197,7.187800109856926,-5.048089995672285,1.3541213888664376,-6.742390525850613,1.6272848210657376,-7.142013867715473,4
1.1360899605951842,9.632092330794173,-2.2650415568044777,2.32972784122676,-0.11488213698470184,-3.95121456816652,0.12259184961428098,-1.5152006136567295,-3.3209572364998134,-2.2844772149357606,1
0.9824507943259846,-3.1127795526537163,-3.5451485879530957,-1.4868992057938648,-3.539516075546486,6.4887892465422174,-1.759506886492747,5.581311545624751,-0.0012245068743161058,1.6179366849684294,5
-0.8173067886394529,-1.4440414358667555,-2.7113064032799374,-2.7589288012231084,-3.1020816943513334,1.799671704582161,-2.9038646913594186,7.80974442079648,0.32563919918716105,2.8960785044769595,7
-0.10471380235498873,-2.8591322302081905,-2.033663039925476,-2.324184826524894,-1.9725256153537094,-0.29752967726651225,-1.9212167558665434,7.742433142465451,-0.8418669542267001,3.931222761538442,7
0.7617737605390112,-2.24770468618638,2.305556385945076,-0.9943153709623609,-0.0073154386167232355,-5.435411214468761,-0.6688726823348158,-4.400331201072969,15.785397952394156,-5.053579550449271,8
-1.470327840157717,10.251424397642463,-3.4812305392735827,4.340781022683612,1.8130912609434562,-3.835197761060229,-2.692522267657378,-1.9036696326151554,-1.8146198599621544,-2.2213044628891665,1
3.6295594947199756,1.6866438035855986,1.598964262496597,0.8233669913942059,-1.982082700448992,-4.4943809690777075,4.578938943697,-4.607463688263518,-1.2540942910437363,-0.7124852053289128,0
-1.0251938084484737,-4.277352848809576,-5.1219691656978235,-0.5486618197942925,-3.4917265709040928,2.814933416730401,-2.2785887986174918,-0.1531344624967774,1.2376178878011124,12.039606972176907,9
1.5690416388124027,-1.566278496359181,-0.3880328020657727,-1.7120500751921932,-1.3736659161467002,-4.127869966845519,4.704069092092439,-4.367401033340001,10.045258320809486,-2.875008295775984,8
9.319789864175341,1.0141896274758953,0.740789684924926,4.486291959412442,0.07225043322701263,-8.227411642095547,7.835838727141403,-3.2218152520011913,-6.253461266611286,-7.240498476027293,0
1.2567851556874077,-5.368133373180927,-3.0726068706513026,5.659843304271223,-0.8655817980439711,-0.9382344112535121,-0.6284767064670972,-0.5191437438317611,7.293438916564393,-4.2709849679186735,8
1.3537888959386115,-0.33003076588507635,4.265763257107631,-2.0401701357291597,4.299879416212848,-4.3916015225250495,6.076926491803187,-4.865852342315494,-0.8601495638727914,-4.529596586292545,2
10.952736517055339,-0.8772390916107077,7.013742006226847,1.9912980671597227,-1.9703379444014162,-6.346474011008602,5.315775198004819,-4.1142086560188496,-3.504093216637258,-7.091722349849411,0
0.15109781801100808,-2.190436247386344,2.8490259143409116,0.32065231241363323,5.5693194722094805,-4.149712009803889,5.628653677050386,-4.854571866962096,1.1109060389027452,-4.728243883564219,4
2.1042789392070276,0.017709405760584565,4.155020778795657,0.8822854638732167,5.995667734289334,-7.88659552333508,4.459830523480355,-5.860007528475167,-0.4238618983893588,-3.9960266468247427,6
4.10285531249176,-2.869454319224378,7.970734042859338,0.24173590189767694,2.1447129667552263,-4.527978156912836,5.068246792497415,-4.228124942285542,-2.9460174427812533,-4.317789836354055,2
12.355755470886914,-2.117784192881556,2.407079083150803,3.4482719127733765,-4.778322482332175,-7.601165824633087,8.700325236516596,-4.142117548656992,-0.9141894453301196,-9.32308863992166,0
0.7213642520352597,0.9576678578309198,-1.821964286451707,6.800128739259858,-0.32899977703733646,-3.566477566872852,1.0980940291311645,-3.5933672241082717,-0.39264572813283444,-0.6732848503063219,3
2.2033415303588497,-1.0768534143671291,2.6972899817232143,11.721611913807964,1.6343607461939689,-7.721175616536793,1.1011437594565365,-6.593442320645301,-1.557546033429615,-3.2258576536584003,3
1.498085585879899,-1.2804755808222843,10.450565103434286,-2.757212069146744,6.536054641213786,-7.065079924652985,4.671546616606204,-7.095520411654453,-2.3184121127906514,-3.5145168341683775,2
1.0690501872316183,0.31767745689023935,-2.1190917097605837,5.585491164511338,-0.3177991015160098,-4.218834854027941,-0.10985201219722794,-2.2299439472657294,0.5561701015284839,-0.1509191178929459,3
2.104447417725969,-1.088739864375913,7.197783636030276,-0.8691492243068659,3.1469219033916094,-3.1222194685167866,4.546915986536744,-5.31870952213084,-2.4711908473549236,-3.7878755547263787,2
2.1289304087615726,-3.3659118827984975,4.867547344719666,0.9388273579976729,7.6408235141364855,-5.947923558835972,6.598394428989677,-6.801768524911013,1.4269252252889404,-7.321000615989444,2
-0.61112713440638,-1.0101323106284212,-3.7980420712230636,-1.1326547117414163,-5.31965631289529,1.8673463281087423,0.90438749430944,-0.702276996105487,-1.7006166233980975,10.586429366299766,9
0.603300691789588,2.3106178228515644,-0.6007036295296069,6.708337482071067,-0.1258671273655333,-4.41567552652416,-1.2774226851508008,-0.9843238925701495,-1.7541922577987323,-1.2972229061990497,3
9.651478752581271,-0.8048691448264983,2.9536162721293198,0.7955533474609673,-0.7139170895791633,-7.768408752466959,4.362121726207813,-5.4840427188665855,0.11137423562058382,-6.110963360951617,0
-3.4298945060322246,-4.1743392365413,-2.986068883751025,-3.1761078420151625,0.6443711846858202,1.1048573460069329,-0.5406021755968095,1.2145745753665407,-1.065994757074145,12.399142042226767,9
1.712214491878194,-2.872725019553894,-4.354659973454628,-1.3741864735716731,-3.9045161732154874,-2.4921927169480487,2.412031979137713,3.1159815943022187,1.06035599277439,6.688808384076291,9
-0.5184362365731898,-0.9405038039309747,3.801532216036547,-2.52001108064526,9.915666180978622,-3.468981001716148,6.4735076814532935,-8.677520631075252,2.4032038136003884,-6.7243374725660745,4
7.37511749896049,0.9331892547522347,5.582688388579367,-0.27585059844263676,-1.60920580521063,-4.979448759399797,6.232551419587312,-6.626887428345336,1.1615342695184512,-7.798488535217275,6
4.953121793383392,2.683527735434852,-0.9509085369991339,5.0080954779188644,-0.33508638031682697,-7.503567373268607,3.451545743070604,-2.882991189682065,-1.4606450004043854,-5.183052184611272,0
0.20426252715873497,-1.9024144027449836,4.059973772861874,1.668136356715803,8.269967622735932,-5.978283159285977,4.170407260585355,-6.0824928241176615,2.1017948647047975,-6.723090951100256,4
0.18199230114938258,-6.800171421054124,-0.8836848399635633,-6.331049663328248,-4.554217642301971,13.449938760981091,-1.5223213372638256,0.8129926971376519,1.7265275511535927,1.9713232277565162,5
-0.14245838453005538,1.6244681154562877,6.4724256366742985,-0.4548724096301839,6.598927601406176,-4.773754892264153,2.8401937168884825,-6.271849506863701,0.42229936623537223,-5.881985371389563,4
1.7325706764855167,-3.6956678780530807,4.913856408395561,1.3693047722618228,5.799795339287568,-6.109296869074304,7.841995614967079,-7.696123530661395,1.6932696715303126,-6.396157042508426,6
0.09186831161051884,10.369710155296119,-6.283895872478873,3.328749905445847,2.3499160065247366,-6.07772483146634,1.4840548749733555,-1.618897197584057,-0.27320644695580826,-4.6499961726684145,1
1.2803375533784482,12.72834103307449,-3.2202537434530747,0.6746466380942161,-0.011982323779758497,-3.2168999148573927,-0.8979278703943819,-3.35606673095479,-0.7073272104562476,-3.3749718869913803,1
8.426408559085163,-2.058849453815315,1.7545618472791054,3.091095949418965,1.3408981522359609,-9.221760131685906,6.915102884306703,-5.056474610281227,1.3499708919617848,-8.041632810322474,0
-0.5714501394958404,-2.99643670713527,-3.3556766624965952,-4.301084178277295,-3.113604041469055,0.21130969977455633,0.3331105146373383,3.903148610345943,-0.5054799755915731,9.428706721192222,9
0.6979638659977224,-2.9397341544637015,-1.8586753794219668,-2.24289143418482,-4.132593386024942,6.695474743418985,-2.3939534510698333,2.9963137431189373,2.1645102879103186,1.8741926840265228,5
4.855822556725974,-2.461189012552971,8.82675019575448,-2.7429808638228006,5.264319244290032,-5.044262923081835,7.335271706887299,-6.804598892168197,-3.7432331223492774,-5.2506676485554475,2
-2.6016618512642777,-1.929763008709744,-2.5977912499697395,-0.8237140642982046,-0.8348133880280786,1.9373767496500935,-1.8705672370178703,6.316424556315542,1.334651917574374,0.3114932023256924,7
1.6067085159977974,3.0898124813714642,-1.3970443585113463,6.01087365554396,0.20010913451311274,-4.014899947654544,-0.7912299742897573,-1.2857948791229394,-1.5263219386529165,-2.630391703598662,3
-1.6240439224322614,-2.0446097955431264,7.711267305469726,1.2622326908238592,11.774804263861016,-5.421784250047596,7.171276502359085,-8.279628235861757,-1.9170733432887541,-8.334704254931287,4
4.263345034268829,0.48364471005422516,5.490307908928279,1.955209135706628,0.17881444625347231,-7.577558727803485,4.621452734492696,-3.2415914052412633,1.1816025531312782,-6.522451495265819,6
-1.4124616971224284,-1.8679825845094589,-4.924685375399619,-0.271556736850223,-4.360154131081566,13.52793805787381,-1.418653625792541,0.423582546911829,0.20241005991735206,1.209078780248057,5
-2.2139910553273925,-2.161921485033329,-0.8720338759589794,-0.8225538729098427,-2.4003402889455634,1.7917375785002831,-3.204263726902926,8.25565705179064,0.7624740771153353,1.3313038275860558,7
0.06360080745484098,12.73523416105015,-5.074688929364945,0.47964863669253804,2.4021206221935705,-5.088589254676739,1.163059492599713,-1.9598109532910246,-1.7293878798328082,-3.4101798284959646,1
2.699165031986868,-3.9103049396533343,4.756540087074413,1.3243194361743957,3.694625010670872,-5.042586663916487,8.010749424730728,-5.789404923136146,-0.4424202792587881,-5.249045587835658,6
2.059665166495111,9.633244976712682,-2.383112310883261,0.7125032746806791,1.4539707333957854,-2.1116233501765467,-2.557920361173098,-1.0377090901236852,-4.092671215116202,-2.173085573519782,1
3.063991152095873,1.5377800912812754,-2.786200664766743,3.1373208657164913,0.08276501226442345,-6.725432688813502,3.6408548751167418,-2.9726749419949865,2.8000361028168346,-3.2775152308564603,4
-0.945167131388496,-2.6581985436392954,-1.9828436328731904,-3.9373807121275255,-2.8228934357782087,-1.1050115267317229,-2.294177063956826,5.068387849964134,0.31052365056732234,8.990469352850573,9
-0.6409082394544066,-1.8868224363358026,0.33108347130682136,1.8736476438515177,-2.101248845795652,-4.555927784582322,-0.7219148985450804,-1.286956956448385,10.157423826648465,-3.4073101771063055,8
0.5476668424486133,12.051246567113655,-2.655688560858373,0.7810998386608934,1.0321827493597018,-2.91152800607083,-1.4948700412624067,-2.1147999616359776,-2.1438876326061713,-4.060168805426958,1
-0.15910163842221065,-3.044455117730952,6.566391256549121,1.4543562311519413,5.326015456463294,-5.389607506090803,5.414798987829794,-4.892186158708438,0.17284035153758837,-4.382591187698764,2
0.8636632825795789,-1.5180013127834566,4.3010983388317054,-2.3264358411644936,9.120696176575901,-5.141318838966825,6.634289882514035,-7.954907447732373,-1.283953125037973,-4.228827639357359,4
0.03152820547039742,-0.0937963156728447,-1.635707304616303,-2.4330352950499505,-0.7173046553486226,-1.7288168925230576,0.6760955911647905,-1.6612216428768805,8.130416470832142,-1.6209365955759802,8
-1.9804834180924957,-2.5957648934207453,-2.7020003481029833,-5.478266228762576,0.33977706090017223,-0.45205804949715356,-0.44190468499754976,1.207823203489569,-1.6693205336825592,12.809907372954314,9
0.21833314934645137,-0.6269415818943344,4.209373053253192,-1.715014869704556,8.692626936424794,-4.778904473835287,4.7885517553835,-6.276331981732844,0.5090608958719218,-5.691023803161676,4
0.7176537517112429,10.643060872810855,-3.397763073345611,0.8629140057724276,4.128129767392746,-5.278387633068407,-1.006197678735669,-1.994502152013183,-2.6492111112757835,-3.166481563797316,1
0.7082230931385893,-1.3379758547690759,2.502305007200119,1.736800736409431,4.152188759705284,-4.501236113422084,6.400832387611098,-5.116830732399174,1.6995949503751862,-5.978364655927108,6
1.3785280445430337,2.258105154580208,-2.447606524180523,8.933996357242409,2.0388964288073725,-5.378297035777309,1.0844629883811243,-2.28870968072976,-3.5025790326548636,-2.4609259391915357,3
2.7725338468483707,-1.296854365148334,-1.4773763911893876,3.0215108096624625,4.208033313884146,-6.207195456988603,6.482502564822159,-3.427280244583278,2.5956617783377354,-6.502607593555714,4
-0.4555202538109579,-0.42971923303383114,8.575364371108424,0.08544848506760416,8.527862656215353,-6.452205389622603,2.2054273636426536,-6.450242302305967,-1.1410128343981767,-4.913785625855487,2
0.37176596788335387,-0.7243715403147941,6.924481980197124,-0.39869282360162955,7.04820289402163,-6.907669012206442,2.6827025188898466,-5.162014025565897,-0.014614144463478307,-4.530567831503182,2
1.585628043071273,-2.621139356745048,2.411757790570201,1.2161201379761928,-1.4524548864370976,-0.36949267488184767,1.6040068466541424,0.9004037893269878,-0.6467186095422051,-1.9095137365529622,2
4.994261340983487,0.5646600516174581,-1.0741887660426506,3.4260092602528016,2.835098070773855,-8.378594768797916,4.93313030699645,-3.3637387780156915,0.14665622683760143,-6.252687308217482,6
2.4392626161448687,-2.2878191467756146,6.131851942250516,-3.488059074676762,8.112226610953112,-4.668511347055116,6.865769261488405,-8.37560912069678,-0.19585212623380288,-5.591010016498763,4
-3.077446323754359,-2.337466272660666,-3.2592272578514714,-0.23121061088359723,-3.894076731349275,4.78633032178048,-0.46744893938598986,6.403297433070098,-0.24285654493516212,2.7365069689063364,7
-3.1757122098259383,-1.6314047850388012,-2.162266377326048,-0.43336865070536806,-1.5376861270549043,2.249504755628802,-3.1899013436178363,7.555571708900596,0.5656365937070496,1.7351382789411813,7
3.4442362069068877,1.4438185400661419,0.8537436844397771,10.283226659087655,-0.4613469015541436,-6.5253691221593835,-1.469226971751937,-3.5443716821282614,-3.0113313898189524,-3.168216736802444,3
-0.8784283741402303,-2.7295682562326657,-3.175421020849471,-4.236178283591767,-2.534331895265532,1.9613612358558834,-2.749467843770619,3.440612588978716,0.46535460086741914,10.544477599886868,9
2.8928465732009334,2.3798084011546887,2.6875987142329496,2.7074921931308666,0.7664749129567565,-6.966880936026897,2.1557168885065425,-3.947108973111647,-0.15703694201506596,-3.6692720646102606,3
-1.3679154593665308,-3.100658466807465,-5.3791427128705305,-5.454533678646475,-1.723824478346588,0.5783230826620915,0.6531230898552849,2.156920263290313,-0.5797252057788802,13.46811309631928,9
5.091735272773468,-1.6306340011235554,2.9484029589243086,1.8772297818958705,2.416524227862032,-9.935525878256792,6.928881957681111,-3.238274836783287,2.045522069623082,-6.096893265143417,0
1.5973942845435343,0.3669173908397041,0.9401298530860984,-1.6312154302616095,-0.8811384305171808,-3.699767956329564,2.4257136249548705,-5.009887635723913,8.074518009257952,-2.859574999756967,8
2.3364201298172826,-3.1101880449044557,7.69405026052436,-0.035820827535606004,6.83621237869643,-4.752332241135605,3.7142019067642424,-6.718840160136745,-1.8325355557521952,-5.632829204345884,2
2.027615323087342,3.5046810950065037,0.4626007435587366,8.310580040094994,-1.7496224193751129,-6.557875730801984,-0.28597795464458403,-1.6381152205420701,-1.272053105339683,-3.4359853339452293,3
-0.019714238752059576,0.605916398887221,-0.8862124442849724,-1.3932709157427663,-1.8020509267667253,-4.150028001268677,2.4830419163825668,-3.73027216379925,6.366495620270904,1.9617325289123348,8
4.9349147944984555,-3.4204046623566735,11.060154329351768,-1.181453610110749,5.128588077741718,-6.079414345101479,7.545932474608313,-7.352702277500031,-3.9095326331634537,-6.044430991634932,2
-2.656494471093065,-1.8533623280417082,-2.754595117125946,-0.89123763056145,-1.4276898144427654,3.1128021976106712,-3.2057735541094647,9.069604159303886,-1.5564008254851922,3.483358050153665,7
-1.3351716118036583,-1.6733144546631258,-2.493958554584053,-1.6889968578951546,-2.700743983292112,9.092447184022053,-3.341428263743355,0.8542690562202983,1.9727863873194842,1.2893014456632372,5
-1.8191543649246928,-1.2943085259432219,-0.697800847163069,-2.049965263067778,-2.7754573339889337,9.175069811633502,-4.020436355116023,4.203809296991674,1.196772933709578,-0.5894332041014191,5
0.28262636282354703,-0.14965387816349787,-0.37327082765568714,5.9449155173568835,4.753108576143223,-6.184281625122484,2.119771232580529,-4.843930902748745,0.07276455461605279,-2.599301047915458,3
1.8286680520084289,0.8331610925265388,8.670087621617371,0.6777420576283827,6.584848387215159,-8.577063371010402,0.981527433866849,-7.7109235928620405,2.56274105094059,-6.266873123881559,2
-2.346114945203454,-2.421789335777864,-1.7722028658315383,-0.8466962146966837,-3.8237324533625885,1.393319028715115,-2.914710223063217,11.152071546525674,1.1858721896790603,0.6185960635051129,7
0.15150811209783532,-1.8807873787942544,-5.859428144696119,-1.5578228083943557,-2.317851528984498,5.752075582169674,-3.8835759886710206,6.279841777734495,1.950213371944639,2.026780206561745,5
6.627025283712879,0.042506687138089694,-0.12090484493672099,1.709429736920921,-0.646646123084723,-5.301284927610595,7.009102541816363,-3.6213253554243434,-3.184717673311788,-3.4469760647774335,0
2.3310399936449713,-2.8366658096629,3.6715673729995415,0.7007540681596629,3.6781272962289138,-4.407439693698929,4.779202881961467,-3.6687059572419423,1.3512356931457281,-4.759272090221899,2
-1.7329554203963036,-1.5243555354360578,-2.1253052850568697,-2.347986974317769,-1.9823609126578394,2.156710551589177,-4.055914034202615,6.609935997813121,0.7585739110381466,3.145867782256058,7
0.35585219666102047,4.411351888663209,-2.398990154537706,3.857941859715579,5.2220454645027505,-6.015888543778561,0.314870779526447,-2.045975177651572,1.2367612921011095,-5.1671757796675815,1
6.770095919273955,-1.5966887505919327,2.948967920679758,-0.4190505851154595,-3.2021692001424817,-3.8468080308749126,5.721525602556812,-3.7908900019761895,2.3816081773613758,-4.963776307913398,0
-1.2523265787502622,-0.8513593128507383,-2.6257031378967675,-3.0211411049310914,-1.3301618470911585,8.104051208527007,-1.4410818341209641,1.8509341545147409,0.8642369463063617,-0.5491645784539431,5
1.7892773126687056,-3.721405841274333,6.1132873868334885,-1.3586264150573757,8.442031317355804,-5.477038707485815,8.992549184425812,-9.655077216135284,0.39832077711760216,-5.753315068292211,4
0.2051910836619756,2.3858748511547465,4.572901977973269,1.7786852047101034,6.017740647012555,-5.196301867301159,0.8637434215439691,-7.137926578600932,1.2560698803101955,-5.72212463354874,4
-2.4293455911186004,-2.1269372781924623,-2.5307580329776336,-0.09322947414123511,-2.648609436748349,1.4111547061341545,-2.7838772147241,9.809670673578903,-0.4127738888763898,2.3667360948330582,7
6.54839478726278,-1.418668762200093,1.1902791595362827,3.1587634236891824,-0.5851110889417886,-5.014299378547983,5.8313242099133005,-4.024447798995631,-2.0392468843244034,-3.5021603054428363,0
-9.71481987351023,-5.07706139467225,-4.514317939399752,2.652889427514169,0.4226708435352702,8.883886040601283,2.2125159468930624,2.2721862693000068,8.326125000916024,-4.983098257664476,8
0.6146787101658691,-2.800565109646724,-1.7919533038964948,-1.185585843843532,-3.6329737201969365,5.723485940396584,-0.28882017350615047,0.3393200265574647,2.785571119050703,-0.1839365410355002,5
8.886719940014638,-0.2304161053757967,1.745191608532533,3.518772997182096,-0.1498796465773271,-6.75064555544445,3.4857127988551646,-4.282950066966767,-0.088692489270053,-6.928575893188926,0
3.9053292144712053,-0.6280105890546078,2.5892511893487784,9.416364298350501,-0.9525444787503087,-6.924793552218928,1.6940869838133679,-5.041285177085561,0.35729204174683277,-5.099974820029316,3
-1.7000461680522787,14.291160616548721,-5.968516955171556,1.260608772316947,1.8726181358541534,-2.434212216715866,-0.9147606019765004,-1.8285214958192286,-2.7774219154984747,-1.1877014436613051,1
-1.7915013414592162,-3.7116638495508623,-2.615194815127482,-1.9958355203731837,-3.5831276927451383,3.804558555042588,0.037252154602153725,9.6826618433572,-1.533984243895092,3.169129884763865,7
-1.1894367236223735,-2.968069298592081,-3.005396970255786,-4.061908701745611,-1.5706142993685361,2.348488067212941,-1.4502902125156156,3.1371599481793235,0.05698388649335401,8.419154433688426,9
0.7492398095568353,1.0774040852555302,4.386474802579971,0.498784223319839,8.629703288778243,-6.877775429562434,2.969991117046998,-7.3271614734639385,2.199024232438292,-7.152982212448864,4
-2.6906993756612883,0.7546112012301154,-4.061190467047311,-0.8952563010146564,0.9068688135085965,3.453383210656118,-0.397079165717339,-0.44649763027684636,-4.020641999354694,6.521969840302587,9
2.926919293583061,-2.5380381962262284,5.300486341996048,0.9305436931938853,5.476901635892046,-6.935389300926354,6.296022089310222,-7.432601098721511,1.9857052841737612,-6.086433927621024,6
0.8962390892984533,-2.374173178025454,5.657272978524171,-3.955436478023357,10.471212393549997,-4.779984802563499,6.81254886424239,-7.643734788164352,-1.4046176082565203,-4.501041116131705,4
0.7501267337756256,0.44509697971779233,2.7448801460602446,3.3058738084544492,4.741459464976293,-5.30571384355592,5.6476179540029605,-7.839967585974329,2.2873516685075486,-6.887724953872045,4
4.737587543969796,0.27542923817791165,-2.079778597704301,4.864366465922731,-0.056585946458483916,-5.807345945858708,9.231682258187693,-4.298767729125502,-3.044604199822879,-3.973373829943755,2
-0.6621400913659903,-0.4524911856969273,8.315146164423126,-3.165619888296646,13.993706424886387,-6.313014782329359,2.5985428128597166,-9.950204452714674,-0.8361466064839045,-4.611259930285936,4
3.408750443893721,1.55358463784056,-1.1783098542948667,8.874200158219095,-0.18209800362792328,-8.444282582590644,3.1044765516432364,-1.9730443049940314,-2.0989430806922145,-3.3923169933940325,3
1.3499188247715792,4.473813171232473,0.8138038280056301,9.517434807255412,-2.672660418995207,-4.457155943617052,-1.7146283274033072,-2.756751331137803,-2.2519183891385546,-2.4355658527065533,3
1.2463209201378962,2.1718275126833295,-3.1432193154204495,5.5153494814268145,-0.04100427513826577,-3.6854100926039246,0.5415813731934167,-2.698248832734289,0.9636876585008949,-1.9566440237859657,3
0.6915749947513856,-0.03438038226036019,9.192409413518929,-1.3624122579301163,6.22425907630266,-5.972291060823311,3.6265209573516346,-7.490614337836912,-1.661569421800133,-3.4156045244235615,2
3.5459006387415166,-2.084022878580041,8.008432938926312,0.3605307946075689,3.427965569621715,-3.756556495186462,5.985485845299273,-4.709464349103792,-2.9617656603362468,-7.2384282947078535,2
3.3837352274431565,-2.7850157866081138,5.268881449239595,-1.8574214334610497,6.005651098062277,-6.8156794596055414,10.52352937231524,-7.324348600314228,-0.6965905695432453,-5.202306913885152,6
3.996310388360303,0.4292784415552255,-3.1503175483019574,1.4192433493446013,1.45280552670868,-2.818317720770758,3.7364768597726323,-1.5303343330818304,0.3741490922989433,-3.1809212110551783,0
7.7833420196201315,-1.3774724162685767,-0.5180605265448504,3.444677570177247,-0.472532885365218,-6.3141334179451105,6.228930330696598,-4.208581624222333,-1.161855515218357,-6.6903131173340356,0
0.6540424903631635,7.24761543145755,-5.10106438053589,2.0851009285062623,2.461897286181232,-3.9254159105826707,1.0880379018536752,-1.6150585551547751,-1.7457754033101134,-1.8005330448073487,1
0.5880861339729404,3.470393199316066,0.16278345542068895,10.028110462239821,1.9302250411906647,-6.049952516961018,-1.8846265861537976,-3.068835325075899,-2.5555835614500872,-3.8230630899042226,3
1.2185326309371232,-4.679962614609825,6.4179283380358925,-0.8215760372357537,9.841090567648713,-4.401280004910272,8.506489968692987,-9.477713176181368,-1.2020093838837376,-6.060317953415291,4
1.0689804211766656,4.292246321766615,-0.024728469128303232,7.885718337432602,0.42806342094028693,-7.287517708283684,0.39995235073567076,-2.292281666695936,-1.5457027374254944,-4.894012212891308,3
0.58232231504175,5.7100342862829825,-0.19920940767957834,9.708700117309364,-2.148079424758918,-5.619726719588797,-0.9268375478035792,-2.6285315720262297,-3.3528938025951733,-2.752834623528971,3
-1.0492134373416586,13.664965630880285,-4.243100023008278,-0.12107394149252992,0.9330083709992689,-3.2878398388795853,0.034128279194169386,-1.2677043950592486,-3.3889737366117414,-1.9591167381020667,1
0.2936970437480453,-2.225015373685285,-6.512083314165363,-3.486165546796804,-2.328863476404051,0.6552720557113887,2.3824054344979952,1.8403550127795065,-0.4405292622843699,9.481736769787007,9
1.8848191606222096,5.736937332735094,-3.120792437461203,6.064743359164915,-1.5377600093385206,-2.985779721419049,-1.6968024792877534,-0.6638163554475782,0.2295520678489157,-4.862965655467583,3
3.9818706445906735,3.8393915949602664,0.07291427943070283,8.372330691394247,-1.8901615062811248,-6.4413516070383,0.10914294752647431,-3.5709604641602675,-2.476812082076825,-3.511407959136739,3
3.2348306642933653,2.402810009785894,-1.931949111652137,6.7558552951221245,-1.1722974779065118,-5.223939645829064,0.022374922682616177,-1.501468559170895,-0.6939579168353405,-2.0232427648165956,3
-0.35534086194703624,-0.5249182633241553,-5.984979406325467,-3.6271825760583387,-0.38033932149082444,1.6267240150735438,1.2114033394280628,1.873730999564447,-2.2025456242517425,7.8057888949732295,9
-0.6318544243481643,-3.531208278013641,-5.111341570544794,-3.6795194197446843,-3.473790636786668,9.37065020891977,0.030288107417995577,0.12752361875556056,3.0414754294676523,3.0906263168890447,5
0.31040754904009543,-4.757166837345707,6.602223070625028,1.7217130860738223,5.888213703145137,-4.900056001091898,8.486415917691394,-7.213107489078497,-0.7207665395444693,-5.561647683838642,6
-1.1736077030162775,-3.4509024526531564,-1.9391430946968449,-1.4150536666975209,-3.266065925454882,1.7467969483350068,-2.9708170064522506,10.568198165227743,0.8341191155382972,-0.3554275284696792,7
-3.8765848994303083,-3.2119086864698865,-2.285419200768602,0.031437800820492634,-2.1704867519563598,1.8213157182168542,-3.1616481663377507,8.39256024716731,1.4247083742743294,3.8307297297931493,7
0.16954766460242052,4.184146980894285,-4.211408294513272,3.559913084927383,-2.507711870775675,-0.37229712994098185,-1.2391396175170122,0.17388472842571176,3.076383507867898,-2.2067137079697576,3
2.3783231894931163,-2.7443187087165155,9.07377233325385,3.56591542514211,1.2642013701482726,-5.396161716597317,7.358760516927436,-10.160316446360113,-0.04920784031961653,-6.973949969676206,2
0.731768290706966,-2.691075006819969,4.603391603434312,-1.8282900039940397,8.005288996683351,-3.6754936863182306,5.181652160765862,-6.1041031830717944,0.533529769939691,-4.2135716115208215,4
14.082931585627673,-3.0652254397982346,8.76442299436143,-1.2353770159064823,-4.826913452703442,-1.6217959072181032,4.506060728164287,-5.169030947706684,1.739143069008809,-11.442076620022776,0
2.5018276125446453,-0.6223247405334179,1.5561718122009291,1.4653238363798482,-0.12534742669325594,-5.872632877837795,4.950325962489095,-5.443715829349044,4.232294710090222,-3.170613469982343,8
-2.0488286128027524,-1.0941967126014707,-3.196732269499711,-0.6385544437437247,-1.7180977656814471,1.3640567639495815,-3.338184780156792,8.622074754627475,0.1341068580519579,1.306173089804128,7
4.7632959690364185,-4.8181116818020495,9.899829462207599,2.1699147901955613,1.9744880765400592,-5.187992400004161,7.408186695387456,-6.578348603644707,-1.9109746195459554,-7.266534805106499,2
2.511290666079878,-1.3873697905444604,7.308501007283978,1.2607411024164397,4.902690232461918,-7.490963158391276,5.0975181429185845,-4.95909872212413,-2.0064857541501175,-5.071708968333375,2
-2.3952847592361413,0.30729588328026347,2.0214812183934066,1.5514098079532472,-2.971832382394639,-2.4266258544177077,-1.0896923766496134,-2.3351172661396786,13.297375073025556,-6.328368517926241,8
-0.444748896261632,-2.387478531615272,-4.6068099247448515,-4.331198112819288,-1.7826971710837707,0.8158805898140229,-2.615013345138659,2.4483463474597196,0.6762711649363888,11.185361247839795,9
7.76229802976172,-1.0702846698912298,3.126424402938999,2.2755785880493695,-2.453304589152757,-5.553426009560135,5.8603817026722735,-3.9526786428591034,-1.8892825080249882,-4.237958681985015,0
-0.06989766777412981,-2.644593677550637,6.81942725970882,-0.8242910191662662,5.7961060851776764,-4.425391392276632,6.3262719178690725,-5.572406791110507,-2.3546578802440665,-3.6004478810298863,2
0.6379293167447272,-1.1388925492937292,6.626497450033137,-1.403041579808688,7.9343959120857335,-4.750793886827338,2.8129821616057105,-6.664113569524239,1.920707512713083,-6.038375943460927,4
0.5697784609067906,-0.5485165544378443,1.9082928607367113,0.6398795493098193,4.580622375425911,-9.317150284667061,4.750810127076304,-5.183842733140553,3.3816557601542683,-2.76396833646479,4
0.08853421059048178,-2.261169728340917,-2.128648870038678,-1.940987754229445,-4.168245360336115,2.7742871202906056,0.4451788873565705,2.3506295435372864,2.076208039305828,0.9868552976040348,5
-1.5798363867425187,-2.4250797750663824,-1.4223831380471799,-2.2432875765596223,-2.040038167678593,2.368999929392256,-2.873746888297261,8.164465511238634,0.24324280882018195,1.7023004571755442,7
-1.6066915039080547,-1.4311507863834636,-3.847857446277147,-5.296034834353876,-0.849889502581057,0.9160113384205346,-2.329294979266537,1.8251093402884626,0.5560863054660108,10.007302779284885,9
-0.9502220869276241,-1.2924839515070718,-2.9061567167009223,-1.660755278893905,-1.1151286062241352,-0.3661337419789842,-2.5285359588138694,5.20130503315828,1.4567936673725332,3.1124805090494196,9
-2.122894287018708,15.046389441778961,-4.730914384223764,1.9012784935684226,1.2105446006213179,-2.3909155002667113,-3.6592194576264463,-0.8861676571850184,-2.2457412963225987,-1.8898160834793356,1
0.9372183736969788,3.839026611858935,-1.5926654148303458,6.539750983486841,-3.3973819262924736,-4.039537363671876,-0.7243475853866417,-0.7921572056907326,0.19705738925338545,-1.6965817025788132,3
-0.5131816842936892,-3.3564430463434376,-2.6121749269669667,-4.400193692338761,-1.1008634118155083,1.0750747681489718,-1.6633649440070366,4.644339710458336,-0.00561619781980352,6.63151784552765,9
-1.2257519632581806,15.160797023067136,-4.483365000528045,0.5919351427833887,1.4745474469241873,-2.8872592327988316,-2.371948341874137,-0.9070482356316193,-3.2761461964919367,-1.5612335703548512,1
-1.328127000939603,-0.3012730432679773,-4.691063868997189,-3.3840485287768716,-3.656493163426703,7.14301793441842,0.6001088220740162,3.735011075437615,4.249145875279042,-2.242075318121915,5
-1.60863717810881,-1.9627919015728101,0.12016935732486644,-4.122117761654509,-3.55252457162409,5.654904997649145,-1.398480927621121,2.043603355912797,2.7977096368501795,0.8692660038935264,5
1.4281905642275428,-2.809875962494704,4.394889053664428,-0.5956742225195317,5.130182068915927,-3.5895612495572564,8.076803099839335,-7.552019213732698,-0.5246727535415592,-3.9670399111284786,6
10.585727181250705,-1.7812359068455008,1.6785920155865366,0.8697426959980079,0.24313379200000584,-7.661448327376904,7.505168099118034,-5.015618446084332,-0.6843786316237719,-7.664089555049498,0
-3.8612737669079644,-3.9230156196092447,-2.5868873252098097,0.4379278817033999,-2.907949895395961,2.295202462386298,-1.9839704806272698,10.792542834912437,-0.511986091797243,2.6221979644720226,7
0.9475179126880284,0.873274750791523,3.3824296388417694,2.8655044185236616,6.647200605023341,-5.976725691580433,2.7790501189669454,-7.724432862712068,2.079377282984453,-6.296564717206035,4
-0.6503684192185797,-2.220607954317433,-3.117931048038825,-3.939728895617282,-3.090964146393996,1.2469178058252577,-3.540672730739663,5.696846344041119,0.6336899400925382,7.750673158916998,9
-1.5572336035376053,16.080835488791013,-5.393092145900077,1.8756091176253447,0.6197241355960583,-2.4802015902128045,-2.159866147917391,-1.5968670393489497,-2.329873349097611,-3.114234302912872,1
4.889267184436962,-3.0352971353887965,2.0786172303419588,0.8469583729415564,4.8357903451993,-3.926972812715301,7.959807131364775,-6.224917068080788,0.034701452053314055,-7.838748805746867,6
5.821407114681859,-1.0362610755102508,4.220220245820755,0.4609631414673592,-1.927879016443681,-5.089110105495844,4.188374309901239,-3.712514578209196,-0.1745283664711833,-3.0921672066538224,0
10.618983070272863,-0.24575853475912474,2.0263318340155583,1.283359295143299,-2.917459799838535,-5.96651895840637,6.420486500886617,-4.866489809273663,-0.7430768952396121,-7.563309060122083,0
2.4456763665468952,-3.2401169735927557,4.335511876257441,5.025977861538254,3.9910587664626234,-6.7033866440341585,5.136081529864811,-3.835609863517397,1.4755088912934005,-7.851826891267021,0
1.2698680580017434,-2.010861009675605,0.23842703681960267,2.222215985109179,5.2801480565399785,-5.391452909031971,4.3915074504126705,-3.7959920844544177,-0.036972135059762004,-2.638336166657042,4
5.346715936271443,-1.1866175781557189,4.016630585638367,-1.1749694784859468,2.2292431460605755,-5.971481423200238,5.969635372390997,-6.033670552964405,1.718774116332304,-5.1029699059468445,0
-1.5285921624899854,-3.562434482750593,-7.5793497479966,-2.867191513200841,-2.689461503212687,0.5547173111212087,1.1888159711573814,2.5709698747699927,4.559237051660446,8.477605895223508,9
9.979389125204955,-2.2535533372119056,-0.12733887860631038,2.385649678889023,3.3255613443901635,-9.684081896171262,6.946482103732604,-4.721372049254219,1.5566302713717584,-9.68439962765239,0
-1.8940373178089605,3.1837706183199512,1.1854242186709016,-1.725913581320185,8.0785700263119,-3.024268648861892,2.785711329250678,-6.2009119377721875,1.3450954996978264,-3.962873885402825,4
0.20716971740734794,-2.4645801168331936,5.274168149283747,3.499304573520156,6.73147879152658,-4.405440364029654,2.8614223831034296,-5.361877003585915,-0.8402557111299696,-5.7951063460083985,2
-0.09581326734458734,-1.9762203041862938,-1.7256975013511509,-4.654228867918206,-1.7679869536730732,7.837318410831677,-0.8971726327574965,-0.1481555501309873,1.8333626193658967,0.8686460326874913,5
-0.7452651241787713,-3.2005162316378093,-2.505543192508852,-1.4740160632940813,-1.315532263696158,9.758122517298649,-2.0363603096408798,0.5179905547720052,0.05432124260686627,-0.08654575059239725,5
1.364610043699317,-2.848555402920655,0.7269175779218735,0.4238517827966711,2.771508254417885,-4.856402019479198,1.4002567137689659,-2.8302858294159075,10.42562093714765,-8.589989529235504,8
8.169951105747222,-0.05367543363777839,-2.1398881374086782,2.1846669897569577,3.002013510008543,-8.69891092324935,9.037061539476644,-5.698963844840809,-0.5761692704628334,-5.410181631501051,6
2.0931791485248037,-1.0207362079721696,10.037254154722378,-1.1498308982393777,6.8059086457152524,-7.147882742032223,1.0462028949528797,-7.0646534159985865,-1.3973683287576268,-1.5443539687644514,2
0.9817412992774914,14.14117906677415,-3.438312421534781,2.332830762880557,1.031611908488962,-4.180612425703473,-2.2947315660953214,-2.453317856477724,-2.284004289300792,-3.8722034754314985,1
-1.2754673499140616,-2.512439200415893,-4.647611648709861,-4.531733331878575,0.41023340706537237,-0.36786279171197195,-0.7517844382207707,3.8132128654904127,-1.4255054713869737,9.647233584115089,9
1.9203213522566183,2.2063922556755844,-0.20436995016206144,2.9288627232280744,3.9016727930842046,-6.1292655763587405,2.4630091263357223,-2.6998316537810405,-0.24621435534795844,-5.383056647775073,0
1.7481959279295445,-1.9244709925161299,4.526503855996268,1.0887563257109896,5.2171156635822165,-5.0321153594918,2.0697408844056455,-4.208812413082941,1.1218882536813135,-4.762854232670839,4
-2.9321557829422646,-2.9907207959482944,-1.841518506254033,-1.4051903568014599,-2.2178472170828893,2.5783988809288756,-2.4722509981616394,8.56607139287585,0.8882199468699392,2.121938470097381,7
1.061171764686612,13.031580713848204,-1.8745998286559213,0.7373242152585824,1.5536607843922123,-3.3063764975027876,-3.1692159652697414,-3.0168600182005547,-0.12419921578914239,-5.496294738283869,1
-2.334573321462608,-3.058309296628716,-2.85768879607924,-0.5156565119516725,-0.22321770519713313,2.107246886554677,-2.685194275155168,2.7582890503081208,0.6611850548702667,6.388013202171584,9
-2.046467047881195,-4.601968254887031,-4.129538077176318,-4.2130578601241,-3.0120742042,10.538687615099601,0.11177995300716419,-1.1603623719120402,3.20779358844464,4.782869074617816,5
0.7828318007078157,-3.6012355468958512,-6.735763911332359,-2.639948799169102,-5.915990923167056,-1.0394291033050098,0.28456070111831155,4.437309248197176,3.521583851351664,9.217860004695773,9
4.045142027546234,-1.1530972663374806,-0.6222138409086839,-4.364656836263324,1.0339249414909908,-1.911576592077412,4.2838777946524464,-3.877539173775469,4.846234676935614,-1.9959980912385853,0
3.960892964883017,-2.8784188236255295,6.859951871112309,2.333565603671416,1.702696420637078,-4.987274341897839,4.462967069733966,-4.0525602405829035,-2.1225703476082405,-3.7563332147014608,2
-1.6114332279808803,-2.4627950100084663,-1.8776106791461629,-0.5884230954381424,1.1887250048540703,-2.859008212933726,1.0744755135777004,-2.454050146283586,11.53669625677134,-3.3230040079497103,8
-1.7914035703093023,-1.7205902848860084,-2.407006589425256,-2.1434140888813116,-2.8431451505057828,10.229319475441061,-4.005457347083358,4.454248223241742,0.2937224379894363,0.1636447644807016,5
-1.0019034292195927,-2.3760667724960376,-2.237096591763878,-3.1902462529681705,-2.459613456483723,1.7075602533773426,-2.9017844155604733,8.0016412159601,-1.243530076103897,5.124813103859247,7
-1.0507956986501081,-3.1639867262033676,-1.7148397699487579,-2.4705478346937984,-1.3624174512572824,-0.1494780905235819,-1.7513654091507025,5.684616064852237,-0.5782717675674791,6.600944180894469,7
0.1339991188717175,3.358688468684528,-3.441570661127585,8.442307379115986,1.4500213879456822,-4.61744273808755,2.7575963575190765,-3.3600591380051568,-0.20819152813037434,-4.725605434745245,3
2.7720582046420597,-0.7690166237866258,6.558909231720076,-0.07122768160888299,1.8273839202546402,-4.935966306152653,6.936254554480905,-6.357228130601046,-2.868874736136539,-3.53116976786183,2
1.9672000013592266,-3.099155872981341,6.125041551304656,-3.8843515115139966,9.551693583168765,-4.3694027305701395,7.093356705932232,-7.173599479524659,-0.9614049276919248,-6.0420115945105985,4
-2.2500856754809453,-4.3752313064055945,-0.8026511480706269,-3.420334011012159,-4.426144548892821,9.259093016924046,-1.4294571149350541,3.995716167672958,3.1827354641711714,0.8780931356367431,5
-0.28559090793859027,-3.6379866779744616,-3.3144110128226316,-2.778801959163457,-2.0557453626865003,0.3408121324291779,-1.6328102435132135,7.733097712178092,-0.7669003842425053,5.595703738465411,7
2.8222017998964524,-1.396826412570542,-3.016061567861962,-4.294186579409081,-0.506067231939797,-1.2271099434820583,2.6287629677392363,-4.624400458585738,12.051111264639287,-3.161541660272943,8
-1.3347523017861076,14.484806281676915,-4.921037109287925,0.9188018544481555,1.1818235508597923,-2.6425108388097107,-2.5481679910126784,-0.8307392642661278,-1.7489426830024852,-2.917187485011025,1
-1.4391789129672063,-3.5252449843540363,-3.210798650390379,-3.4262958177639478,-2.647598009324255,3.262117755521138,-3.246340887938955,4.868715774032643,0.43171280685102775,8.751693700484939,9
-1.7053961815890126,-2.2793952560048787,-2.3053596178839886,-0.6710800920504316,-1.1145133115562693,5.470291997874303,-1.6328363311584249,4.871768664848912,2.3880338500823886,-3.3875952989771076,5
3.378352803359434,1.1388038593173195,-0.6446038407539696,2.5950983970306667,0.5266658695316837,-2.4381536075950065,3.7245659034041743,-2.8966462250187965,0.6931171218259449,-5.776566286130759,6
7.368803187755046,-3.8974835426221586,9.82336294347052,1.1163890506012017,4.413226180798274,-9.263474570636484,9.005640344398559,-6.5729523119469695,-4.492878891858958,-8.875164586146312,2
-2.0826103152213755,-1.401352913500709,-2.4680937252229436,-1.0597173774403994,-2.4953244807142174,-0.6933240885959616,-1.4395426269543814,2.0981824581759936,0.3610947267323119,8.207349483503483,9
-1.350390392044376,-1.357141291882756,-1.8549365623619753,-0.9822457483925824,-1.7049611536020977,1.8066361456778597,-3.0532394117843475,7.217724967045943,0.7652122845255791,0.6548166311342789,7
2.6575715227925913,0.30518457448031394,6.606651380605656,2.4114894698926244,9.386036279489138,-7.849525154916998,-0.0677004788084073,-5.531167322927197,-1.6860696121276635,-8.772495541849265,4
9.561775918933666,0.10827574911268201,1.6100061882826167,0.8562803070910583,-2.2304776454078006,-5.223985724249465,4.914638800035391,-4.719586122027809,-0.4066060829474743,-5.904163874036844,0
-1.6672230271802024,-3.9517204626396647,-5.195435297702062,-5.682071740048397,1.2197340059951223,2.735719002902314,2.244852755198015,-0.1398007077304162,-2.1382628959600503,11.847263000075928,9
0.8591554354834674,1.6810033306051722,3.290727351350877,0.050750407123611535,-0.6964813419607414,-4.921718741074011,2.8324184870184523,-4.062418919217353,3.433426955591329,-2.7693405560671103,2
-0.2802469287694899,10.152913215387674,-3.093403232810662,1.4227087122847533,1.663887357062125,-3.3189014654401,-0.8471996755064636,-0.7494237148164692,-3.7911916130272085,-1.4798008214124398,1
2.752172172082434,-3.605988784657274,-1.0581592480723607,-3.36580757492547,-4.31750544830253,9.623794655055557,-1.7091565102340642,3.046811996263607,0.7126846156406181,-1.875156393908473,5
-2.993598218292721,-1.2708386396884443,-3.1415760019086263,-2.529766532363239,-2.5775894305043665,2.052182037191905,-3.389712889749407,10.809291300293456,1.3226423528951616,2.1127956467514775,7
-0.05849564220830983,-3.3253985900235477,-2.3356901333349906,-2.3708609154922446,-2.8432389384416723,-0.6341697020723127,-3.4512717116008997,6.995177970415258,-0.11198538566947275,6.961964780139029,7
10.716197339277548,-1.1447378995432271,1.8238589622074708,3.4270629723405257,-3.6164476946067685,-6.664173967521038,6.533581263678964,-4.130015353121418,-1.0203349888605577,-7.58540705924469,0
3.3100723766185443,-2.70575697635152,7.759456443241541,1.0171589449353273,5.080876292876033,-4.287166500398129,5.019134963058547,-5.568246194671022,-3.755630298130209,-5.245884525247385,2
1.3961731000986424,0.3920735100036186,-1.1846788070349603,5.123598078759231,7.055957421940697,-8.675534457997877,3.444837263237107,-4.220100364369044,0.7018304415913819,-6.46773126377974,4
-3.4175555607418504,-3.7184844526122682,-2.2199690824552096,-2.325056084166572,-3.6716933885964727,9.479181774759533,0.7228491582670776,-0.5229314119960401,2.409500200275049,1.0691466393843931,5
1.4650080522912876,5.076959033041506,-5.449297094810843,9.411622390454383,0.1633978170344731,-5.4319365852539105,1.7186884206005455,-2.6829345303713277,1.2292812995465292,-7.711175466995941,3
2.47525961115372,1.5471024195834102,0.37867315756313574,6.1792383048067965,0.2521513770054352,-5.157946846073849,0.8402235383177137,-2.0994362105793103,-2.4190800613915155,-2.744000051512826,3
1.2649095788885507,-1.4822075272804702,-1.239844296347167,-3.5325619312513283,-0.6607826409401746,-3.101404118110698,0.16760690107497145,-0.6970470943581245,8.459897210217896,0.6470478510555611,8
-0.4071472854016143,14.805177990396958,-5.404410228930914,0.8774118658696528,4.728278666667926,-5.234558563417428,-0.03881496033166472,-3.21007216052651,-1.3440834399818014,-6.179873077971073,1
1.4149641238578106,3.5859824181108215,-5.682160948198833,1.8807277366633177,-1.919322139869917,-1.9387903820739758,7.67723327493547,-4.6839257456933225,1.8296982046026518,-3.1270639010466095,6
0.9543694685790713,0.060306451626286534,8.572667723466582,-1.148446319106175,8.492575006554402,-6.371015790999516,3.3065910800497007,-7.90557346146427,-0.14190315945746926,-6.094566516416711,2
0.9258452441553158,-1.1463805590617502,7.347997224490088,-4.299577162440221,11.20048739964841,-5.7170474123308495,4.452917947838195,-8.525518502656213,-0.113797757313886,-4.459952891125375,4
-2.599673558893612,-1.523826008760029,-2.6138065935018306,0.9469719546570419,0.5381680387625167,-1.2758588956765702,0.7805641934030025,-4.17676873474239,13.662563735756548,-5.013078175389853,8
0.8628514620448591,-0.2330349866343557,3.352187452511977,3.1136061320219164,6.921744686061389,-5.925017013679779,3.26550356817687,-7.6319377075374675,0.9403687696582097,-5.529130436815707,6
-3.318438919807723,1.9740870896506146,-9.300075673324926,-2.004540382018209,2.7071018164639677,1.4689488456439854,0.9891171831010924,-1.1870780654494233,-0.30620379091557615,7.343699138801738,9
0.4518788306700158,0.00997857239203169,-2.851590670093207,-1.687665719275968,-4.105824657967945,-3.81658198382983,3.0495385662826733,-2.9891463493731343,9.76037722003597,1.1495225531740894,8
1.4471335537533154,1.5124772756247182,-3.460807572201058,8.307844731260936,0.1258691299778446,-4.276376150510177,2.2908981625091465,-1.894227279587503,-2.178123819887752,-1.7409402243870093,3
0.03249751863465017,1.1628648931692362,-4.6434607383632365,2.565573276219428,-0.1261795587733061,-0.9148734535841194,0.5033526967962619,-2.4983985393200934,2.589167773631877,0.12178729195116048,3
2.2090922502018646,-1.4646133977081217,8.250223476747154,0.603292121130077,2.1650411236331095,-6.719292004950153,7.574489099651723,-7.687621647067981,-0.903862531861978,-4.600227631842879,2
2.1515684794343497,-3.4457167368096644,7.48598883917457,-2.9416068181131094,9.899649320792202,-4.714416445376503,6.428635943822974,-10.074240633490566,0.5383367169358912,-5.712112582132964,4
1.7430746680938431,-3.9729564423620327,10.121826809221801,-0.084470677218757,8.649532410128224,-9.350631643707606,7.584587214440822,-9.561053396902834,0.16136049960709692,-5.639916391250687,2
2.2229121710231188,-0.036039313172441564,6.298997754717658,0.9985438057683829,5.476021680103445,-7.175452299646843,0.4216640084885662,-6.059363435259173,2.362858100518434,-4.630561570131263,2
-1.9480900213727055,-2.1677266688495678,-3.7012263818344575,-2.794871379320845,-0.19848081992194522,0.7761617827870504,-1.9184254351542487,2.2454041795199235,-0.8006352890079675,9.886975265089601,9
2.6611040362545086,1.1090414955261774,-1.5044862520035545,10.486012902836896,-3.196354671814745,-5.9480202622016725,1.593265270659094,-1.8695950294368082,-0.6532212669539448,-2.2172226615408936,3
0.4734875900057971,-3.0739411500022897,-5.502983281351687,-3.305991812906386,-3.399619136278964,-0.23112679703138855,-3.0404105444352134,4.305178702448857,1.6138758085490152,10.506486495380537,9
1.222786961572014,-0.20390383597071984,6.435216423410313,-2.456724548347145,3.683165995948459,-1.2315078846059986,4.320272743801614,-8.472642524963403,0.4903631090934008,-3.6725839736002506,2
0.5645935410658569,-1.8865904056893368,0.06335969351739273,-2.1660995252347734,-2.704943844131803,-2.9016538350716643,2.370047796997482,-1.820356896041557,7.799911565066201,0.5546288628433302,8
2.5550095977208636,-1.475771214505751,2.487720189155849,1.3033937968129377,4.104686025697529,-5.3281824927135935,5.7880755058875835,-5.361308125721017,2.3786412709094646,-6.461179003377721,6
-0.7194970833288241,-1.3227532423440664,-1.6338302007104784,0.6750514540469256,0.522584824709089,-4.68615908587523,1.920478577466851,-0.7817394659760967,9.46129047226505,-2.2742635010699073,8
2.11425374973372,-1.73736061255333,2.1114110752427697,0.13644371128120397,1.337528568175851,-2.330352905645752,0.8903959534833362,-7.182251017048087,11.729914601437823,-8.525064289542676,8
1.4653644094709326,-1.2201287943940067,8.812237681474505,0.5858934958808972,3.3335734727656896,-4.230367434849469,6.595304397409958,-8.040047733829127,-1.570489528784348,-6.4495661783373555,2
-2.201914465998837,-3.0214431171325713,-1.8660103980066205,-2.000079612853464,-3.986765933357078,3.761428116854332,-2.097028768258115,12.372884513751515,1.0459687675852856,-0.543320219799851,7
0.6528501779634642,-0.15386005249233706,6.9559421840407545,-0.407436948368963,4.13692650029787,-4.85280159821277,2.487204743548912,-5.1320177394469475,-2.0456786005925522,-1.7068024991725899,2
1.1656544369419564,-1.6120619180289604,-2.1645231163368623,-0.5293784074908541,-1.610567986563267,5.251561083155612,-1.3911646297475546,0.20150801271084656,2.2550477943153,-2.985232513231998,5
-2.9642066539398955,-3.230302609869427,-1.5089539884712926,-3.5077283867474263,-2.3624322154456676,10.0509831027532,-0.2598667033072593,-2.582006652564834,2.6268765048363143,2.018889377623763,5
-4.317577390699089,-2.7604493652887325,-4.7637337385629,-1.1813368028780065,0.8495608739899831,1.2338322513160283,-2.6298602063674563,3.0394471379801726,1.703914905426505,8.357321373533994,9
-1.156774940994675,-2.1745418789554303,-2.914409703038825,-2.1214669060241125,-0.8981535428196207,4.418064439331959,-2.9297330342416132,3.910238894698522,2.2616081714877954,0.5049184338210859,5
0.9649422426803855,-3.111208058669222,0.7193504406096953,-0.7677337407072429,-1.2268671950306462,0.10131813495323966,-2.6156702813940447,-0.4565108874842808,7.950339781633179,-1.8826333731350555,8
1.5108260135916838,-1.4514947131721436,4.2966607910994785,0.1725628967539895,5.864282421886271,-5.921148547209715,6.279589169169074,-4.471465498137742,-0.6105162702039404,-5.074315915283897,2
-2.794315957314697,-0.8687529185298575,6.002113001495142,-0.1335699049455119,11.370916098127656,-7.0753145411181455,5.810766048461357,-11.259541927853059,3.4009819779581174,-5.770859153169617,4
1.365142875826089,-1.98818001057412,-2.290338044153445,-3.0301415423044857,-2.1451605944520953,0.13077566393153056,-1.0802945299132622,4.445709507891329,5.485754308729104,-1.1951207765917207,8
2.1908765588333714,-0.5112753627245806,0.725485480617799,6.253520125638241,3.377058497618567,-6.098507975671575,2.483014833634316,-5.637460372116944,0.7394280085234752,-4.574031867491214,4
0.8643504783135942,-1.2252141068966365,-0.7787814716069326,-0.6983264482620561,-1.4132070462438868,-1.7408491651139022,0.6202438053417278,-2.3016917722643933,9.450875307971513,-3.37917558246239,8
2.367849389150131,-1.227358542253073,3.874610101568796,13.460668593324675,2.5618669206338778,-8.60505205240872,0.18154628050516464,-3.5789427769025384,-2.098590185002608,-8.033057515657639,3
-1.4355065788066639,15.69314367509858,-4.464501111015965,2.0027104707032515,2.0092161118148884,-4.184644333644959,-3.038405198037885,-1.5505999760891753,-1.4951986368697279,-3.5260263974084984,1
0.3003513584973253,-1.0951271498672908,9.701971959221265,-2.5925367186749795,7.782798640929089,-6.464008692410311,5.311795717907393,-8.188240913414107,-1.3797718722105872,-3.9013228487463194,2
3.5633109283990407,-1.4168640874220868,9.239452333745119,-1.4667476750449104,4.884260403560582,-5.513617195780872,4.539536987987323,-6.735431877590327,-2.567448545137982,-5.146939282734351,2
0.9469235231063284,-0.7078350781098339,10.193716842971536,0.012579011625954761,7.7585337399823775,-8.409507523390594,2.422427159152674,-8.640789245583624,-0.24453822490547428,-4.2795636151808285,2
-0.9558604037167253,10.946630198915251,-5.014270415094715,1.6531613557493783,2.8459896665882294,-2.467123081080641,-1.652018571123137,-1.1743638629713848,-2.8220458666736987,-1.4562260750460518,1
-0.6142428455841309,1.4626968913042142,-0.38095025004199695,-3.3513431801155007,0.14522068992252024,-2.309848627313936,-0.11516116202724039,0.2012366668676748,5.142172665590874,-0.48020757106314943,8
-0.5036352916504476,7.955235120843315,-4.034506802269975,2.445397681941268,1.950066379374435,-3.0596622611070226,-2.1131929550228885,-1.4099589783524424,-2.2932960838403753,0.004139134517700337,1
0.6435778258472498,2.6883048620104164,-1.4586418363638944,9.250532046597714,0.6214076686631387,-4.9910478733365995,-1.61815848082107,-1.6376602777766223,-2.2629822983281684,-1.9014541654398398,3
6.310090273244166,1.15105478260599,-0.455732335433981,5.299093754756646,-1.3802349756019554,-6.981277145960411,5.335465973094537,-3.5511664985981795,-0.8923408822886996,-6.073282768755453,3
4.909777580753827,-1.7881515712488307,2.621019249554958,5.886332981148048,5.240900331975775,-4.841094738126054,3.0192839849164828,-5.92184973384732,0.4210884117690992,-11.102826045034085,4
-0.6324873744763841,16.557148831833455,-4.445652472589468,-0.8203500774811598,3.467339895192247,-3.221391883665092,-1.2615934905331747,-2.475041988382231,-1.9462188618889527,-5.310620280498719,1
-2.65140612000936,-2.4303166823964735,-1.9089504684857663,-0.5289008826280119,-1.9790062228078777,3.043296635515094,-3.293711562018894,7.424037103302925,1.9689370581159475,0.7143045394751065,7
7.112559981791179,1.065979812439074,-0.10652569965250264,-2.379251606592494,0.1773015004750027,-3.9882136286954846,4.566454884153092,-6.19789493159252,4.159709828963864,-4.921603249509627,0
-2.079842234964427,-3.49017057332659,-2.8033264672092884,-1.7344047066401385,-1.7193690407770448,5.261677373607236,-1.1838421611934355,2.4721363745550935,2.129980525444638,3.272976045580014,5
5.25436637492471,-2.8086647404831635,8.851024968298564,-0.6775512007989348,5.657970644818642,-5.453350155929171,3.910112519052985,-4.851094196524546,-3.9806100637698063,-5.512528667142698,2
9.119417211016287,-0.20886802766225174,4.5946008084889,0.9987122970545734,-2.366937524340754,-7.8453005315792135,5.185439867642435,-4.541004438489892,-0.3517496443240414,-5.614901742795347,0
-1.137859063316074,-2.8797493540154537,-1.8902977868652793,-2.535016308065396,-0.8701636263703311,-0.24974492957714214,-2.723960333218044,6.343109840274071,-1.3362142660243208,7.804920379430245,7
3.161864929938482,-1.2098993072963804,1.099970514986122,5.370715052945412,2.6149686545341044,-5.529055844044004,7.790680119286002,-8.793609490721666,1.7319753466326746,-6.424192422354899,6
1.6602555475162424,-0.38939890487899836,4.9565608417037765,1.4055897751493769,2.745834286822018,-6.317928332279987,5.953108881031174,-6.2210811432569955,3.4420303510453327,-6.0153768085685515,6
-1.3026772914105087,-1.3997005510277871,-2.6918459141162607,-3.0412032533098934,-1.4747712972707874,2.731059137324406,-2.5893143166340917,7.407928981078829,1.3079882969129184,0.49080258829251605,7
0.1432416868112181,1.9356970894491468,1.188841221589378,1.9049080224729213,9.032976159589808,-7.428694246661158,3.19295557193419,-6.336462359984187,2.9042053700353807,-6.532205526637339,4
-2.372680984033986,-2.5114346701911283,-1.5520535132171034,-1.5848244719571056,-2.10214443321634,1.474732164743306,-2.745453127856056,8.191178337658846,0.8396754829981643,1.9894289373694767,7
-2.405139776180536,-1.918012121144121,-2.006601380905468,-1.2051892481112638,-1.908707320621515,0.8647969592713773,-3.2846286011353807,10.003431439222728,1.454525578836683,0.1949714630678948,7
0.5335043752543823,11.807711674603189,-2.527026708560666,3.0932552273975853,-0.722053252234616,-3.048058169810633,-2.0391034115557343,-1.8731012025413425,-3.322826572563529,-2.0422190864835392,1
3.6131721922958184,1.8182238002067164,-2.838224906056435,3.222905166609183,1.595336805559361,-5.198735284413637,4.106327461803193,-1.7688624577291086,-1.6392319037517125,-4.349089234009678,6
1.9510993584029754,-2.5287975463272274,6.0134157117095866,-2.262902235421314,6.457347738074496,-5.615290083167146,8.526583633342002,-8.192053653021304,0.40158964051126383,-5.71724343115923,6
5.345813217102064,1.6424354712652054,-0.4446513500336465,3.9291624534565774,-1.3982399912158532,-6.591882750195419,4.727394428552733,-2.531398044015704,-2.1077513577980627,-4.2246456357013304,6
-1.5134782942767186,-2.5039776782679555,-2.518199056850852,-1.4525891693977162,-1.363895288347881,2.0889420321913614,-3.625921887919367,6.146145451553321,-0.2526889366256529,4.710358755949874,7
3.128154803148561,-1.5212592829454346,-0.9301962592956767,-3.8481125376360645,-1.4521939269622077,-2.6653919938144615,3.3263835436988964,-5.010663749695718,12.167403285658038,-4.64723207355133,8
-2.2980058080513937,-3.165177407830934,-2.2912380057864135,-1.9111150221310624,-2.2032596564856672,1.4817182037623617,-1.8315123841212757,6.615673250746374,-0.19976218395339518,5.894411168373331,7
10.187678508019713,-0.38793089732989294,2.159057869317857,1.3704060354722152,-2.437033032045245,-5.80822858646917,5.256218957313266,-4.40117298897494,-1.993040399851714,-5.534527440073863,0
-1.3873434942214247,-1.9575979104365608,-2.176962655513095,-4.528399565491701,-1.262121794118535,2.236546491954312,-0.9286122368218924,0.4706043603719144,-0.5944745378074281,9.70590819611238,9
4.751584804161166,-4.862535814078503,10.372522112355979,0.4959906308964929,7.493342473167537,-5.378706249735462,6.071587404992958,-8.268020298077836,-3.014716719786315,-6.3370867600073755,2
4.380954222804481,1.7390071520524863,1.030352696553464,1.2709502974075797,0.5740601496922393,-3.402904548732563,1.0189032916954557,-3.835228348603811,0.4628446637556223,-3.1662165590776534,0
5.32230217933689,-3.6526348120057786,11.412192581805874,0.09680522442440975,1.926084502820478,-6.2023840899439024,9.087320155741098,-8.666752535346163,-4.422055660127941,-4.631065572928087,2
0.49582568339922045,-1.18057415514819,-3.048893007844662,-3.1305548521907975,-2.186613377395265,7.291365590687772,-1.6195305861854734,2.509024935983981,1.0034060397042899,0.02903984730666788,5
5.8796039735879235,1.7404960832279113,0.30314311925513765,3.6932657243373503,0.5772610624172585,-7.793330481358412,4.706207256113786,-3.6822895437963408,-1.1053584607851568,-6.192668528190784,0
0.3266023776564393,-1.7305533550960552,1.6071768653026393,1.717701715539959,3.551212938687249,-8.82259546203172,0.09700795686634948,0.5203627782034783,9.000525216357325,-5.988445860217153,8
0.3896000717960864,-1.4663045099452745,-2.9676653625518554,-1.6777948702574463,-3.8401171877322064,7.934907461727913,-0.3877435871137794,2.530599077074837,1.6082531765511412,-1.9080373962501322,5
-0.07159001200186893,-2.053120537505268,0.05468735595992985,2.311457328357881,0.6831534222452535,-2.4535518404781453,-0.011809559584622528,-1.895283545269389,8.822707382871563,-6.238940800482349,8
-2.8853821038424736,-0.8545993543974634,-3.446547287124902,-2.2062947810613185,-2.011142437684322,2.278910565161115,-1.630762072651016,7.900629953617118,1.0613750330335274,2.0027298854414184,7
-0.7281912810038764,-2.7669452791447404,-1.5224405785208157,-2.327708582270946,-1.9638414226451093,0.5769046392251431,-3.51848121376443,9.058662500881246,-0.48685204169874424,3.5840993461274375,7
1.1617236355221143,-2.660179551824205,4.909251219995077,-1.9096176960938145,8.633542827899836,-5.365604458713347,9.24608414826,-8.860594428593231,0.6594603533445214,-6.562178540058636,4
-0.7585606459951433,16.49420932767884,-4.477905707536188,0.20071528178643644,2.2906451876362803,-3.27619539488972,-2.7372822038268376,-1.8276554386246144,-2.0470175057512754,-3.86257666005391,1
6.3518555442379965,-4.048315578640714,9.406321625923521,-2.0876238793883104,5.924377805732769,-5.809562039800558,6.115850138922982,-8.006592507491595,-2.873424456564545,-6.101526958829274,2
-0.3489636147645971,-1.9907022783711148,-2.176589586295224,-2.3203588588307222,-2.9269699950932373,0.5691080313167616,-2.33626438558017,4.318423715030428,0.37102908921212574,5.808614019131776,9
-3.7264239818428004,-1.02363387501918,-2.400286721793479,-2.6832886708055996,-2.3049441888116933,3.7648475309104272,-2.5392590570309967,8.923010499371639,1.4912595732357392,-0.13252150248392447,7
2.147067985360144,-3.3208373726559732,3.5813221089819405,0.1701391506908024,5.626642225406229,-4.576527153917545,9.090387744768918,-5.794561994051656,-1.5571387766576736,-5.303759816876641,6
3.4541255333790253,3.6716239316854122,-1.935896761396892,2.82112757273325,-1.0508643336582004,-4.945606233254482,4.658726517542736,-2.7130723433556683,-1.2660502034692187,-3.1744894724692494,0
-0.0019580598695239093,8.83488884503719,-2.314639027922665,4.990591199719205,0.6704743623803282,-5.087939761229459,0.015150934461513776,-3.394833718220363,-2.701341461283974,-1.588996830399031,1
1.5427443480438119,-1.7251881684048016,4.966444817488836,2.3761550972682413,4.7123171629856255,-6.268573321899231,6.1258608883676,-7.525003849373179,2.068554052019079,-6.836030812281679,6
1.0390333421944498,0.700039296842617,-0.4604752574502395,7.587508206565404,1.4515597241886034,-4.590025054148003,-0.5550181110138469,-2.34390009519652,0.7992857628091117,-3.4350877691878154,3
-1.1580537948962433,-1.8698993551821257,0.2951444506152834,1.1210620260933306,2.1400459437995387,-2.951337480474712,-0.9419359833934753,-5.442858469860738,11.671697125963403,-2.6528270437426658,8
5.274713183169197,-0.7719483358606446,2.750325237825753,0.15920591099343354,3.8965242516018805,-7.6940728457395675,7.131090637809032,-6.851607223547021,1.1075684707698186,-6.11870498897264,6
-2.333913374989434,-5.88217073819427,-4.559301963709259,-2.5733374730178724,-2.445004368778384,13.671434104171256,-1.1544680391888855,-3.1703819251612204,3.5122272586820165,4.916401280275155,5
0.5830291496237632,-1.9047951100299436,-1.442734515363884,-3.3247992693802333,-2.3086584497634814,8.611319322249738,-1.43845459137032,0.19390449327437181,1.2340863278389163,-0.8838619329036762,5
8.117861456656078,-0.512918767801266,2.012727939129272,-0.23964147102541272,-0.14683969270731856,-7.602111250396837,8.310758734087523,-5.223066037875879,-1.4782082579649518,-5.400921924590525,0
-1.8686925955207632,-2.569006488926619,-4.033301234414382,-5.486184723936464,-1.7529255721432468,-0.2989558632281807,-0.23863909115169735,1.968425832083147,0.7708017377012986,12.131966066728339,9
2.754756137558681,-1.1104390831342497,6.575637186450119,0.06749017610462629,3.054320356333292,-3.6033686110013905,4.475200079932329,-5.403957781211014,-3.761012099767877,-2.883914778994973,2
-2.5262933061879522,-4.207706499196757,-3.3026577883486876,-5.375333003928237,1.3878885330759427,2.2236389941467714,2.0623042660198996,0.888932673748449,-2.1948603851752457,9.694634093158434,9
1.1209366012469135,-2.942529322046473,-0.44263706646103046,-3.476504543508577,-0.09891391670346084,-1.74422346519264,0.6320679061783494,0.6668600922685091,4.647672122321874,1.2734910833340958,8
8.302047087696522,-0.5690004014901505,2.3415787207409875,3.054468370569184,-2.215429196505405,-6.269740036221551,3.047610436204171,-3.722450928196221,-1.0151994381498248,-4.791101088595399,0
1.5660672819313115,-2.068787941611358,4.821372758142141,-0.7363800312657038,5.778387880228461,-5.458007130082688,8.102492574990636,-6.7940370546498645,1.9806754897835703,-6.557610867029779,6
-1.8091701200944055,-2.1909914167997124,-4.871446920249499,-4.243718457853303,-1.2539544688644415,-0.17019709799493143,0.9582379217535969,2.9747403374817796,2.454487760447625,8.021860574161007,9
0.5838589305887762,-2.7054474337813517,7.020889141874744,-0.402979146596606,8.096815305041854,-6.046374733148423,10.744387399137743,-9.900643950416791,0.008310279038909685,-7.296808554373395,6
2.4362477027356695,-3.3007028057153187,6.133576680599876,-2.269868017526658,6.902044253097609,-4.682281876958134,6.480398297058611,-7.081350871178633,-0.3206193588926672,-5.697856879459784,4
1.3650086024976247,3.494517703224037,-0.23385382768766966,8.212781324717865,0.6034425993370562,-5.79019408734559,-1.301078301921019,-2.3111793532009512,-1.862270997596765,-2.7811067222513155,3
5.963629586032155,-0.9948604000634746,-0.6965926363315211,1.0587278983749113,2.661329245809902,-4.778279024677941,4.86512418847329,-4.124999496442519,-1.0701700034771857,-4.835313942571679,6
1.567026246615927,-0.5402918384639225,1.4593056474317903,4.432561812592469,0.32614601084486883,-5.04921050611276,6.439442154359386,-4.2741549717563405,3.3639377641165105,-8.465611646441982,6
10.447601694609252,-0.4328525164653411,0.9373755452266346,2.460645581684441,0.9053882547003769,-7.7613108975046945,6.981830965417329,-5.043208819856034,-0.19515563345578618,-7.969753363599817,6
2.7665205205961128,-0.7621340479605714,-0.22437806762534435,-4.609706696278149,-2.643333673161535,-3.8423561603799476,4.011918523475779,-6.707949209435063,14.799910823484225,-3.4578970636573483,8
-0.13762741803325007,-1.727691929516075,-1.9800237584523346,-2.0743279476431034,-3.616876578406029,6.808407951906135,-1.6844416632479586,2.61978495370023,0.3900692127896018,0.43718193454633447,5
-2.3966170176911072,-0.4335241226274066,-8.139213988929471,-2.5458843783245877,-0.13635337126670444,2.700529640992953,-0.5834739606458517,2.5717052050472575,-1.407247045471062,10.470388833409858,9
-0.14177371386266518,-1.942640787586867,-3.2511363098159283,-0.7405653717832377,-3.356070306174646,8.703202778657257,-3.051626318479116,2.7941427462251123,3.20747573242999,-2.392394244562557,5
1.4912420426513122,6.152435698832212,2.473448970481513,0.8245034367030883,0.40038982815401614,-5.093195375376581,1.1227278351436127,-3.144913688857882,0.7134925543790298,-5.061344990371145,1
4.239943558564239,-1.3273577941947987,7.515309567800435,1.7043331577576948,5.08038428683029,-7.613851096677445,6.038123330305752,-8.10254878073403,0.22821535348143623,-8.826983224442495,2
7.713414081778523,0.038837186686447735,-0.09515942431409918,1.5643342682841748,-1.2067578079925865,-4.3121353433087135,4.206269058649145,-4.997300455016578,1.990133891807828,-6.707606390011451,0
-1.7634316735986633,-1.9832729397915216,-2.9121444422611065,-1.5293959775564603,-2.09359886178179,2.7410152970496626,-1.7875383498599053,7.078716511187949,0.5394049682336308,1.3844824254330934,7
-2.5087153375013966,11.513018996904387,-7.498196259081257,1.3503130367325873,2.7407075192840105,-1.2995403654039763,-1.429197385507586,-0.03639988282622688,-3.186843014694884,0.7434401003259372,1
1.2291047837060063,-0.6596979202148165,4.484304965855106,0.7860029444409469,6.352803631260047,-6.459783954072109,4.125697630177298,-7.395103251420744,4.434884639791581,-5.740425596178798,2
-2.2322333216130055,-2.41130687618455,-1.7188341975961718,-1.1602783673709578,-2.0780448384883945,1.7209464992503625,-2.942264947893775,8.428848406106983,0.7338121379256126,1.2607003776778423,7
-2.123400931648478,-2.9550211302329545,-2.9871118001445227,-2.1892999353352485,-1.089291326320587,7.155030106979261,-1.9377701239334841,3.6896557557930394,1.1621295259473199,1.8312632122507648,5
-2.416153331473477,-3.5447793418493108,-2.8420251102740544,-2.6289717428302475,0.25431574830600856,1.27111715792252,-0.27975976011329706,0.9529154291957461,0.058618505954199415,8.3885711183232,9
3.6932196378405333,-0.12482419899916421,-2.054106475807957,-0.061526931372792915,3.3914934824121494,-8.673770998804994,3.9107171209254026,-2.485176159719409,4.574585078284309,-4.173271768351885,6
1.8733809966497799,-1.9347932482402306,4.68698094708439,0.4869039564779827,5.790257144251488,-6.573692032254591,2.1592434893152532,-4.951437981480347,1.5508541286935478,-2.939490447326069,2
9.196643599854648,0.756517639202511,-0.7485133048885795,2.5136002311969396,-1.6795112763707962,-7.148053640156945,8.926712393181507,-7.451380090280304,-1.4373306781540258,-6.196253450573784,0
2.9511931698722753,-1.2629451742492501,4.025473890463554,2.9665983846990676,4.712752224773984,-5.161168874462967,2.594272466148387,-3.6554200671729515,1.7771066393015775,-8.219521326489707,2
3.566394466809745,-2.1381748314602773,8.002319389702748,1.707229876398937,2.3947399240769647,-3.4028331653667108,5.461334312502732,-7.006560450828291,-4.091209330438373,-3.865435990392798,2
2.3518945887021414,-3.633109934640961,2.4666949094413364,1.1343009137516369,6.007611809417352,-6.11304827236845,8.380840292567854,-4.630677930405911,-0.6670617183378231,-5.6273311216863275,6
5.9671820503637525,-1.1409744658789227,-0.5278096432152775,2.323426847310832,0.4813709862082616,-7.293981340744674,8.359242715228149,-5.70142548858407,1.0892777476549105,-4.087161333307364,6
-2.137739423677603,-1.6722150119834338,-2.2197352996610378,-1.686164540308552,-1.389961144085826,1.4763231602157816,-2.8473354391498717,6.823286452583084,1.2448512511749927,2.2324044555217775,7
1.1028771660260956,-1.3304556307478137,8.729239424935217,-0.2642805273934304,4.528919185510706,-7.43790556980428,5.045084443229176,-6.735788839815535,-0.1530256794297609,-3.5589079766812697,2
2.0645820310388947,-4.696612703917399,-9.266285534521783,-0.12097506415517256,-3.4439960476617286,0.9239007555774261,2.2033448815386256,1.70144072132274,0.3918720877068538,8.858864526779803,9
1.8266377022840115,-2.2830630778400884,0.2564060865178765,2.113191072263769,-1.7739243928227686,-3.871428685261018,0.07492532235758344,-0.4788376081085226,4.717390699833626,-2.7962683243070834,8
3.9562604437336857,1.5502103659696707,-0.7812793967979992,4.263369712132495,-0.12578886530292255,-4.386504765898205,0.5668454905668934,-3.769120293531742,-0.5061479719879287,-2.088064107205056,3
-3.7515461932104275,-4.554875739303753,-3.4144730300757233,-1.7090203239211919,0.2635720659074612,-0.31593514963795927,-0.7002874263041031,0.24446751878749465,0.790281564173811,11.69571152654384,9
-0.4112878806450459,-0.8685256000054078,-1.7299890283895476,-2.68507471122499,-2.926122521365151,3.4941060521521066,-3.177910477937499,5.394698859469113,1.009761013420563,1.177055757683619,7
-0.7183752662061738,-2.8163900083494755,-1.694427148341923,-1.733125796512602,-3.4140524370731677,6.654067838385152,-1.491111910229224,2.5449531621302945,-0.6581310032360368,2.805116519277708,5
0.1585389001628913,8.903645259567872,-2.986461474874453,1.5262852199676158,0.3687449350935246,-2.611210913383,-0.9819592937243076,-2.1855384647878062,-0.49788135928241756,-3.1646061504129266,1
1.4736418354657936,-2.3476118309918923,6.0808137951286705,-3.4139815065412944,10.171203739917612,-5.167792218441313,3.9731484752530166,-7.658134074504703,-0.06391051517118898,-4.087315954877328,4
4.202281255206473,-5.488786035593596,6.093095747772648,3.914964728236521,5.6951018362453105,-7.105026488775199,6.173160775135752,-7.164447679387896,0.7706565917015573,-7.778935570258306,2
-0.6502161276541636,-3.414611761446201,-4.643437606773072,-4.751907512235645,-2.5936459876485727,2.78983098886586,-3.157971070582341,2.4447315181347764,0.5533008242784196,12.598674187716695,9
-4.033202009916348,-2.7932453409172835,-2.7127016770772605,-0.8452474817393418,-1.2845558384241516,10.073914151644649,-3.9571070081936806,-0.13263891692424418,0.7348984460892387,5.245519595012896,5
-2.3563496096757452,-4.241451180198564,-2.5673096973323317,-1.5701981854449605,-2.5234596635096964,9.179260415571482,0.3642411837450715,-1.0352430476559917,2.52251608236377,2.5914323424518635,5
5.8123959991767515,0.21642970934673375,-3.629180987730062,4.046864049804791,1.4188915104959716,-9.665588137507527,8.933714843676738,-3.726186289349864,-1.2509277959565832,-3.4114106046525015,0
3.7363950788707285,1.2312320319286971,-0.10040178116970028,8.584767446117494,0.42782975682970337,-7.365567454116856,1.9157392899952626,-2.9926814181555224,-0.5260134030358221,-5.3917972848932045,3
0.5183436447268929,0.7017140936660029,-0.2729884469611508,3.542685746576056,4.344419734237924,-6.545600834910958,3.276619644010813,-3.745623494129435,1.706240262830798,-5.592766013971649,4
-0.1341124241112958,-1.876122384560367,-1.9717017436318123,-2.6338268938742764,-2.853260807125486,0.10623221011644801,-3.567781150746534,6.230702172151156,1.0349776039477443,5.311434100197852,7
1.5148469287180668,1.1671780045240883,3.8379826474615117,5.554256639906965,6.9156678470114645,-7.732654593324934,-1.96839412374839,-3.9631489247447744,0.4523908630278957,-6.251904062527844,4
0.7894803512985145,0.8067954620775766,3.303383622967695,-1.5011065998598965,4.906571801231264,-4.357589132205368,4.083194235231863,-5.470079443375378,-1.2900903724976465,-2.3357858435077934,6
1.2253325277277076,-1.384012810809735,6.439797843518201,-1.4871792437948237,8.189800809682378,-6.603950288678444,6.093818976546833,-7.57161860361582,-0.49966335639385,-5.090563818158445,4
4.5410686831646405,-0.3390758415344108,-0.2361089284743763,-0.2813906062824166,2.270503522385814,-4.654524503318432,3.756765049100263,-2.703923500118492,0.5976820456487673,-4.323107978674458,0
1.4206683218800384,-1.1819209638562318,-2.1425449267493257,-0.15961056912035693,-3.014584714532357,9.031083967762669,-2.742485360794937,0.7120943244803178,2.091199605093152,-4.452798035892321,5
9.139727152190563,-0.8287643540016009,3.6734962229629264,1.7735705413129499,-1.5344956819212645,-6.5995005622447405,5.404290258466528,-4.156810975269777,-1.3991838448505562,-5.6702897337106055,0
4.805080175251111,-2.490863450411843,3.91910772626602,3.0737508686781334,0.9319626342898206,-5.654311346430635,5.348430635353733,-3.2160524262606405,-2.1138610859808784,-4.814108616807758,6
11.35354302860736,0.9460740919907243,2.0136810161712866,1.8053105420746685,-4.911658085210906,-7.5022135196489055,5.606845461154419,-4.361881789860073,0.8925623316487814,-7.0012953448857544,0
-0.33714268257382957,-2.114812904611177,7.499558006671976,-0.5810787162987481,8.037465077588273,-5.356120026167988,7.537151323293804,-10.887673214718102,-1.059844919963516,-4.2839724916709665,2
2.147383023131603,1.3799678669765334,-0.5204163370974817,5.67575933586368,2.664640020020005,-4.452591211896427,0.5004103387704976,-2.572701876919028,-2.399573683833531,-4.6697523815332636,3
2.2113614895909177,-1.2677394787505247,0.14968912785813282,-3.476111602572182,-1.3975423815814998,4.2390297740745275,-0.5503108510068636,-0.44235732757296947,3.6032677059751017,-3.0154690506186,5
-1.3992188013230635,-2.134598072900742,-2.7928880631920716,-1.1111439904839873,-1.6178298002024496,1.406251335530205,-2.231657038597801,7.740593766880416,0.34981224186465265,2.145759603061991,7
6.464884319827122,-2.72366764370901,-0.0010235391259542648,5.645681205643827,0.2773135132298534,-8.295751031113106,5.584838396742057,-4.419650033006603,1.7990520920085342,-7.069159040703529,0
-1.742495411108786,-4.982060396094125,-4.102963926845573,-2.073239069507346,-0.2767519105946935,9.93069569697175,-2.6031280809340944,-1.3770785668747663,1.6559388384367395,5.592263155002848,5
12.676923358028727,-1.09072760894755,4.935690717204171,0.13637680288229936,-4.414730241310853,-7.923607188978111,9.199482445944104,-6.274023868421547,-0.44777680382419865,-7.78296984210747,0
-0.9022627964254091,-1.8915230057150443,-2.134166188108151,-2.504322846371555,-1.6296138742337392,1.7974427189745743,-3.2939227110735296,5.560069375572832,0.7242131712830095,4.292701696607757,9
9.079415674270678,-0.8864477742591229,3.3827257504609114,1.9267212639955955,0.1987288802468936,-7.315586015573154,7.103142133873111,-5.383006093989307,0.45410707271330214,-10.588015473229152,0
0.5602529872727356,-2.8771559371965747,-2.541033765972746,-2.716832921731767,-3.9438039701635494,8.065478106246918,-2.354771683101585,2.384195482425159,-0.059879767272797785,2.208372255979885,5
1.678641845770855,-3.5520187242538706,3.866585311446702,-0.47599606704509195,5.228069076034199,-4.170250853232391,8.119002343888397,-6.972784639377169,0.6446036206012962,-5.2491463624602765,6
-0.25503725838394603,-2.8287078926558618,-3.9683546734006407,-2.2057835858033363,-2.6001451323490916,4.211656765014293,-1.7078269635976862,7.846584158486819,0.9082889571322439,0.9361800969195182,7
-3.3078897515804684,-2.4633635180518505,-2.742344303240151,-1.4012133073028568,-1.9130149126208882,3.985374384885586,-2.8152464751275335,8.562557278265785,-0.2540891780162732,2.2573772420836984,7
1.1211092016213509,-4.269988812719679,-2.35326439055653,-3.684521415452838,-2.7642144787427116,10.961490952892929,-2.079520651895306,-1.8788333887530635,3.4907150170700794,1.3906879965588914,5
-1.1747138881163477,-3.2685772416153753,-0.48869373422965884,-0.6218233994830258,-3.2409639520568434,7.136369588391235,-0.8588468154154667,-0.6672771132465619,4.299757796472815,-0.9147196990657597,5
0.37458938236411565,-2.7315885904567017,3.5687502893612657,-1.6784063916011782,6.729471425119009,-4.187489087125659,5.445695099738708,-4.648701500943896,0.5632717839969931,-4.235343810113787,4
0.35113070717700146,1.8218284359478607,1.5620957338668702,1.7590008224293658,7.84984859940708,-7.550968995510134,2.954162729069999,-5.454947011754485,0.4073062707444542,-5.5349359268352645,4
8.111478705939636,-0.6207259670847786,1.2067903220251461,2.047296669888615,-1.7883370132700978,-4.974806580102557,4.185457894226414,-3.26362321197065,-1.30424971739507,-4.83153279012309,0
1.025788436930244,-2.182578717459472,6.013066182351838,-3.44992720570389,9.170613208839496,-6.0396111970991395,6.383877171288467,-7.686549939780604,0.5749967538591342,-4.4599443430673045,4
10.243885144056758,-0.05129221106784373,2.7751207014981807,1.9618997931072455,-2.3729141425120406,-6.8631736735420406,6.130210730953518,-4.801595464350582,0.4503472038544184,-9.21929199785252,0
-1.380811011824096,-3.1551656175376137,-3.5671227027597348,-4.528748352203634,-2.8955384388200387,-0.3281056848953177,-1.9438147338469816,3.883765459062856,1.4184340103778346,10.890362494856744,9
0.16146138529545123,-0.8118747703099817,0.09851167493861407,-1.1176455109230412,-1.7600429897149905,-3.2160255628079035,1.3423950835793257,-1.2838489010841787,7.304291838342473,-0.8261832251960503,8
1.2933475407134143,-1.5368382554020266,7.421486700291001,-1.7532856790109772,9.700665278524275,-9.02930008073631,5.380523213312679,-7.461160348324807,-0.1420925814613966,-4.6084881426687945,4
0.7874233093969494,12.498815865944385,-4.033177163821017,3.162067364464075,1.3788476410672987,-5.336168207821504,0.046728754015781,-2.2535026600547847,-2.3254726793452485,-4.853957212550064,1
8.621769225085908,-1.6170727052068796,7.204476833975314,4.086291130562021,-0.6136750427507723,-7.388494784049603,6.598817996773227,-6.177018561909299,-2.06461049824887,-7.615463397135514,0
6.86589535766214,-2.2877494478104587,1.7899728464754674,3.3981504161880753,4.0075760429821745,-11.252322455712394,9.151779298189833,-4.76408902767568,2.4379333317278458,-9.885791430583161,6
1.0693751888574925,-1.623934891336497,3.1139084932231507,-0.7848482809113777,5.640306619932897,-3.8721871549938944,5.861294827208591,-4.676090366333708,-0.7208110992124039,-4.595396269312895,6
1.01796497630174,-2.141505433570566,6.72883260438911,-1.1344370942655422,7.8793705101973295,-5.43633928387135,5.542154788030456,-7.229033913158852,0.9090760131823079,-6.095145050429606,2
-2.214013387517769,-3.181155631412476,-4.131915610042917,-5.3118708829897185,-2.5867139318569494,3.5192945875158625,-1.846040283764285,2.9252985860635095,-0.28536747727533035,11.789363388220783,9
-0.13787170793366643,1.115694841391051,10.925569049904283,-1.658733407486695,12.089185738820946,-6.116369980630804,-0.5488686188821609,-10.247886802146965,-0.2528140636184429,-5.703395761425149,4
5.804728163865035,2.19013399044084,-3.8396371524851878,7.8666461376997265,2.495407108922207,-9.79389919126187,4.179143182897363,-3.8060445319182024,-3.928344048688422,-2.6674378634125353,3
-1.198589283734084,14.660525840113499,-4.64352663300739,2.1980047782951173,2.042812007253016,-4.183123716278661,-1.4144417718107327,-2.4405322634560456,-2.6012736355809114,-2.7055444066341514,1
3.6705839181984414,-2.1483759773832847,6.15003432604577,1.0559060511239111,2.0256483328704933,-3.9799236331930112,5.793985747945534,-5.417369857908791,-2.4725387728864523,-4.104196149194493,2
0.032361243399854855,-3.5822983502012176,-2.9806603546141504,-2.863771466910428,-2.8956764615408783,10.615121716359125,-2.3338240953380076,4.611515024980624,2.1510266525337345,-2.22425709153921,5
2.2219465719200446,-0.9862787516095239,-0.48452860080181687,-3.553405165750059,-0.04118705448034554,-3.474894199726789,1.8235019570613298,-2.5635493930757787,8.890772593806732,-2.8336060374757084,8
-0.7735785029291986,2.1214391201153573,-3.4131528556640274,6.232236110805102,1.4203662889957709,-2.5491635767080303,-1.9179892619233436,-1.1292304010808623,0.8717568787352723,-0.3668068736007532,3
-1.045500294347491,-1.3870059207897734,-1.9570979628347984,-3.6170339663698132,1.9397945008308914,-3.3369737291609654,2.003659091333533,-1.502803099212967,7.707707869769525,-0.8708441688107238,8
1.1411575250962043,-0.8154172497279589,5.504699527992133,-1.6529195616427397,3.942048864881675,-3.0768066327012886,3.8271600693721197,-5.595625496280799,-2.025643861058962,-1.7663401711292297,2
-1.3399731506643395,-2.124641125312604,-2.1091034417826138,-1.0748803816997023,-2.2070514036062283,2.443380580636786,-2.5592973495934337,7.913724219944838,0.42482363918887117,0.3664991895045554,7
1.8082328809487822,9.479103946213781,-2.815193131126664,1.3980673812280136,2.56765434638011,-5.156339165245958,-0.8973012661080952,-1.5005535150164735,-2.896400305333443,-3.73979617643817,1
2.259220700529654,-0.3280501847769293,8.918681933048584,-1.709151608543323,3.586386575492838,-7.363615378517796,6.474401065058359,-7.05098533288838,0.2487782449904005,-5.225624561428989,2
9.519640507269003,0.44025364817685014,1.1551347729688226,1.1216450166187453,-1.4956165192100408,-5.1008172755631715,4.113831580517461,-4.639895492535366,-0.1799849870165665,-6.922862082010311,0
-0.8125751349513737,-3.496579428208242,-2.6621456200388285,-2.5551605737154532,-2.4707566793657283,3.7107500516527354,-2.059334965884399,7.219173980142297,-1.4350326940782712,5.257278343767226,7
-4.405277933252187,-1.2604840744213206,-0.4580530450470525,1.0555966338939704,0.07019316422817512,-5.2500302898113365,0.7095161477130681,1.5003731185696507,9.978742365376565,-3.4266214550482257,8
-1.921467418672799,-1.7290332625646954,-2.239274041191433,-1.3561273367869595,-2.0664945988388057,1.7956306039575098,-2.937450113950508,7.3658976469132575,0.21863183715384132,2.0520280142261638,7
-3.485229894081565,3.1231047211997343,-1.8766552325729482,-0.9397486883452073,10.190071328871946,-4.621246823964781,4.4726592448165485,-5.608284000359587,-1.7177487956447568,-0.38000808721984486,4
-1.0259843175951024,-4.987343153391631,-1.3337096316537729,0.1551999017792312,-2.5891171090507905,9.918505729111478,-1.6986837820310254,-1.1607696794209497,4.539773228142262,-3.0772603082879884,5
-0.478237221002546,13.832466364077982,-3.750332626664412,2.6755622163965573,0.05657309770034169,-3.892099086468042,-2.9391802375299387,-1.521329857122069,-1.2297802332084828,-3.43962796691642,1
4.172015500035791,0.1852034635631187,4.9533758117384465,2.2533544674570667,-0.29533785395299195,-8.18272756774424,4.308884014973711,-3.0338274835594805,-0.254320234658845,-3.7246201855897536,0
-1.3730759048122272,3.6619074243911687,-6.263192175640219,4.339375924984854,2.9562744446185127,-3.3161268147105956,0.9985397195395175,-3.548049645567947,1.2694766374604458,-0.20989704841069926,3
5.448364062233159,0.4137706214038397,-0.2183239409490772,3.372694962793643,-3.0698641074126725,-3.8509423993443535,2.4000968716176243,-2.4757442592739562,-1.9020004369721628,-1.8815050449329838,0
-0.45568984623430614,-1.4576055762200109,-3.8182102825285034,-0.19454042289475887,-2.793487696829878,8.180116063207844,-2.154824233891196,0.8115550830423192,2.968340609720922,-1.979771821873725,5
0.4924753377233998,-1.047657823531932,-0.6620186387143914,-2.365359621499571,-1.2119379805481425,-1.933231798326079,0.5609380656233702,-0.9120648936185852,6.02604876820491,0.7541484876159292,8
0.548636787958207,0.37877152337696557,5.512564104935845,1.8983113803993288,7.5002816762706335,-5.857435786888374,2.11685501621861,-7.792592169307106,0.2269355803063769,-6.22961617760485,4
-0.5079539102362474,-3.3495483213049293,-3.4696231262737687,-2.6339940055636446,-2.0082617811194536,1.1077765083023539,-2.9675393931816902,5.163156105089818,-0.17264068151464185,8.45077492286744,9
-1.1790334629299113,-1.5727212953439211,-2.4203604151035414,-3.7530350534735137,-2.10477868423336,0.4635843387925945,-0.8811396139746318,3.5180877802302373,0.8534138589825897,5.754276238942181,9
-0.39581385242478234,-2.526790123625861,-2.03730183995565,-0.871519289184735,-3.4851150393419976,9.808784309915389,-2.402917536409435,2.1009380684679524,0.2582367374398955,0.8954804417345968,5
-0.30588402333538417,-4.7914890214547095,-3.3463987131581643,-0.19561762606636507,-1.3520189191200302,8.471973595913193,-0.9431481359998756,-0.1561415480010459,1.8707356913419544,0.469514787451705,5
1.2717812503182897,-1.0951196958246343,0.23425298192406951,-2.3426859079484643,-0.3846678496343544,-4.142657186939657,1.2883437670281015,-2.4612645556721597,9.021697965153097,-1.3740984611659675,8
2.7877135689809123,-1.3623543435959309,-2.820013169004808,5.711042877180145,3.639750603163628,-8.992494742451548,6.000884196027529,-3.762435521021704,3.0753935755567623,-6.949833362973198,4
9.696541544735972,0.7164106343947287,-1.3775970644623097,3.7805685139072835,2.8186925175008577,-9.991146914492873,7.77233961324564,-6.214817266417386,0.6492654620841485,-7.703022490439692,6
2.742186582212473,1.5810155315438879,-0.11830746556997201,4.958946729624861,2.5113749642218197,-3.8146671730976793,-0.2560639850627966,-2.404690938393107,-0.3137176982658716,-6.192720370852748,3
0.6785379606102204,-0.26424656495712384,6.9589591468177465,0.6885909209633625,6.1751414513543,-4.506116943972273,2.117539300996163,-5.2563048707861135,-2.030233634998262,-4.858604246574319,2
-1.1821960497244435,-1.0671385840734153,-2.74112873492042,-2.1514201097372205,-2.6788752822593183,1.4602662917436695,-2.588784377419955,7.764698437713773,1.3314466126717,1.5510162863092556,7
0.6243907847269139,10.437131498089988,-3.632343933521274,3.5284144813023084,0.9547994211113868,-3.927428696028303,-1.1472835982455074,-0.9292965007456921,-3.3112128365462494,-3.064554040629132,1
1.3378382013908834,-2.3661346845677884,-1.8443621952762717,-2.6106609789447903,-4.76114885972855,11.499727167649208,-1.5455942525177222,-1.3010371141276613,3.203342983703014,-1.8590204822444252,5
0.8950264793039622,1.8300351738088099,4.708157152104237,0.07759857993084157,0.35266305787866026,-4.562964261500431,3.904809664539359,-5.370873886079063,1.1483618264684217,-3.373304575963764,2
-2.5399218120933145,-1.0139124449027985,-4.075489494489677,-2.984356890452675,-1.6239665302059778,11.47358960576652,-1.6684069210996642,3.204048384082971,0.8159467067871575,-1.2384902475232125,5
-2.971444274930531,-3.219664641617916,-4.878823832198323,-3.1970083894680554,-2.403615940368277,10.516687713544437,0.7854520968344811,-0.8011879528209327,1.0214032411044531,4.517510287042171,5
-0.20720485169590536,-2.422656196446912,-2.868751844689529,-2.6705231544467667,-1.443418317586509,1.1492078439589777,-0.7609128217539679,0.8416043655213014,1.7576276782026072,5.298147491868931,9
6.406376994151926,1.0671102999959525,-2.356455197888708,3.279752734987103,2.857629693510349,-9.73072568515561,8.87910833727829,-5.913136203657394,1.4869241455436544,-7.408984024497255,6
7.1806898279422455,-0.699821554260089,-1.924260540496977,3.945947829041322,4.0900052395810835,-9.701868894662573,9.690478735544774,-7.267470345245303,-0.11986698973381527,-6.738369561306857,0
-0.30587926532988635,-2.29022662147364,-2.0096842263163905,-1.9056670875760626,-3.1795302630323024,1.7346597442584666,-2.4125274795023586,7.000400136160877,0.7195426803652862,1.7267978525644747,7
8.236767309546702,-0.09077784242151293,0.5304808056663765,1.2439537162260443,1.1257856835722868,-7.314378689908338,6.952736776207192,-5.525308785620325,-0.5526323076698716,-6.829375451808895,6
2.0347798804477795,-4.180375678759275,5.61456622558076,1.4183314212659917,4.057312140225717,-6.488498094824137,10.446265808982785,-8.057127074280588,-0.5478361714906668,-5.362443775172734,6
-2.7437066098184695,-2.2994685063564355,-1.9278328683501693,-1.1177126988983181,-2.3510912510785955,1.728575396818349,-3.814015115155156,9.072950920428788,-0.13356661270409503,4.634138505870297,7
1.6149634205676733,-1.2670604053406136,0.9166595794014367,0.23777937619375752,5.770225014220944,-6.993275965896688,5.4646729135955665,-3.9314417910714927,2.045264300636287,-4.404229938431339,6
3.1164943253677513,-2.9881760489883527,-1.6115850169515278,-0.8048137291719968,2.608575120574165,0.36655434923706925,0.24377350973870648,-3.554504237076907,10.000460842506817,-9.504344327300194,8
0.7018372869036358,-3.66581217459512,5.318429162068208,-0.8846978476001564,5.690124543988098,-5.685100478123196,9.923131843525198,-6.695200269535666,-0.15027882163620723,-4.708616151715723,6
2.272183125361156,1.0867597526231072,-0.9675726207010515,9.827584059000674,-2.3047575173000707,-8.106931591915657,1.7374161686816052,-0.8392350535542299,-0.4388645128321655,-2.883949413355731,3
-1.9350553821942675,-1.5493309209803956,-1.728448549009013,-1.25887365461129,-1.7484277403474888,1.4516266059796221,-3.4786794446113256,8.023013698697653,0.6400499309194694,1.5851693305786503,7
-0.13171494870768657,2.081076893479433,0.6527679401547238,10.217922888622775,-0.4261272629253248,-6.273697094813673,-0.5597751439055492,-2.082109540202621,-2.2846259997609937,-2.0399144800420586,3
0.07554212790849502,14.245814230555483,-3.7800401682253746,1.0216046236682794,0.9935469174231808,-3.704483805309173,-0.22735907121667814,-1.2936997739320735,-4.39589294456705,-2.9497818023057683,1
-0.7732522998696036,0.22554813159503131,5.0053919285648645,-2.13251547795704,10.484411667503874,-4.343100058063955,5.816553554447408,-8.066318620393176,0.4427441206832266,-6.735806515693005,4
-1.1613200492277453,-3.061886286482429,-3.7682123069302076,-4.070022235390797,-0.7410898555601702,1.3076373098002532,-2.467913368293796,1.3314551499975242,0.45478869095591723,10.762456298950598,9
-1.6614742378233536,-1.383822564263038,-1.724226589101739,-0.5393753839142279,-1.0648395124490535,1.631014650089551,-3.074601323422371,5.842093157810783,1.3564306460787656,1.5718505547650543,7
6.8859904192935515,-1.752616834973561,2.4152738301592827,2.405533253702224,-1.1043065504991585,-4.277215909525493,5.164144020327539,-3.464111952826704,-1.9328279157519743,-4.374086826667132,0
-0.9148571019447131,0.5990589116489777,1.7336221651665467,-2.0088686286047266,1.2686310133960301,-6.359251381489227,-0.4887436208670954,-2.4509812415365997,8.747704526304515,-0.6937844752491357,8
2.7000330067076055,-0.2352828865213307,4.024658305149516,-0.70272623885,0.41880119535437355,-4.560277809292057,5.398517962566792,-6.2799985660932,0.9782665981144945,-2.84297831324375,6
-2.9007808867556166,0.6925873332286169,6.098990832846605,0.22416994254511946,7.987371933288879,-4.809147156687679,4.272811860038928,-7.728366198820985,2.368083386357908,-6.1429428318435475,2
0.12807882907421728,-1.8084592573078229,-0.6884668871512791,-0.2505911715747358,-1.338154295649789,-3.102869603914272,-0.2216987410923013,-1.5512020596050187,10.283117207667884,-1.410150231650994,8
2.6978780401826628,-2.1677506330755514,-0.6029840292750235,-1.573265072358366,2.208197529832748,-4.236666540747275,2.8379641267385267,-5.108964178552207,14.522884694746288,-10.251709754592353,8
-0.7071738126591378,12.314051215831721,-4.5998289174122995,1.5716566049022036,0.6113247918320384,-2.597136147568968,-0.9771151493032687,-0.662993641066005,-3.520018265096786,-1.1652831750218913,1
-1.4488154696218325,-1.684314467911561,-1.8825734288965028,-1.9769683615492655,-2.7135246846356957,1.2592796671693978,-2.647524194812316,9.904141007516078,-1.541511599985701,1.096647382383028,7
0.540195044767145,11.923032365560319,-4.464140390277739,3.108657352675607,0.5050561916125955,-4.711902269732677,0.3177168876014294,-1.667329362323073,-3.0858225449517267,-3.4971820268128,1
-3.9236024050804685,-2.7607005780766825,-4.644135892017424,-5.501085558445881,-0.9201726884070736,1.2002454220292356,0.4984896131366645,2.3822441414507263,-0.186300386190412,12.184359411275237,9
1.8842927401421992,2.779328997190996,-0.7799105614239028,8.757941433586,-0.17129866876526478,-4.811135460010692,-3.005675292512479,-2.103455414121096,-2.9205562349403507,-0.8968494853524307,3
2.2977700118574362,-1.012556724199755,1.2659345926281973,-0.31212161437632363,4.425275826038353,-8.428238727254891,0.6056670861257819,-3.036177347981469,10.186519963015053,-6.5773698761824715,8
-1.086838339511202,10.75383596902676,-3.741487587289966,2.3516168619456854,2.7941286893827004,-3.0274236740981797,-2.07585991969008,-1.384133765817275,-3.3105568388819124,-1.84277592612221,1
-0.05959535467113308,-3.7107494658989784,9.834091508297831,-0.9472294480105428,6.3550665939982895,-4.566959501887358,7.193718736527449,-8.979252936059625,-1.8844689772897807,-4.50957080675125,2
4.851892089706689,-2.1035456101346877,10.826122947056335,2.163530187407209,3.7047088703541484,-8.670876702112364,6.207736282925151,-7.802721108098718,-3.4648992371474,-6.658242692433193,2
-1.447186754834934,-2.5680651281843323,-4.911425443346076,-4.735267660926289,-0.6586049684933878,4.41451671754115,1.0211853847687071,-1.8797979013909174,-2.594560476890786,12.140265165776869,9
4.99150974199476,1.0156942364740142,0.6533399044225903,11.514100840826414,-1.0136508509050512,-7.487267385660621,-0.603698844202644,-2.5217879973951294,-2.573182307249715,-4.4705819089067695,3
0.7111457454369026,-1.8318709779301876,0.20619053691467445,1.0334926018971313,4.585789585767161,-7.151941448602636,2.405317614886039,-2.629888028005734,6.136754361587768,-4.043585604899157,8
5.720029324481222,-1.118695072467004,-1.0647095599919898,1.6336441723474044,1.5158429191551797,-7.01141017884226,7.488781887368283,-4.298285237902892,1.0830746445448152,-4.926240687600707,6
3.638772699586669,-3.6265580029441082,3.5719789893694442,-1.1222328755740543,5.522132996238767,-5.861461339952956,9.211109335242647,-6.741490610002021,1.3613745820394956,-6.369967360603491,6
1.667773327055171,2.3090672883148198,2.5878372595791714,1.7658969267548603,7.075824930967267,-7.3844472531127465,-0.46975449148245035,-3.795788971757484,1.284808620480179,-5.545222914196953,4
4.674924395490709,-2.615453732414215,9.671810183748866,-1.6692313490040958,5.129471382860247,-7.491183656853759,6.671614542644485,-6.253510499646678,-2.6827019954032614,-5.0766641117170925,2
-3.745856219097158,-2.3229028752672853,-4.461333244630236,-3.337635294138498,-0.8398561899048591,12.978752515846594,-1.2165352962463407,1.3029216771655059,-2.21770267822759,3.2495428646340785,5
-3.312743538150425,-2.6221331778479935,-0.9282351410210781,0.6939454018986129,-1.661194171825629,0.929571217667666,-3.7690650350209784,9.314786669082947,-0.2952895740350786,2.8749812390094083,7
1.9633486751274365,4.6556294773035285,-0.7435220836221201,2.7520769361151673,2.059771842390441,-5.604061568623389,-0.3149635923942942,-2.3382433591125826,-0.8501564999525428,-3.0699212352557272,1
2.82189645733196,-1.426438229194056,7.739356894002788,-0.9212354931223941,3.420877273299484,-2.665409560268633,3.1636903623325034,-5.12055561078286,-3.1071488839982715,-4.802845892721215,2
8.421729640769131,-0.5987839257215298,2.8161725638100954,0.6961767355081304,-2.269133589623976,-5.105553829868704,4.676905603545599,-3.598974164515056,-0.5996909719572683,-5.5692832205258735,0
7.694638353673044,-2.0983973166329126,2.1042053163713765,3.6864833841300886,2.3840474332064026,-9.038595897786276,7.268765009684683,-5.050749202509441,1.149816361124984,-8.1848550947246,0
-0.7864668467223503,0.8384001008826288,7.095630499457587,-1.0601488678518052,4.511231891572962,-3.6381489332482313,4.815573002729375,-8.529213339425619,-0.12682165560925754,-3.6416309703581486,2
-1.1081557432286089,-2.1146255139779297,-2.1263849609949994,-2.847258203832038,-1.4098466338379754,-0.6049838260790067,-1.7734787183817398,3.7855194617609116,0.35979709446368574,6.91621297373094,9
2.1364251915252765,-1.3973817797587003,3.1395698032134343,0.07277526060689213,6.160449997842763,-5.220017973139042,5.783001473068171,-5.27822053016178,0.5400270905767712,-5.978362090047908,4
-3.478651307512451,-3.4636436899379537,-1.977241859984302,-4.106463920980359,-2.341099103481325,9.112348442712326,-0.13570022010948413,0.3365250368036311,0.9049588258556192,4.681190101669814,5
1.1863101845326172,-1.059724696685628,4.87443223861713,1.073552523665821,2.8304034786444294,-2.6218463256304987,3.89225870035961,-3.7988659270579377,-2.1851189077930786,-3.9571357368920954,2
3.390477308025608,0.9191154414152555,-0.2497555015297926,5.7765465819631325,1.4527422304475577,-5.439774990429299,0.7135290142581739,-2.426669848282434,0.2645105100200559,-6.354972400788079,3
2.047384382905218,-3.8069414180774737,0.491006508339335,5.3486237379144645,0.3076406929620894,0.3636221216054772,-1.7281052166815398,-1.3740092146661596,7.620025223873757,-9.313453406386657,8
3.3662814724310572,-1.5344754003627634,5.0300936989807745,-2.5018861725584607,7.783270246835935,-1.9017519777579024,4.70051697681531,-5.783632781484128,-4.548003902007943,-4.799488876682593,4
-0.3203949386366279,-1.4965013297157068,4.984947682131998,-0.03948298096293951,5.1780893848471425,-3.144039143122293,3.6013143169365462,-4.409432489530558,-1.3653728181280038,-3.2243623708108786,2
-0.3723889185602957,-2.785755487815253,-3.4724254988614427,-1.5147626510056538,-2.5328784282514105,7.042630231466355,-2.020671322603091,2.0103380492844996,3.633861864113519,-0.7491098730649163,5
-1.8011440155201304,-0.379578403578748,-4.059557194025651,-2.212072180278673,-4.653898649160574,11.17754342585884,-4.233963084963074,3.240953164952123,1.2667643627186438,0.3488586281066895,5
2.5691531564868297,-3.429014113241458,-0.4428281078275343,6.685797619592146,4.612473685055097,-4.9388134885824595,3.256160850871759,-2.7245411786788423,0.014954544685901072,-6.416214841088041,3
-2.276036173829996,-1.9049568131637795,-2.1210746592056857,-0.6808504983948795,-1.4100429944661046,2.003266314304256,-3.3449362125196385,7.051527850977174,1.2546896845333813,1.5055603841645893,7
1.000129585193543,8.678785207181082,-2.296931032671578,1.2528617634160348,1.3020781834321062,-4.791781960436534,2.391626836874837,-2.6159345715056124,0.3614948757977885,-5.865377333866793,1
-1.2224277758487705,-3.229630347274131,-5.358714134241327,-5.491286115521348,-3.357977498837382,-0.1917241425191219,-1.5982517659061344,3.9392826937580105,1.5558702030795315,13.117931948175574,9
1.0150038306188254,-0.8686271626367775,-1.7107627421498173,-2.5142180735238555,-2.2056346708037005,-0.6945416653711716,-1.8489569780925548,2.8323798392232784,3.145237384786598,1.5190600791071092,8
-0.8129067610147085,-2.614283862974217,-6.589116391327014,-3.935343729955171,-3.2763584063636726,3.7666918227234643,1.2543783746821162,1.7133702644608155,-1.6840686321396183,12.353554747813446,9
-0.37294660774087124,-1.4849743817868457,-1.9897116096618899,-2.3405048246373426,-0.0541970707785816,0.9884575114988634,-2.2124547306257676,5.10530618295212,-1.2094747212686063,3.795682416352344,7
1.6764948364273309,-1.5845206475505813,2.4975857844985865,6.126863718600157,3.5465874542060827,-1.0726824977839553,0.580232299532461,-4.288678240757106,0.32512632941306513,-6.301895806911719,0
2.25838258574702,-1.3259485831212692,7.114462283111119,-2.504920000249895,10.825935638832867,-9.264103258666141,9.588114698384858,-7.667171911373317,-2.256570705628768,-7.173109992806766,4
1.6466626776414135,1.6970175698132466,4.883697298064155,1.3108867634231072,8.171617395114733,-5.987153482709109,0.7194934181995183,-7.460337946688869,1.5064035913715295,-6.084123717553801,4
2.0628244354265313,-1.136030921029416,5.658749138154636,2.923089152706033,2.4214384155312203,-5.190538565696051,7.786363516853341,-8.57200795774052,1.8296283545721534,-9.328422706334166,6
-1.4755660292391497,10.751068379928821,-5.220859585348533,-0.3892438953189869,2.6351807299381815,-1.9101141776678954,-0.6285487832473675,-0.6502180389235759,-2.9561049151343415,-0.3822099463656781,1
1.849172349276371,-0.0900186036559705,-4.853302296232945,5.709557421637475,-2.1670604597902505,-1.9427544964288683,7.851598638454094,-5.125375099623809,1.5428581866108126,-2.991325189935747,6
1.062758912287205,-3.219946978835782,3.8370085836414987,-0.62469382455328,7.443012749555727,-3.4532027851368725,6.182171349150711,-5.187239539691388,-1.8858974933359733,-4.282357295375245,4
0.9799103648685605,-1.026649006815774,0.4936843794885645,4.052670474549815,3.8414340270860783,-4.925262482122724,2.2878899585231736,-3.4897905002541436,0.02494058354962407,-3.1319659107046167,4
0.39491915913066317,5.15455293392881,-3.075139346019145,5.082551041002846,-0.910174036934168,-5.0385978640338305,0.49829383578281783,-1.5505524460886289,0.01225423956181046,-1.563534829263516,1
1.6864395226060518,-0.1211751886048521,6.343095248527175,-0.7423972100127427,2.8558556723783974,-4.983837831557069,5.0140963539114916,-6.090610422241844,0.2819830331836059,-4.1643114166201425,2
-0.6840985282354415,-0.7636248528505708,-2.587656846443507,-2.1895071999473688,-2.516008800381157,3.69658910595353,-3.0017768965848393,6.405859898523137,2.497634576616904,-0.36040212027695706,7
1.4416682529297729,3.4114969397590307,0.1712667506431968,8.873508686002818,3.3814953225804243,-6.7985960935458865,0.05246423671127369,-3.543422036694576,-2.1375653270005057,-6.056200402400737,3
-1.683366792820428,-0.9436541876614825,-3.1933704023051925,0.05067737639381306,-1.5426164234514108,6.406827720063936,-1.9708699480538416,0.9598980951976173,1.9704523525395747,-0.13676026781065576,5
-1.9338668669336663,-2.432924745213729,-3.368354370449174,-3.1569073584343244,-1.0033148329437096,1.6644913911844283,-2.9937442028441184,3.505163963450135,-0.5847411612166142,10.489367910622846,9
-2.182339498108801,-2.5953502848757823,-2.6761975094547807,-0.8982739596210607,-0.8845261440344137,2.4059225930861734,-3.0309331463330635,7.64374120347806,1.0813969053082513,0.8038383811030193,7
-1.7307482375332857,-1.7232641982144525,-2.6826123990314152,-1.0924772689604434,-2.6383755002270286,2.532409245913019,-2.755254317946332,6.205965363876314,2.177417211363471,1.3780340981691193,7
-0.5095253682524079,13.193066252260675,-3.006434423898331,1.8788377636593314,0.5513377360569622,-2.953705191665554,-2.2433237620118676,-1.7742323474235133,-3.0306133217860545,-2.585177848524957,1
-2.7004997319470503,-2.270748171441738,-2.1129981510811136,-1.3427065239383476,-2.533944372428062,2.5159136166608866,-2.273342138283271,9.079840126982814,-1.6584963482012265,2.383412964848119,7
5.8613891258590005,-2.660453634330265,8.414108250428427,-0.29165299626172675,6.448381003424693,-5.026164826011994,7.09202136925447,-8.338527656749704,-1.4967386616057217,-8.818509940299451,2
2.511387507064365,-0.17538831812555694,5.730038550051687,-0.3799801313369319,3.1911637007460625,-4.98289216519013,4.505518797506297,-4.864494809083039,-0.40882025377847003,-4.452270085015493,2
-0.08379971782912432,-1.8508364470823744,-1.899042939321182,2.9755653912749196,-0.4649159275415774,-1.5749389955996442,0.12868585322510662,-3.565771154589936,11.569592363844597,-6.666141238569146,8
0.9725343916012559,-4.85207679081882,8.352076259464079,-1.0001239953322834,13.260124924034663,-7.675623866120567,7.35089091153416,-10.002669150051524,-0.13394749780044324,-6.095676675064043,4
2.1776637828253684,-0.19238369523231547,3.248834604655609,0.7428094322056049,6.27641657356452,-6.131450121018013,3.061549648511338,-4.902079429786772,0.8698340638171438,-5.940233817519547,4
1.2265268122645303,0.19810209465668324,7.110487013600949,-0.32000806343095217,6.513966754060897,-7.5360602268553984,1.39238467597808,-4.943210723651908,0.4981785944415513,-4.388480441807127,2
-0.6467060570810788,-1.1031089165141765,-1.3578521809920154,1.1497522529711028,1.9583400936771822,-5.9492876533223855,-0.8749923414714,0.4210107913370103,10.090765701049968,-4.580787310479062,8
-1.922301947147047,-0.551601588943419,0.017942026995075466,0.7960586806457177,0.3430754027197809,0.011477721270312713,-0.7757203767681013,-3.1210687898844047,9.14923868599774,-3.983193233491626,8
3.26078059215491,1.879226619183167,-1.631408102355935,12.35649116488138,-0.31766531666752285,-9.549756901495277,1.6920806231774785,-2.6702818175135166,-1.4962518594276517,-4.3543475455246,3
0.3827629778690367,-2.2053739618274557,-2.5538331565662657,-1.1820880898455048,-3.621625283395586,1.869957132566964,-3.1460945309451613,7.405098491186902,0.15558185862943963,2.0317047561171435,7
3.5062402520590013,0.9837344944394013,-0.1567255262773743,5.286062893301945,-1.8545967591501868,-5.201102813128437,2.222528514037572,-2.8364717275404647,-0.24279250473131264,-2.4410969463230088,3
2.6527916566965852,-1.438775889248244,6.1349094079749396,-2.751855509862288,4.486790879551828,-3.2526515433258516,6.141897926078374,-5.0230640731438045,-2.394141258504866,-4.237879722391561,2
-1.3557100419688406,-0.28566271086481115,-3.274022080082237,-1.9014245024693501,-2.939917498610845,1.772294491773235,-1.988888387293548,7.814750499230467,0.42874557938109564,1.6311042901104482,7
0.3441829851450391,-1.1946898952758946,1.1657400500114408,-1.1149053270844853,1.8164197632599461,-3.692670096264889,1.3258139810970118,-1.036484816417881,10.159136854052475,-5.519996035537131,8
2.093571567240418,0.2249816523719579,-0.5383059508280157,4.072606022841278,4.841743888012102,-5.041488066853132,2.5021132788076104,-4.4672981322643475,1.478987721004544,-6.3149158054486385,4
0.2000788631906594,0.2659934589351108,7.161601718376684,-2.682754908361301,5.976064917319917,-8.661654058505151,2.8555815253439034,-6.69281922825733,1.330803397871888,0.6192318814069707,6
1.7618171234187432,-1.4886929448969297,2.1807927077310207,0.23229175790616768,4.139232467663632,-4.712335509449764,7.882877266258643,-4.980540792204031,-0.8069631648393076,-4.582855035032825,6
1.2521397953980862,-3.7580773278144264,4.624971603068688,1.9308034457767826,3.9372663926063995,-6.218062693313479,8.706427223275986,-6.903357307423786,0.8238535613264062,-5.525546771007729,6
-5.1566057556145966,-1.108124794362179,-5.3445364306069205,1.3367818917289958,-2.7766212796969825,2.711622150343578,-1.1027440429534292,7.391729837693819,3.138555889047637,0.8193166735082894,5
-1.6472461287115308,-3.063012541219961,-3.418347251581187,-2.8233013312109008,-1.9198185628597997,-1.0903759902998078,-1.627009353987619,5.8913079875287195,0.05597047711854957,8.8368054548197,9
0.7524489191144164,-1.9079827842340522,-1.1548640731670226,5.796930447042842,10.21940935838968,-10.993145930283518,3.7708223331707136,-6.235515291927177,4.768318746318112,-6.847819991085375,4
0.41086280679392434,-1.5781966181237947,-3.654533219324347,-2.6828099171991697,-2.657893431852153,13.376831234373233,-1.4170509214241414,0.6277509940965418,0.36666995214960624,-2.050503891556871,5
1.5070497881481943,-1.5665396371761098,-0.2465199322300749,-3.49394412736069,-1.7382441406282474,-3.501732830614461,1.7544000696463218,-1.5665689601302115,9.531287767380292,-0.925830675461237,8
0.3166986215232409,-2.3478971291472037,-2.9412802711857307,2.162673289333198,-5.737844852047999,7.350896294945942,0.04187141666666806,0.9798853580134688,-0.21140969251656133,1.2990908480098913,5
0.9223095303778137,0.14778146202312945,-1.8367658906307505,4.646923782362337,4.235185864398687,-5.975463680299875,2.894849545225319,-1.8576531068502993,1.4917232889496412,-6.170468892537966,4
1.1026003427707864,8.459972666620445,-4.156122307314586,2.479639508817225,0.765014119868471,-3.2297002163971054,0.5521379059811071,-1.8375443749506757,-1.9022853563309765,-2.094196501141265,1
-0.27074224674763975,10.233574044370208,-3.4322447629011115,2.156890959552857,-0.20424852511494213,-1.790153867187679,-2.4533001215373145,-0.8318070216934376,-2.2576464463321004,-1.492931245745827,1
-0.4006311256552208,0.06011697699129229,6.845382035488513,2.5774800672895717,4.56303488404421,-7.3598402004972145,8.271476556370521,-8.454530249819747,0.02625494534828631,-5.179781182360395,6
-2.378722803512942,-1.7644340268148533,-2.371607556258956,-2.8499825502554303,-1.136753044780364,2.222396114879289,-2.402404260883966,6.803057622348957,1.720646687145251,1.4905235539551358,7
2.0753407930710757,-3.2207545290679502,5.64286933743307,-0.7634684038340156,6.76403817776419,-5.930496325702189,6.278236049416147,-7.96932860023087,1.475170573565482,-4.257332977125203,4
0.6812324288212234,0.2590733082753286,6.068537014216902,-0.9291642552668002,7.607150373753406,-3.938213269744171,2.2691869761798604,-7.474341535702284,1.213217118340707,-6.238954461445098,4
0.525928009047349,-1.4018389172611325,-3.77818066785471,-0.500673720811246,-2.069278836844183,10.214820927203482,-1.359104231604742,0.8740728363637082,2.49552141435506,-4.222892163833578,5
9.705504615862257,-0.4124700717636517,3.0500665164224623,3.7591426688077396,-3.2243598412528187,-6.573566416519906,5.82720951941175,-3.4527616112482824,-3.5081726244129885,-6.42489607341888,0
2.208711809853374,-1.076106383332696,8.264675751656846,-1.5941346658546356,8.976774061309166,-6.55302528087445,3.8776749183169525,-7.848684026137478,-0.22186681496843486,-6.633696279044472,4
1.8334395254438496,-2.510158591183217,11.420869296461408,-2.010910797521307,5.427592537016288,-6.4033157367390094,3.9761381145132964,-7.630435196659063,-1.2191101063401388,-3.0223782701970796,2
2.1968336770068304,0.28888281276098515,2.3543385360163884,6.762294071632804,4.502783274033728,-6.823401015423725,-1.970996825132128,-3.9462961803992953,-1.8520573278335055,-2.9609833362177933,3
-0.2077575414366894,0.7392168689658347,6.8923926874573755,-0.8563661107963769,9.649247425549303,-5.934501670266566,2.6462035126313115,-8.30023422747982,0.35491012991883925,-6.0538166911718285,4
1.1123043625363982,3.0755410579349256,-2.02113451924249,7.74971114007415,-2.7662862461130002,-4.372843830987282,-0.8426671490498792,-1.029336690257295,-0.11769247710801012,-1.398215176769879,3
2.753553992131388,-2.295226008443216,9.087103807068685,-1.0974591351217686,4.4208326981317025,-5.541728807402777,7.595342394538381,-7.432996726287887,-3.362498018343066,-3.941419890581527,2
7.629765821635169,0.7779134476362429,1.7243828392865561,2.291439017098184,-2.5647209255449073,-4.391923640433626,2.029430170020582,-4.200700014328666,-1.4168169352037006,-3.698322790540134,0
2.181719912400301,-0.6892446674779225,9.748670749076453,-0.8188841590596929,8.253267671932734,-7.129735063021347,4.115602305440644,-8.443962387192189,-1.0398674287664562,-7.201071064688812,2
-2.9241550493071284,-1.2577015741647704,-2.981464915919501,-3.8070517383364497,-2.444381596244849,10.518633649810601,-0.4556085231810385,2.1993743724574983,-0.7289259455349884,2.388515589047327,5
2.5836217102221912,-0.2960215969266744,6.364371665752776,-3.5365779324247635,4.143440132305299,-2.412329746121502,6.075897114700123,-7.447394797676361,-0.25892243591320385,-5.516967976118201,2
-2.379735697743171,-3.4286731795997056,-3.54479654155351,-3.2268218817669845,-0.28879636368727873,1.5713002838837578,-0.06609080688372519,-0.04156790066704578,0.6630351799460803,10.080776248457765,9
-1.4408449772196703,-2.345514656782349,-3.135933385521829,-2.418389247266267,-4.5636947267609145,5.202308096967483,-2.747540256348052,11.081432075229571,-0.7408893614387395,1.6519981263143417,7
1.399031119116666,1.3186557668079184,-5.5266061999104386,1.539332620153407,1.724782820149061,-1.965304451172148,4.800039075471049,-2.4777272958446503,1.4671924815582726,-3.653389833764333,0
-1.951879268590123,11.36538668965075,-5.618051523315158,1.8305504385758653,2.184313539714919,-2.917028992341207,-0.324595833902241,-1.5797453572883906,-2.3138817591075003,-1.091531461360728,1
0.6271186418383183,13.840890565701457,-4.316582270950121,0.5575217198512964,0.9970524099272815,-3.835891050003654,-0.7569763311349984,-2.176822932146054,-2.2640491386299018,-3.4957643970191468,1
2.189630045115326,-1.5609802187275976,1.7885406845018077,8.350330267036087,2.5335594146647757,-5.829783894102848,2.1960935180866024,-6.294398722570524,0.26815211948473816,-5.34269983337521,3
-3.854606734470253,0.4356949282500132,-3.0811582736824894,-2.7288330584440863,-4.175808419679191,4.7925071420654195,-0.92417553088111,8.717389167811005,0.7482877575363902,0.6135537577636015,7
-3.8578423381307774,-5.935256216955316,-5.807891474358078,-4.22395472043254,-0.7699627701509295,11.63245766158957,-0.6637728567680184,0.2166957638541833,3.1877379419223635,5.360721341114619,5
0.5243434123685162,-3.0422105708769718,-1.5066612911869863,-1.8706526109153416,-2.937044244466055,-0.42773182898435325,-2.0551103069284395,6.669713008928016,-0.5244506383914027,4.655588430873021,7
-0.8426175754213199,0.09276605699266346,-0.9982231757425313,0.9984881418211724,1.5673326323676555,-6.040763353201356,0.846453535081486,-5.17633197080988,13.156175268407369,-4.726333495957086,8
-0.49384222034805253,-1.9170466610044012,-1.498259333699414,-2.4337060919824114,-2.9950206495619294,12.514903687542732,-2.7406368117654574,0.6151185593519448,3.604476710675703,-3.4595016821636184,5
1.1546408853623351,4.081336905103623,-1.2341280398508672,7.5841618257182395,-3.125158055134843,-5.145456597216077,0.001756903026022702,-1.5547812832331327,-0.9983784280200161,-1.7890216127613383,3
8.520235396360077,-0.40105412668141144,2.0644202911288754,2.5291555587956145,-1.569161846877346,-7.227859398715837,4.414920038269077,-3.9247801062757586,-0.6296875327545643,-6.047615272702296,0
2.742161666827992,0.5015860911904287,1.721123965685012,2.498533161047915,2.3113049512728434,-6.693872510816517,4.893087818722044,-3.4331046626883226,0.6726039298782822,-7.759031389628978,6
-1.1998937871601543,-1.5314963961434924,-2.0766646466628726,-1.485851514255089,-0.9930072312655194,2.2742702831860826,-2.9039226752191616,6.538890117624542,1.4082726897785236,0.4266646635889923,7
-1.475298771302034,-3.2558654047536084,-4.606061004700617,-1.3747495228750153,-3.64397095842537,3.870122940518999,-1.0583190849601822,2.113764133234506,-0.15768107604524118,9.683463427653093,9
1.0545327741061419,-4.091528632843086,6.445461250848112,-3.3901008731866806,8.314413694247165,-5.565907610478994,7.363926661698352,-8.134610692298336,1.637437796077226,-4.481696562553402,6
-0.46413208342108064,0.857069256153601,6.946296231781396,-3.353591266552077,4.117659455565798,-4.360725678419751,9.531430450414916,-8.890975647191281,0.671573840755159,-5.002183734489774,6
1.7427180278616203,-2.3712455636722973,2.39080505944168,-0.08466544073978682,4.33518229752843,-3.4766075415180557,5.869760972910859,-2.9902855347239736,-1.8852486477203407,-3.2441895435764287,6
0.627679617660605,-1.2633413150592425,-1.5564645717625714,-0.8115962502050373,-1.583710131829688,-0.7026543970354182,0.017907968938202484,-1.278810916159199,8.595697193840802,-5.49868580424195,8
6.763484314332685,0.08436485387968033,1.2489643507455261,2.2209857326261786,-0.28918327391406357,-4.974987070580218,3.715834976838011,-3.3910564034220823,-2.258980876428013,-4.450822640271542,0
-1.0293135362668056,14.305082978145391,-4.368519899265895,2.442118401945649,3.6416024210194693,-5.374033123129189,-1.9415073437728996,-2.143872108360859,-2.5840630969246283,-3.798149920671054,1
1.4712104108328805,-1.7638890858974516,-1.4485564376527562,-3.7044512200571256,-0.5484100470487553,-3.9816704075810088,2.7654148201062627,-1.0388168298603138,7.604772642468628,-0.07568251461605818,8
0.5080278267476347,-1.078270265080266,-9.072257544656734,-0.8766318848189862,-1.721161686807364,1.1599729477760325,-0.27564293568727954,1.2395132545361278,0.13349706082468424,11.189631752383406,9
-2.197732820978706,10.87176041959528,-5.355152457143071,3.3242210592209167,1.629587473155636,-1.9987737148925155,-2.1549870959024098,-1.077106482622277,-3.174300386859902,0.11313451047827847,1
-1.2355769676868245,-2.3235737899286684,-1.9696163927231243,-2.3994632864098624,-2.5175989310106925,1.0481969765389774,-3.2074391997588845,8.493414942594441,-0.10170780606784033,4.529350970985085,7
2.194705801947307,0.6821943301911718,-3.772872395323435,1.85144312937748,-2.242073805454755,0.9369432183789281,0.05358387793018739,-2.6441590885371986,3.151294217284838,-0.8201170228422312,8
-2.7524253693935243,-2.298777777839317,-1.8508423365712836,-1.0676206110916069,-2.9290366337229976,2.9593596083972167,-2.0257831175528747,9.732988779786094,0.17215543786939017,0.34944768237187634,7
-1.8860471096908222,-4.510967543981413,-2.4834553950611857,-4.169531079226209,-0.16707816420536148,-0.35495328605401194,-1.678182780178731,3.587971869500602,-1.232880289452368,11.763741384515976,9
0.9998636408969133,2.4242323678530786,-2.9190991636099177,6.22823324192229,0.035477958430810475,-2.497383562011954,-0.008714729496168347,0.1158442093948347,-1.2672168604903709,-2.7008470855362563,3
-1.2982938222049556,12.419098822802566,-5.217447572745274,2.128362479323433,3.2773576383336582,-4.493796426497401,-0.5815749259498514,-2.416674415870174,-2.3445876095657394,-1.8478408659488728,1
-1.0310598247135314,-0.36428498434795364,-0.019564832615359795,0.5677629390409593,1.1407415077278698,-7.364227405041134,-0.13828974584394316,-3.8984380779273615,12.973047248225757,-2.6890124653166896,8
1.8714735779078246,1.9141758635496038,-2.6878951709973378,7.919884158995082,0.6277153786098058,-5.674784626074317,4.011567076976677,-3.1979949002617416,-1.1997400156232316,-3.399189807117596,3
-0.7588861172973254,-2.8937797625184207,-4.779437354668425,-0.8428165992880281,-3.3824788144176527,4.864596712753278,-1.6688813998019436,1.3473910117879837,-2.4777832679232903,10.055545185768954,5
0.5961462587489836,3.9103334464448585,1.5946554116847333,0.5157330721022078,7.406697640642102,-4.810499249703073,2.411098045818103,-6.438397177486294,0.11410883067241534,-5.198050780308967,4
-2.2215420493131717,-1.8385315100904083,-1.8211013215588079,-1.6428078504331651,-2.172760574922264,0.9220406453167411,-2.167674134131857,8.79704168828766,-1.1517281301498479,3.4768246715037896,7
-2.0912118231508825,-1.8981509997547361,-4.626208541275266,-5.24888364522007,-1.2163138223521899,0.8566550656974454,-2.025211702400469,0.5453727297162569,1.2936407907152156,12.831770272917737,9
3.5777427250767966,-3.0052372842922677,3.42259802593707,10.303226353729741,4.0731172693625535,-7.483831892138263,3.8490344630228814,-8.676048206204285,0.37541879831127567,-6.300905888259502,3
-1.439641664761807,-1.7576275832475707,-2.02681028267325,-0.33593886369407805,-2.058920240028746,1.9897785543456545,-3.4693321069605427,6.846820649868309,1.871219953316802,0.6158537205167093,7
-0.9731406351511478,-2.4429415298901462,-4.093264107820102,-2.060039790517908,-0.4953830135516365,0.4934566365929947,-3.614711445879677,1.9772297314952174,0.35342449128243303,9.490560337358797,9
1.6204785283324716,-1.2987051537526284,-2.0488413331637925,-2.0057157770255305,-0.36406399417679525,8.246551036711846,-2.3184938539470186,1.070685985623486,2.268618072286784,-5.811491544977773,5
0.0014023245301073572,17.473002151672155,-5.208591890377453,-0.8354957700552224,2.2728855636742575,-3.8210448574673976,-0.9788416233594971,-2.28783533187928,-1.1032046227812586,-5.516488380056022,1
4.982447312027809,-2.0920143576622365,3.9209670536491497,9.910876667057837,2.0372792687919272,-6.220729736694747,3.8196516046906925,-6.732450406546973,-0.6831821352923988,-7.9404727599354095,3
1.5700289235111167,-1.0107664158666536,-0.8051607148550466,-3.197682829679147,1.744885801267662,-5.6213683109145105,2.1118916152942586,-3.032062036885507,11.532617456218729,-3.55891754652855,8
0.006149717692116419,-0.487131138226928,1.4646245831560953,-2.66476238574593,3.0293964184859252,-0.7135296325277154,3.816533403581717,-2.580628498636953,-0.40560802320380934,-1.1467952323490558,6
-2.904631230135994,-2.2940372182072144,-5.344790085488893,-5.4772736501921235,-3.1479753471781646,0.7994174158143914,0.37736460209485234,3.084717833319674,1.5279158412804907,12.735798546802318,9
3.8304834624215265,-3.264893068402361,6.131356357393152,1.4776618953415877,4.362270852673257,-5.0442282246962655,10.085785691671045,-9.782762434728284,-3.0120763047295127,-6.256738044748319,6
2.763943794408944,-2.3008204533067795,7.882057259421446,1.5132405688501744,2.2282978243296587,-4.4328146887789615,4.631931205749628,-5.068737818412522,-2.978423971424973,-3.5372667137805083,2
3.9557392495141546,-0.3249594873422985,0.9736106679824206,0.7014271123688733,1.8588643091499577,-5.537512431553681,4.9416987009635465,-1.320273106706265,1.2302830253872983,-5.8165561105670935,6
-0.2659772195066717,-1.9178120318842462,-3.7189087185690397,-1.6022775796244475,-1.750408786603935,10.839262758057165,-0.875016292715278,1.8309023071796173,0.6763564103261517,-2.938108986914679,5
0.11618289865147358,-2.400280147508742,4.04116302177577,1.4362799852133432,3.8584172795715115,-5.147822994965498,8.161072680747964,-6.585499314817004,1.121735170497044,-5.337174164025104,6
5.7827146696259035,0.35734195425136694,1.2658123617443338,3.8715365480168886,-2.4790615042920363,-3.8425679576108,5.008125855691696,-3.318091661198353,-2.6174144469376586,-4.647952733851006,6
-3.466616595571943,-2.391847788683464,-5.279355845057132,-2.201079746361315,-3.048446394338755,10.205856587535331,-0.6649352720167732,-0.15320273428378392,2.884067269530176,4.304578002296342,5
-0.7769138485167852,11.773940859568635,-2.773556133708317,2.83888861122205,-0.5194878291781209,-3.1032576247918815,-1.2870556158972073,-2.2383151605331175,-2.7990234557460303,-2.390044953100444,1
7.091877978475948,-1.7208965380020744,0.09724689569977385,4.686388428913644,4.018280158333182,-5.747599333960522,1.9778016469942885,-6.971110130890182,-1.994510790394325,-3.381567562585757,3
-1.2607363699156742,-4.995859006631972,-4.030268076207624,-4.5333361984210105,-1.3750267229513402,1.8686444624519098,-3.6846127816349368,0.8934854304705953,0.2830173093986862,15.331752408552777,9
-0.49340369121846,-3.5894633566160032,-2.2519303358251888,-1.8214213916545376,-1.860232091629043,0.706963987896633,-2.9865970140409175,6.958119697467588,-1.0776604426724201,5.965482425508804,7
3.7579412913398,2.9536547095143733,0.16384786527600043,8.44651034292458,0.648156561960676,-6.891181636001106,-0.15945406568781317,-4.553181834770252,-2.5322292784312546,-4.014469109588825,3
-0.5368053944306612,-2.649575769568426,-4.193954922453457,-3.76430531280621,-3.2566526577625337,1.0276243733828696,-3.4203832952496134,4.1372960163990955,0.973440908544722,10.518216643743292,9
-0.12435916533864061,-3.4222395158558743,-3.991054403379821,-2.20036418504786,-2.466574866313557,1.9220674837203409,-3.934551983868515,7.9259969547483955,-0.3661963215225427,5.865394908708753,7
2.0603935046500035,1.5377455046349524,-1.624015433753027,5.319963124902832,3.3046869223602253,-6.164423384569067,4.94222087875504,-4.469533415414503,-1.0816985836681692,-4.211643385805165,4
4.12094951053301,-2.5311604342394194,0.6362170540057417,1.181543619003694,4.357198535753083,-3.1339075586710865,3.5291140186854286,-3.3375145078657837,1.412967307524167,-6.7046816439408135,6
-0.37634441238846433,-1.8063717905607426,10.395465841308871,0.18886258281355217,8.972330596189305,-7.688997107390274,4.725680373671431,-9.75632562911415,1.0709390913068355,-6.310867429422167,2
3.706004083057104,0.30140504026611925,1.6624219791031507,9.663916576698508,-0.14491590517343234,-7.50468277034399,-1.399620474156078,-1.6063671511634952,-2.100166596410729,-2.703607788782614,3
-1.2938852983222457,-1.3671989852979545,-2.825259945606441,-3.168009733064717,-3.3937490087280344,1.1007943846243835,-1.7329678680374732,5.189143133779184,1.6749872146788607,5.468729686513304,9
0.9904917103807718,-0.6210488074441309,3.1506398176386274,1.6544738177707985,6.6612263534581135,-5.286071699361151,3.358854718290876,-3.547499820857663,-0.9552677392024389,-5.24341805967479,4
0.8743699860121585,9.544415963333586,-3.129224981429329,2.2645303736198263,0.07951349647479977,-4.233677155854518,-0.3340160173926964,-1.8940557082790488,-1.8653404273348848,-2.687137413312555,1
1.6501465911163633,11.36978836725366,-2.666703865615939,0.8087000385180616,2.1185627470491535,-3.028819493150059,-2.575121460604046,-2.6571230664378307,-1.0235321146098828,-5.116271104095473,1
1.097384280385245,-1.2955833032621007,1.299297661608099,-2.1378135952327844,-0.02177017008219584,-5.6566387432518646,1.6950384671241416,-2.2080297986501543,7.6699038608722026,-0.9721487239532571,8
-2.9234255559702476,-2.088155847057309,-2.310809540115444,-1.1700352380230319,-1.5600032043718108,1.755104772700545,-2.959288212309289,9.707507181882358,-0.5259168555396128,1.934717199717353,7
-2.1338281333672597,-2.742520192020013,-1.4657289473680462,-0.5903587563784831,-2.3648392367483666,4.252591165067969,-2.8586345521301815,8.970032963101044,0.9785916729916067,1.047732601461634,7
-3.4406960086418983,-3.4305034909534906,-0.407589621422551,-3.6675769532182843,-2.4273134861782713,8.52724365421327,0.42843281805221767,0.9914913786035162,-2.1517248521589036,4.8774706798459295,5
-0.31368050261220254,-1.0856712818318757,0.016978677171452516,1.1638518540793772,-0.6957779542491377,1.3733680080197228,-0.8165166320812057,-1.5573722000829682,8.049421813584816,-6.543109292874101,8
-2.9066665530856346,-0.8920989181896818,-0.00412471450608648,-1.4302654302749356,0.18228596779869655,-4.756185064408477,1.2601461293889307,-2.2933243730279567,11.900201433403748,-2.193831535141607,8
2.377399108442736,-2.238875424840489,7.12724282964114,-4.630463746854804,9.252010531164602,-3.8427517626497285,5.898701882953912,-8.776777080133003,-1.0830485878649931,-5.052313069456376,4
0.7189721397555535,0.8380295127547693,-2.167156023806508,-0.07632615700382545,-4.433765866361287,5.91454979013984,1.6597067960651173,-0.30568245520935994,-2.0048623333529068,0.21651737307597066,5
0.8008524033433324,-1.5966920645751248,1.4413703051103641,2.684884607253789,-1.5219582917009271,-2.5009687346728393,-0.4429945031840046,-3.1300067955245168,9.169846671932529,-5.723007025092803,8
0.2710987429809096,7.745176762966891,-2.1151109449906773,3.734752532458373,-0.5611537057028102,-3.183109288248334,-1.6869243764880488,-1.1953035582481097,-2.2743801846256275,-1.1787545003265543,1
2.607396730720618,-3.487699064814401,8.175429521416216,-0.6750910196430178,6.4260126339546115,-7.141603925989643,7.527440819691265,-6.902928833754383,-1.5457622017588746,-5.252919637589051,4
2.1667439098286136,-3.0322276454366244,3.1326079556824524,-0.0638872501778408,2.638879591843454,-3.2619370600106756,6.641056049834333,-4.47602671462568,0.6459027256346308,-4.187294756334009,6
1.6406868114140167,-3.7256690966255457,2.6393526034509613,0.42792595726099203,4.957505507971417,-3.898694974078527,8.221137849793902,-5.267917977856975,-0.8802792668091202,-4.081488827544793,6
-2.6749240402560135,-1.1502942821857174,-2.6482453966959514,-1.2363112005196337,-0.6256711599558951,2.1404813341617017,-1.92305523806567,6.556675093506566,0.4853135720988854,0.9079223618079438,7
5.3918394052707335,-2.042123787219416,3.136340074498154,13.946089340860816,0.5641159275591199,-9.671716757800887,-0.2110196322180325,-3.6803688068280023,-1.5118425656781045,-6.3862553788643455,3
0.3002418817752716,-1.280656769272116,-2.540506437019361,-1.2707244835927016,-4.177483017684525,5.654930805553145,-3.6418669673834105,6.853479758034553,0.6855103871261738,-0.16604632034023903,7
0.8400732039024232,-2.6955209921249925,3.0457166991189215,0.9748395433484962,5.215398153469497,-4.197208772242854,7.070250424331554,-6.096308719961151,0.554266306580274,-4.877449950493402,6
-3.026954174017311,-2.0129861157858113,-2.6102291565048095,0.2118256429384987,-2.246369653416447,5.148812249647096,-2.798536226894657,5.174373729197894,1.9330893300862362,0.007975334630332134,5
-0.5863617467372113,-0.645733427621188,-1.4999869627094302,-1.359903536381979,-2.114148240489484,2.580307165745638,-2.774468457205986,3.2469895200377645,1.9632532623108112,0.3291532202590259,7
-1.1745974600018632,11.027842581973358,-4.529644293192353,3.8346130833125995,1.0886296126080657,-2.914859410786728,-1.8864140714515236,-1.5148688472923406,-2.031674961205075,-1.7738779209497684,1
4.734822119263956,-1.7618108336765288,0.04425218145811782,10.46637929817464,-1.687171543060448,-7.767276239383222,3.6980142461871854,-2.517447270328046,0.5292015026615275,-6.944057302251625,3
1.0764514218095214,-0.9383988004976341,-1.4019868078729507,-2.0560236820958897,1.0075387869097834,-5.1456861985987254,1.3865184984449823,-3.145606774153187,12.00655026904073,-2.8377206866403513,8
-0.07051641170857698,4.667074604843979,-3.4586168746665336,7.324423584508606,1.7165822691003108,-5.350441147025292,-0.6024290417261745,-2.0368404944776137,-0.0027008442235009478,-0.7012882281350025,3
12.700646428711357,-1.507803413068497,2.186390111482513,-0.42476713347624945,-0.1778689293497986,-9.099579813547063,9.149558737073523,-5.100102288100108,1.60501625705777,-10.32587618104103,0
2.509278096288956,-3.4323058248925276,2.7283796987460054,10.070159929129094,3.5182306963808396,-7.281221860740472,2.126281462448301,-5.026053117296698,-0.8919905667805295,-4.524824417752593,3
0.8892356907151293,-1.6305524820663746,-0.3461487902756894,1.926908214421251,-0.7503383707042852,-0.7900615408172023,1.1481122676874262,-4.801264685734395,12.847411715023759,-8.385215820121125,8
1.9449766948800726,-3.158947602774391,7.390201750887809,-3.2305708834955595,9.53471030406026,-8.215726118814487,6.7186093523008665,-7.075960149354823,-0.3344760843810215,-4.694775405716985,4
6.650532428950083,-1.499959638485547,2.046184798122609,3.2579761682779442,-0.7020167472744713,-5.964334022471526,4.8113308917286455,-3.8500495264351837,-0.9454972447240231,-4.497581869148509,0
0.3176968020347733,8.2285036754865,-2.9724197968075488,1.008091403387773,0.6207444623246163,-2.3158812273716,-1.5801183383862738,-1.5246548613636743,-0.19902528777236028,-2.2560356703972158,1
1.3795309912058777,-3.322924787704764,-0.6388746905546814,3.726835658798135,-3.994403259994006,-5.229855047929542,-0.1847682857264118,-0.3764413618764362,10.958998896853677,-3.1292851572885487,8
7.819368315263335,-0.3364978313086696,3.04775669353254,2.2762767077185493,-1.5573208421613636,-5.870416600235405,4.378627400988242,-3.904004375573069,-2.253246814569478,-3.9334448484919182,0
-1.5711504987877742,-1.8725424333534977,-3.133759442113789,-1.982324937166061,-1.4748928925067215,2.0541030767949735,-2.7348019173460623,8.553855196074988,-1.8123189332263605,4.638166686571862,7
2.494549662860049,-2.0864016940297763,4.635482124987373,-0.21377772208956547,5.06087660287511,-5.920475685762558,5.294985689280298,-3.663689634366607,-1.6862432133581997,-4.267159169195216,2
-1.7438656957783762,-2.9532057273600074,-1.6605513131060718,-1.3531551063162426,-2.382538957600412,5.328517452599489,-1.7313860759797794,3.7071017270142197,0.9971454984465025,1.9905981222153837,5
5.945398789323546,1.8088824548927653,-0.5238297527444442,4.157242253809084,-3.513871694835696,-5.310111827063667,4.291755979094506,-1.8548301964446094,-2.3627220874803943,-3.571150153687552,0
-2.5587188228390563,-5.401082726518286,-1.4275356811565632,-3.7968731514154874,0.8956088872620569,2.3467162801368917,-1.191435205130641,-1.0992179805807503,-1.145008358040771,12.234340986868352,9
-0.5765261750990041,10.558094284133622,-1.860064211590432,3.3608214582843345,-0.9429509885720698,-2.8880017986111683,-1.5938228126456475,-1.6942798089796445,-2.63443309864338,-2.234064134069546,1
-0.18781854022336325,10.487448771851218,-3.958842965779538,2.0166583916834173,2.128389982828152,-3.560381251699388,-0.18171712239503068,-2.177787703061809,-2.6420744860801726,-2.2201023413404912,1
3.3277714202861963,0.152841720507497,-1.3663558837410295,10.259315445073174,0.7223520510400749,-5.094231032037467,1.899964153890935,-2.811691585228256,-1.0357104024014683,-6.669561987260925,3
0.22635262187866603,2.4968353138740755,4.315975900198438,-0.6026548598962571,5.762134738876865,-5.049778057975019,5.10755872716052,-7.901322201446227,2.036692297961563,-5.070458950961653,4
-1.0425527463286726,-2.4764351949825754,-2.1033381035553846,-2.1041532608064784,-1.852293637945325,2.357643476010435,-3.069018270493941,5.3929580855498696,0.784487259652505,3.853070959943167,7
0.5371269957830456,-0.055360593651863285,-0.10970565153365591,5.077262231668259,0.3806900550104466,-5.528156652732389,4.248901456704092,-2.1287153392455167,1.2890837682620915,-3.6735206652516914,3
0.880268682369814,0.17195827070149197,5.41793222108761,-1.2355696508082394,5.234928407345903,-4.029319481333249,2.7994274559137877,-5.251610252743007,-0.5498898655638853,-4.198309032312573,4
-1.3055667265839486,-2.036442288439649,-2.1749487774334506,-0.686934810352378,-2.225915753730521,2.118766762935924,-3.3548752444090466,7.3430264911525285,1.7669987767878998,0.6172910648795197,7
-1.05324263072794,0.2593143520175929,-0.6376284004645061,-0.350338643872998,-0.3743746091543848,-4.310428027776127,-0.4244495794757618,-1.9722379137611548,11.482520883574232,-4.39129284470269,8
-2.535176054439267,-4.214339268768334,-3.6683738325768784,-3.235568699157199,-1.0081295857835575,4.198543132723291,-2.584333890229038,0.8553425002515144,1.4370314252417988,10.81392068622385,9
5.7107320591572215,0.6114005821393054,3.5331269627558464,2.3777810981326457,-3.820296457775869,-4.044449110074908,0.8484543195157473,-1.8165872249669912,-0.588466598466967,-2.4872199116373146,0
2.7106713659048487,8.084437378715531,-1.8282324523942377,0.9801208051480501,-0.3979805000389685,-2.551009427768638,-2.3041457446392752,-1.947526613186537,0.22064545853022197,-3.7059591139880768,1
1.2426541325175473,0.8921871790276591,-2.2874079118308575,7.504246743526435,-2.9543434730591573,-4.144117069612934,1.4136024462331684,-1.3597829742700898,0.35238916371104023,-0.7747913801003272,3
1.199087242888722,-4.8845678633526575,-4.223690047668347,-0.8873577695577071,-1.9292637397857848,12.040814712876665,-2.3871920376605216,0.8497928898800386,1.6470283722395824,-2.533553545922313,5
-0.8711452625305727,-3.57261478513855,-2.570748176433909,-4.6585790437608905,-1.9641839377446608,-0.09902699563667847,-2.0153293007509228,2.88024761022678,1.381541869727852,11.478300256707504,9
0.08961429079219407,-2.3661440528009194,5.748165017750277,1.434511328999809,7.118656105533441,-5.655105701265897,7.14581860810837,-8.58131691604736,1.0206633436383425,-5.940501289162253,6
0.41775841227680466,1.61930902183188,-2.026889214582954,6.5600877615999496,-0.0681618255681502,-4.938903446372742,-0.3664685234569033,-1.3021965888901241,0.7669799388243015,-1.3124624122487099,3
-0.016172906459592462,-2.5206189873956713,-3.3058791530868006,-2.4587116638474353,-1.427973066376215,0.3114698704458522,-2.6041739386516474,2.8857264370387727,-0.013810471377772915,8.104958296029837,9
-1.7483020399807536,-2.5525813743470978,-2.279284436465422,-1.254130900894112,-1.0465839529077106,-0.2706984216924797,-2.9483081796827073,6.5996168202914385,-0.11418414993427972,5.77684972849296,7
0.3524463620680115,13.764325250894396,-4.235491151882716,0.08456724485017841,1.4273291276960651,-3.1724548643670145,-1.0653063013905586,-1.5768323138907039,-2.1547495392255374,-3.6162641309399075,1
0.2505467058843645,0.6539501427711654,4.162603638385743,-1.4017994015254458,4.999959900906113,-2.2642373012454384,5.025947629335559,-6.438313298409893,-0.0025462551027855967,-5.127483188791139,2
-1.8071014758280195,-3.7176363163092065,-3.6142346231011686,-4.973217505402254,-0.27924507693546846,0.5752259706601808,-0.7174557801921335,1.9830141027736417,-0.9533500441226879,12.052669233849603,9
7.970998482247447,-0.2366432175584125,1.6117788170472174,1.6480059109121286,-2.4273380773335766,-5.3628944053490395,5.774104005125447,-3.9582633563595215,-0.347441842281557,-5.887420566624056,0
2.89281726790666,9.768081153316452,-2.925646438010798,1.3529610581905038,0.36287981278802506,-3.0882014328377583,-0.8538463748610863,-2.436744413920317,0.17224825608303948,-5.871299842837668,1
-1.3305794885118238,-1.5412466344562243,-2.3889167439815107,-1.4482575164268707,-2.1166745488483683,4.240410926293513,-1.6575737294641069,5.522086041508833,1.2510928561836472,-1.1425636092835993,7
7.60142655543855,0.8756023901505546,0.6420160675270397,1.8061096232513203,-0.0841073629414183,-6.738081556955098,5.461967580857419,-5.205574872328156,-0.48235304233347237,-5.923485520420636,0
7.9545613059263145,-1.7316592214560755,1.45145534592354,3.6530687659891505,-0.3434084517746064,-8.537240138719584,7.140744367108516,-4.149044528843653,0.9211916668893638,-7.212577133146223,0
-3.7303452338477845,-6.940974470713906,-5.188388718544005,-2.742938949945514,-0.26311818777985024,12.143402857255976,-0.7246779106309197,-1.0924164468159827,2.1544013308264915,6.134532084942545,5
-1.58425645165788,11.211485270379123,-4.7104640372596,2.1080895623769726,1.5473628095188952,-2.104220383811891,-1.5259077941091175,-1.1513070966385277,-3.0585934810141433,-1.1488749718885387,1
-1.8318051501380808,-4.555121197917567,-1.8323954988685573,-4.431287262034363,-0.9315402515048168,1.9652196167662388,-1.8502954400544602,3.591473447263959,-1.71337292573944,11.678779058359563,9
-2.2773797752018083,-0.019814292291249383,1.0152544733694082,-0.7033973816540153,0.2809230732339859,-6.441644512316495,-0.02801623454924318,-3.007025305063494,12.95176005030074,-3.1443133233752802,8
-2.0838590373035477,-0.9809422029642376,-0.6104992288832396,-0.7877871377557697,-1.037965100880054,-0.12169411339202033,-2.1451821176939356,6.415525632937114,1.0739563538863672,-0.29928234239298906,7
2.4726021464860852,3.3398614937270805,-3.030884310160244,6.565296751613605,-1.2948148909696156,-4.795426745372363,2.023371153007286,-0.8826487351109127,-1.4333404266308778,-3.258172445959723,3
-1.2915962476782965,-4.281958457573006,-4.9535763152961225,-4.864768294537132,-1.6024773350325967,2.6683095218822936,-2.381763477833636,1.116160425276415,0.9197277525985768,13.148406020908912,9
0.2587966401648557,11.71448849294332,-4.063494885698674,-0.07644078298696855,-0.26975409226957386,-2.8533480251147014,-0.7704952375071568,-1.7253139841580425,2.2170777235367005,-5.386865017563241,1
9.956700494314635,-1.8365912347258595,2.963254672687317,3.8617554409181825,-3.820909851603475,-6.447378753838581,6.14317712307075,-3.8209546073759086,-2.00977122209243,-6.478846397173857,0
0.04451283446568938,3.028802152069592,-0.4991007931205507,9.829529162672706,-0.07827878065509297,-4.4744602775638755,-1.0875503756355684,-2.8326408597056623,-2.360631850393392,-2.38344213340271,3
-1.5272776419485041,-0.10225278157271593,-1.0651475145452156,-0.4115684696800494,-3.694834224517688,0.25864478632292426,1.1364335813236524,-1.3022277208379414,6.146596961433832,-0.37180161508181,8
-1.2012725658821661,-2.535080776432795,-3.6291574420150416,-5.783396007238829,-1.87365869638508,0.724689348016605,-1.683602669683044,1.22197046302902,1.1651997591468057,11.717208112086892,9
0.7552079795279187,-1.28482836859276,5.855521796268522,-2.6359009464081913,8.77121790750943,-4.292777774655998,4.453670424327566,-7.397159148914426,-0.1049980071458193,-4.723034690382473,4
-2.4628726447228426,-2.6561907399793676,-4.256131813508274,-3.11502966510286,-3.146735994512883,2.053816181619404,-2.1409350291907114,2.128986692121923,2.7132450638781305,10.317787573840118,9
-2.276659058663215,4.258232759329503,-5.844794530100392,4.341844468485474,0.45073481837297713,-0.6711306391157108,-0.2845271765879221,-1.7030800386987794,0.3758385610280066,1.1384008563018266,3
0.881123720702343,0.47017033179577633,-5.16193289674624,-0.008663981739222837,-1.7531864729196498,-0.02176774935195902,2.0622970200887343,-3.571614674695064,0.6434439826158231,5.427049705676551,9
0.26300921567885704,3.1816703963589372,-1.4061043911495101,8.298152176047548,-1.6346680149440442,-4.2905456614608335,-1.9789229063939837,-1.7209537915625768,-0.1271782940950375,-1.6980663807109253,3
4.3877073913141995,-1.6807667902390886,0.21873984475310745,0.267911982987736,-0.3921962855471134,-5.904843076566899,5.904455198792474,-1.029906628947589,3.3654657933023335,-5.432882401188732,6
0.5004795654977124,-1.0918872012476426,-0.3359107722540204,-2.7638284427201243,0.14881366432366894,-3.461006660372461,0.9377398459027712,-1.2135836112305487,7.507636059762812,-0.1152152872826647,8
11.393786386867003,-1.2625905157615134,2.3940301329249025,2.3084867711374106,-2.1069409486750983,-6.804920409842535,6.949247700941048,-4.5723056014532,-1.1216410183539431,-9.263191111778184,0
5.555519583451404,0.5661048883934032,0.4268419124434398,1.5749138018917939,0.05521437592358147,-4.251198198338731,2.576717674000766,-2.992835346059345,-2.452676549740353,-2.445918545226415,0
1.7721515487676918,-0.8854963156646678,-3.1734798084433025,-3.028882268856733,0.6134706235528906,1.1094191881959925,1.1076778372843572,-2.5370864229376875,7.248127978353893,-2.221881789002914,8
-1.5001593229873487,-5.04331683617944,-4.720825209677692,-3.251736608911883,-2.457562262656448,2.689537570892118,-2.7661947575399477,1.786654397679864,0.889394326732379,13.0012760514819,9
-1.9163655213858015,-2.244253428226325,-3.861161464071148,-1.7751570069003297,-1.4906084567383613,3.639971303513833,-2.0058569913100968,6.627589926015515,0.8410312834211022,1.4390756635307875,7
-0.6034312790909644,-3.270438231535799,-4.050606068819086,-3.379280656197544,-2.49869863171845,2.139069710273554,-2.2905715477730264,3.3099519186999062,1.955775862934146,8.517737565590513,9
5.8239952373071455,-0.7150968452068137,1.1135723132095545,1.564606007454508,-2.101462248178442,-2.974376790272458,2.9693405361959386,-1.8595653696774603,-2.7258374452688856,-1.9051281671326106,0
-1.8727685360690334,-3.616913383049694,-3.0573341404498904,-2.1979729992662356,-2.6057531350617955,8.734261636709007,-1.1509275902599574,-0.764841617789347,2.509418957790515,3.3551650019382495,5
-2.9529540780570005,-6.752779566087883,-0.43884881854346186,-3.5322890579844763,-1.4333903672128945,4.134231399717078,-2.7355351533755954,0.3378813296052982,-0.5664511742670264,13.130010310587128,9
2.1259987975037236,1.6424632312848464,2.0383519399912777,1.5434717989590232,1.8589607396057284,-5.6254392871322825,4.052641867609248,-6.947481891894111,-0.0864246377632597,-2.189729169093917,2
3.620742389455559,-2.11014480986863,7.031807760778853,0.4377349748556677,2.1102731118413534,-3.4267954203568487,4.2413212236703774,-4.668233415463165,-2.6103568664142696,-4.417015114030116,2
-1.3263357287028523,-3.569464894293134,-3.3814654917207094,-0.1754774002663032,-3.943777797228811,0.9943339277731864,-3.281639070528833,10.567853464265145,-0.13492995269791724,3.615105997832337,7
-2.41515587061486,-1.6244614917750315,-1.3858010918737755,-2.2688454013819994,-2.0022831950566955,2.5132977401772867,-1.5328968919692105,8.22618523949984,-0.5672579535756188,0.044609370495131716,7
2.2255683675858746,-0.23634513988295006,0.39368969807785137,5.827093160686134,4.210812642271154,-6.2910725717084555,1.3391229987746391,-2.4455124496288585,-0.049853298046197675,-6.6541650648223625,3
-0.318867453168641,12.973859667055946,-4.275654141875442,1.7633470996288032,1.1525688188580963,-3.008999693284609,-0.9221002546697439,-2.568213141269321,-1.692409722154689,-3.720119321727381,1
0.1007134740916194,-1.1786333313531696,-5.980591564091466,0.972208700123945,-3.5711021164581336,0.2570654464762751,0.26372956226156524,0.9338820677355985,0.2245203754571784,6.815389687981101,9
0.5725400886702858,-1.787631796254511,-1.4989815701369167,-3.961420125155794,-0.1828274346104699,-3.0146509712092913,0.5497024994905104,-0.677697979003534,7.812088717974253,1.7314166103243436,8
2.7237103948204693,2.95482191262448,0.5717518585489669,9.465611881517647,0.4482616373817663,-6.296220909405604,-3.9777531714112357,-2.6782127291034965,-1.3492854939740209,-3.6067312724656113,3
0.8438846416235926,-0.8453348452883594,3.5676577149852933,-0.9056780179090258,8.694651324041358,-7.005609554789906,7.161938674147866,-6.314350997061669,-0.2840764983591073,-5.420077120101023,4
0.28873208220321794,-0.5442519031803065,1.4038977328018172,-1.8994708355640042,-1.158800264045964,-2.4616180568328723,-0.19061256322420234,-0.8338680000185791,8.511916511138944,-2.7399913980523083,8
-1.4154638128980388,-2.8676129192358535,-3.2807992669455186,-3.7402851219249733,-2.840166589444424,2.3625494247668115,-3.6227039836450428,5.646485947814464,0.21689742541785084,9.846073608765797,9
0.11281307325111928,13.079636335279709,-2.0579548153159943,2.5182603542920123,0.7661889211840862,-3.7183380058375257,-3.029376483952333,-1.9234687920785494,-3.648824504944771,-2.5208164315445454,1
-3.1169209452247038,-1.8489874336242724,-1.315772093733157,2.298315839247352,-2.173228738984742,-3.0224357802967408,-0.5190495011257437,-0.622752957867277,12.296590322258242,-1.7154584489089817,8
-0.5838343572160654,-2.560662488649124,0.5952662876321804,1.1326505803846676,-0.5861324748225994,-1.586318264133469,0.2997570591462474,-2.250229190722615,8.04270897660004,-2.8724843402870923,8
8.902947022051304,-0.6206680503005793,0.5259580735167355,4.568950138834686,-3.294742691630193,-6.425828622000786,7.140058593815154,-5.610272063704797,-1.3497795687571699,-5.133651888997102,0
4.27181098383505,-3.217547411413278,4.812160018200637,0.07309989506369852,2.7444043852910123,-2.4331481054311603,5.916708523184642,-4.187484371837746,-0.39798666654126597,-6.050296275207106,6
-0.6785466631626904,-2.3454205779162223,-3.2345495873867947,-1.9453098242564897,-0.5083342480668603,3.0794422218440785,-2.72187181780212,6.233374655091408,-0.9450827095950389,2.523040313246224,7
1.791016605582059,9.761727407561969,-4.7246820182833185,2.1555131709873203,2.4519226345312637,-5.721960215984426,-0.029532418303653885,-1.0061244932812912,-1.2926373512626317,-4.275348873427893,1
-0.4362292495419467,-0.5511001710049843,3.6120948478863815,-1.371016127501337,5.585986836490909,-3.8715471517058595,5.495376384026123,-6.759428216378931,1.9966108078229232,-3.7314915262102017,4
0.19197778206053095,2.415961755649153,-1.2757073507772847,5.300586412100365,0.22967282357518948,-4.756815285734254,2.5076683386578478,-2.0318895754395045,-2.306250675486628,-1.764496107691906,3
1.0639227485836082,2.4320222716024844,-0.5965529528052489,7.328424639181485,0.3197078467765755,-5.015512292625564,-0.7690290013478676,-1.637640045907012,-1.3324364519788814,-2.5738449033449307,3
2.2728332418617803,-1.8059570794259865,5.894322974500167,-1.893482986836582,2.420376268720376,-4.715011515964893,1.3669905585980018,-3.0326856924615164,1.6299124388408532,-3.568098105715186,2
0.21823354568928507,12.056427350702297,-3.3014335488398445,0.9265165036011502,3.3167412579580406,-5.2086607569976024,-0.7185599223048534,-1.770993273519205,-2.7038747488855543,-3.3730193750187776,1
-2.180489068389446,-0.6693857970592197,6.6615023935971225,1.2209428721929858,9.092896471111493,-6.55153269916452,4.165905415583416,-10.143921260823618,2.460911117594457,-5.513298457549549,4
-0.13527438556223792,-1.976861993148092,-1.2384139963587775,-1.8467374411767818,-1.252708820742014,10.382004942587832,-2.6284613387618188,0.9592858133929902,0.9469006464499896,-1.8798462253201793,5
6.140734306681877,-0.2843511335793411,-0.781882149279918,4.411989942899193,2.9290603127000483,-8.023739864835633,6.442028977688241,-5.574798267647896,1.0016330321970595,-8.13089420297657,0
-1.3918481455169642,-2.110219292066291,-2.5319932571951345,-3.14991590271682,-3.624048184374511,3.990201469880496,-0.9985340237838803,7.31130552771647,1.0956220961245517,2.151769694879191,7
-0.5846614801130903,0.35444189672104365,-1.4886363123720843,-1.1597164896003027,3.5013835676406084,-7.770523411506347,-0.8462481372874262,-0.35811576077382706,8.870418367575317,-2.5934702337801006,8
-6.321742642936636,-1.4725595239796978,-0.9905580229934758,0.4475029408789657,-3.117700077546349,-4.294691838190506,-2.749014852284477,1.9633061134992473,14.345475869154571,0.5822110976651842,8
0.597353539328425,-1.4128872327026212,-2.698960137390377,-3.63427709804579,1.0902096205512155,-4.665360823342203,1.642526334815651,-2.5059814662825177,11.876438735656365,-0.868036067624318,8
3.089558073847767,0.5727032766806618,0.47683826284439274,4.040375293038263,0.5316676373018918,-5.647489695419135,5.354871324633975,-2.517215649671679,-0.5146849237852882,-4.9711415793840645,6
5.503835188263954,-0.9812597604106268,-2.280235303512756,4.545372942135206,2.4530942089180807,-6.436145779209431,6.094965737315264,-1.3863061995935906,-3.564288505789294,-4.283296052896259,0
4.161146952154366,-1.4968392530406418,6.079112825812974,-1.612631490845353,2.491448967031483,-2.92490692151037,6.270962934537726,-6.67881894346153,-1.9697815568524946,-4.4198772161455855,2
-2.860932332893753,-2.20431884572147,-2.484716699005843,-0.6746537092022911,-2.5059640294934296,2.403387194386838,-1.9559412409516188,9.227356651735882,0.5451503619383781,0.05234915968872315,7
1.0353010363186346,-1.6291698844204243,-0.5884649275689418,-2.866249578679014,-0.7901460226713364,-2.4896094102965014,2.9415121991488102,-5.36944345991947,12.517252432018685,-2.896024634800816,8
-2.1446654025130107,16.906192410711526,-5.145084121286325,2.4054074787728483,0.8374579842038767,-3.319866679914209,-2.8956345416683598,-1.179338659759944,-2.6356151941598043,-2.762603013948191,1
-0.10322497018710658,-2.7653264180481996,-3.722911067706481,-4.769000259134627,-3.492021544320793,0.7761280512322419,-2.1854167406713034,2.1016733615673098,0.8280333683966343,11.09760987413386,9
2.274862232630378,2.7842952812370747,-2.3747509107076676,6.976679674191406,-0.4633017092405057,-5.781145898371382,1.2368080025349235,-1.6082539048004119,-1.2861100033687045,-2.1854173795206164,3
-2.896508810261795,-5.349389270001429,-0.023509050136851672,-5.544875406012551,-0.33651671937619476,9.79924393019647,-1.352558559249749,1.6502134549274834,-0.30119247160329915,4.537496757551662,5
0.9543879120505774,-0.9231491023089389,9.034936100923286,-3.6496379953967106,6.3703771835675,-3.5772241645374345,4.630174308653328,-8.698471683778703,-0.3251774117115953,-4.154264491123137,2
0.14304562220537725,-0.8605415466755527,2.9608583128703785,-1.7218176650471584,9.262239498157887,-4.7162543881505945,4.732130207288831,-4.267781968943971,-0.46157029585505954,-5.558468255036862,4
-1.0211215611085127,-0.4145689654721494,-0.16882760064217334,1.1363473759052318,0.11446100635097034,-7.378008466030713,0.8266003990639528,-1.1740646131099983,11.759595826780474,-3.7763023499569046,8
2.280767510659012,0.6821312825781741,-1.1600248975589194,10.750989111540665,0.7462013790859285,-7.083622184905571,2.7002429485753097,-3.5269157680389887,-3.8047005673459267,-2.872911782706665,3
0.8058278805276602,9.969623218317324,-2.906815305233861,1.527564280841825,0.6077823344381195,-2.858535846859944,-2.430017055212207,-2.025768019125861,-0.9464539578424631,-2.601031251517431,1
-1.6090495072834594,10.157737353299353,-2.8488842844254307,4.5592792138001315,0.05159692099375168,-2.872832449735689,-1.7567857620047216,-1.940867792000447,-2.6355915029586163,-0.9054312492985656,1
6.854261705775642,-2.5666460295113063,4.325563141241918,1.987626043817296,2.704791339258935,-4.631045579653085,5.712672635707201,-7.785174580525724,-1.6609768458051715,-6.586199838993988,6
0.5724018975243654,11.350621564387207,-1.2653648016970223,3.2214579500145346,-1.222857896870655,-3.5258098349313847,-2.0737687771182514,-2.2131052074871964,-2.606036570882592,-2.61396676703649,1
0.5108367171604895,-1.7482803528437147,7.3894959993734615,-0.025147199234338335,7.020914954069973,-7.683486744066399,5.535567056677669,-6.724543220688762,0.16032718089254408,-4.716390735974752,4
2.5380032828196053,0.7050120841590797,-2.8822760078311744,7.020154926435145,3.8505455695615267,-4.245232037176401,4.874021094836374,-7.444663218642839,0.37441538384208345,-4.584931592516592,3
0.5283049899081013,-4.035544020432755,-4.025806176029531,-3.8747797107631174,-3.451178192141348,4.105783830401148,-3.87417034602239,4.088066291196886,1.079414858150882,8.826521022565286,9
-0.9599847174332583,-1.7617102885141407,-1.873517444389852,-2.8406101089183693,-2.584086966691032,0.44388964752920085,-1.3896685092513419,3.150928240435853,2.7140022892427074,4.201344035876707,9
1.655720117430684,9.24424708109261,-2.0503027247425676,1.1219387648926293,2.176211546154927,-6.496169647058288,2.951824110011492,-2.8585309378145007,-0.1777968529948719,-5.999322561001305,1
-0.7779032370401535,14.143295146193308,-4.041511393228518,1.758574733909945,0.7750863094863187,-3.0803650003782135,-2.871405428962634,-1.1142985280956386,-2.4943940123327715,-3.2032730624300925,1
-2.4122916042153824,-0.9236365246595164,-4.0691033746538245,-2.250079779197529,-4.516006825595905,9.992879284662859,0.9720893724273129,-0.04559462229654621,-2.209616081468465,4.540187211279943,5
-1.5262103559807765,-2.9059956244168292,-3.9634870562735873,-3.994397694068843,-2.590093499447484,0.39667498743959556,-1.0562229298182633,2.492324220670519,2.4112405474219325,10.207413344728126,9
0.27495378489481415,1.9993999518642014,3.595399165209554,2.33851603926252,6.238015535521351,-4.9285874583827205,0.9363613701310666,-5.190206305433052,0.34866325167546963,-5.722928508189684,4
-1.648610761962325,-1.3537835650303234,-2.070341857191586,-0.6932405422791843,-0.6684036215456672,6.696590427710626,-2.269589786764652,3.4148803779805417,1.1160524955018345,-1.8166877960926977,5
-1.4425557431130627,-2.494719101428984,-4.270292507346537,-5.2619069679334505,-1.7968766517684405,0.3687434616068079,-2.123155479103228,1.8866314357859924,1.3588442832096295,11.865990391121938,9
-2.880047623761357,-3.0500668028361098,-2.4825390681278696,-3.3608285500196193,0.214774908697976,9.253484799106147,1.0466029362985856,-2.4285737434353454,-0.397885640277568,4.407933704277868,5
-0.24608436335326694,-2.353609868645433,-2.3253491063626552,-1.2881011476163642,-3.4788864878672565,11.847442414124648,-1.7562348074116505,1.9765505928602713,1.5051152509077657,-2.6764818203113614,5
0.9263459390316486,-1.2730372573444928,-2.1650902502467146,-2.04894637205264,-1.5177757185210057,-1.869749767022024,2.373236982203144,-1.630289138470694,6.4593110034056425,0.7860540939428269,8
7.882575498123918,0.4003451178990543,2.6593361714098624,2.848241347329633,-2.7047723578255076,-6.43677220415921,6.3726463838083225,-2.6263010914246037,-2.3471641062004727,-5.492010972887226,0
1.4063764706874955,5.219456511740466,-3.705812648098777,7.378387293811915,-0.2581205316473346,-3.643803708103003,-2.3811329200705504,-2.0772893782908795,-1.1654449260967898,-1.3343641988932138,3
6.081816125678995,1.4169824444841297,2.4626143955542954,6.9226313572923726,1.6628427337932523,-8.203422783417036,0.8791741473421409,-4.507937646988582,-0.2420103780479239,-6.932508317419077,6
1.7486062225697183,8.822600243219547,-3.689467073174704,3.167658484452137,2.424847365482345,-5.070355071387635,0.7704792014194777,-2.054520818938679,-1.5359448356753131,-5.173611301916825,1
-1.8426310840849323,-0.8939630277436614,-1.733262867892521,-1.5172820663775948,-0.8209167246963933,2.01315502999657,-2.058107217903936,7.289621638536688,0.9391880793791707,-1.4767512633479791,7
-4.0034065002918995,-5.682176476978973,-2.551840038098578,-3.497224066670706,0.6048894886841487,1.940462871392481,-0.9093448090477975,1.2107114621801833,0.13894026730445658,12.628811657598437,9
-0.6071154510139716,1.1368201708489436,-5.6540290845371795,4.2404373776273125,5.627299227055975,-4.597740573698893,3.0794389587783138,-1.7222450926201047,1.3259244556475422,-3.3930562422846533,3
2.198300258852022,-1.7608427744560207,-3.090839378419347,-1.6341704842738909,-3.6087767987424266,7.9136566815469935,-1.8821966277157185,2.604977464565891,-0.10327055602642615,-1.6427655729329764,5
-0.32717910168700776,-0.15723570077978,7.426598603431047,-1.435091874983834,8.753854008428762,-5.2153686554168335,2.3819235592912444,-6.970820492244465,-0.11196714536521621,-4.496375770945018,2
1.2380645989173575,-3.7599302720132375,5.223285097393588,-2.1408656698124084,7.566951560799454,-5.241120142070097,10.627403135680074,-7.320636716243125,1.0759474284213952,-7.108024539844152,6
-4.0821766207314845,-3.766170935966046,-4.551650858060392,-2.999542185114077,-1.5654423220424714,10.369266040338132,-1.9882686688477382,0.670796714464259,1.4160232902999967,4.751283582108969,5
1.6306252896214826,-0.13136657136408844,2.8817514075444337,2.9681267594023732,3.8768108583722554,-6.510668821158444,3.0914140640359826,-4.388600797207157,2.1047812861585844,-6.134178003784477,6
-1.9269714902195125,-3.133757397752202,-2.0629911156741683,-5.259105423315396,-0.6661507106910444,0.12359291987107762,-2.24986671098446,4.109258675254649,-1.3332546027725989,11.57540054860396,9
2.3516335464483027,-1.492336254944935,2.263192647552436,0.2795961230318147,1.4020153870163958,-4.671582041914038,2.8563752555637167,-7.048182415244086,12.270694535636727,-8.519442890093393,8
0.6413827343691529,-2.9137245390597117,-2.0459144006980092,-1.4128452820802408,-1.100122115205909,9.095007261982259,-1.6218538516036038,-0.1883924096407191,2.2633040102030635,-1.9729975397239028,5
-0.2768238604741045,-3.14739780901595,-1.4773331470250912,-2.256765102738034,-2.379796764861871,-0.2776641923611326,-2.869628570576413,7.198965341498003,-0.4500718853512919,6.062089982426543,9
0.5972977087535392,1.6235860499569263,3.8496175379627084,-1.4477655793738375,0.6408320443026345,-4.780895392102546,2.539884301380621,-2.975665566397115,1.8102203444599034,-1.7649212725436565,2
-0.9152197374342659,-2.8304952213959638,-2.787130451237481,-2.664957990314988,-0.939328171070649,1.4414009606819584,-3.523175636555188,2.7402159416860266,-0.6616653183384016,9.238503851827227,9
0.20312097034865234,1.5385052847781577,-3.2067457774947017,3.253617924038991,5.605124112687305,-4.033776400313606,1.1166167296855474,-2.6996924666957685,-0.8309852976233585,-1.770963704410717,3
0.315399723751685,-1.889261331272013,-0.3065870556396815,-3.672663066268772,-1.8216057139444977,-5.248741246544994,1.6502083922071198,-2.598021426127586,11.055460317757651,2.0606251052632922,8
-1.764690370414999,-3.3052470837814893,-2.884003934593114,-2.620308503695036,-2.988535171658078,2.6759756191468207,-3.0078843182698782,8.866965014539922,-0.11321755490524613,4.52237054781749,7
1.750609442825495,-3.0758243334355457,3.03034542495841,-0.10679668642737922,4.697541177152784,-5.619695158155437,7.979230658357425,-4.727593887316992,0.19586452527325407,-3.9944941124115716,6
-0.6042347914962611,-1.890378635712527,-3.2469528662641602,-1.1054438554363561,-2.7775487634769136,6.179407372696362,-2.9657413667058745,2.4787192038399977,3.6914670914537564,1.104992787422346,5
-1.5487968445877183,14.697769778541154,-5.415154037594133,-0.6993280521753429,3.7424044917124237,-2.8411902093242114,-0.715519665837513,-2.6327890488934025,-3.4432482884846474,-1.5737247137656785,1
-1.184308119773547,-1.9823066191471201,-1.5678977216668093,-1.3384697513569812,-1.3659805019572997,1.4900521152148796,-3.315683034959406,6.095777376988914,1.4072123047556606,0.7256655117929577,7
4.372272453857633,-0.23668849940901518,0.7085281387047965,-0.48930420550012416,0.8481877348720273,-2.4665723195945404,3.3056986373381636,-1.3504463496456445,-0.11950732277984646,-4.639335272549075,0
-2.7064688272736626,-1.8874350133509437,-0.5520714845335106,-0.16659701591556236,-1.0474976277092016,-7.24262765250846,0.19582636928621083,-1.8593587193133563,14.173793166851945,-0.7056973474726864,8
-2.0611985370695733,-3.2265315267429497,-0.47051248094709747,-0.2324619236135151,-0.36607923709014134,2.3787939014337107,1.7015915618254156,-3.6729095783850316,7.392723442658775,-0.6011833199921731,8
-1.7547861885822145,-3.2455518800346552,-3.8231561160844505,-3.9940868973569104,-2.7436955407901733,-0.17591573551756898,-1.8872374574000275,4.090239163700097,0.8322660688425196,12.176744189540207,9
-0.803017631229411,-3.3907537544920094,-3.4457128891402875,-3.432641044545632,-3.123887379590536,2.8054439029400013,-3.1536220735140206,3.1247863106742337,1.0545023970051426,10.400252688362631,9
7.445611115176772,0.01400478289163821,1.0896620256779483,3.11138790642512,-2.721165346824339,-5.7950436937177425,8.42080079755969,-5.08877147652248,-2.2004820601394397,-5.681255662039298,6
2.2534952772922368,-0.15221942155886176,7.18548330500523,0.14136485579482633,4.266456771561922,-7.4747762506498825,1.8678893437879804,-3.49426829916409,0.007554478110935445,-4.5811867814031535,2
1.3832896753953956,-1.5030930138634215,-1.7877006265660291,3.849208823444521,-2.1459231962916014,-2.9138914233503415,0.03620010015313377,-1.9989076230454994,7.376075508906441,-3.8791880888698653,8
-1.3416283881734665,-1.8926014485308398,-2.7968577069197718,-3.159945917923662,-2.023957120359136,-0.5398106974944328,-2.257808372736717,3.4740403558777766,1.1225628412895607,8.46323006296918,9
-1.9377926401614216,-1.2316518980842006,-1.4547429775329521,-1.2522980033240294,-3.7899152118294688,4.410663007959736,-4.479174267058165,8.036387254024396,1.667071897111047,0.03629345938777153,7
5.5999582284294025,0.6740596555951445,4.310931407436643,7.209980084431277,0.3663897057460028,-7.207809119640644,4.094730101723361,-7.92684272633011,0.5902675550259247,-7.484330223830752,3
7.445361183397816,-1.6773858064169471,-0.01615767547005137,3.254647465896835,1.0234071108043634,-7.329895571697198,6.236316069585555,-3.4504651331263076,-1.7600768115855419,-5.716456789433393,0
0.7597825225499301,-2.401595044317409,6.32519305516456,-3.4643513552543252,10.439884090424835,-5.004873940771135,6.941126938431698,-9.03870783034305,0.8338278912819115,-5.492388743540049,4
-0.9246387102475548,-0.5860900504860987,-1.5278531922276268,-3.8233229327523106,-2.8878178604947355,11.217767750170514,-2.5831968828139935,0.7819752394273498,0.4842642692158161,-0.4168884042324316,5
10.938099726306886,-0.1783213409302018,2.2038456279650327,-0.00574319476686963,0.3000058410409303,-8.213818920688594,7.570356040367037,-5.667974117488249,0.8131198585506818,-8.792493588551975,0
7.863727455011945,-0.19145875877713942,0.05431038627066109,4.5395559317810585,0.4112707201949932,-7.023412423112143,5.152236220978017,-3.8343167854048392,-0.9648447444415513,-5.595001032981401,0
3.2265021461983587,0.06276404740381425,-0.3946983662841234,-2.5651399571849787,2.6081125148274316,-7.252817963648067,4.8033771992412735,-3.697199231160875,3.8001391569831418,-0.7691930459211369,6
2.4798344172799043,-1.3780788434409392,1.8141797500418926,1.479990259257986,3.520260129339102,-8.628934783972444,-0.22485433976360697,-2.6941022607447875,8.544510790038279,-5.505659217953378,8
-0.4433922654378681,-0.7616902150842657,-4.591436218318692,-2.3357282867220364,-2.5508043064920063,2.103496368363052,0.625169044147774,1.153992547387347,1.0683246473925052,6.2804283964063945,9
2.3160023827689793,0.4849343218931554,4.623255990361459,0.17873783047063446,1.9578696683477785,-2.357431891512709,3.463314938094367,-5.766278391380681,-0.17229780347819634,-4.613004371981718,2
3.8200811079573342,-1.9890806485997636,11.686231728149679,-0.9048030548205532,3.981325667732888,-5.019781748757348,6.031896602023878,-8.817104602515542,-3.842271096781202,-5.60036113997246,2
-0.8230618414147428,-3.303538463462475,0.6851386463079476,-1.5818016661285372,-1.90765688102016,-0.8205765936123008,-3.5236670361221214,2.7814565656290893,7.562128565354567,-2.008190445578456,8
1.9467517681164805,-0.7688151352734814,5.597558615327699,-1.2772604696005572,3.0005766540340453,-4.181422951990033,4.560266072554859,-4.663616443744071,0.23090733128848678,-4.35921242827925,2
2.372514770090602,-3.8244300992186413,8.950853719528263,-1.5073448792358606,9.214902434169826,-8.058194091782621,6.348824182872774,-7.458649102094415,-1.7220515637924882,-5.059012818875812,4
1.6381320069586816,-2.3086125119635645,1.8388271481105813,0.24756202689642637,3.3692656022273098,-3.5173074717295685,5.348667615474215,-3.489005690923999,-0.7298277268641387,-2.5423021988524135,6
-1.2808441751817845,-2.9896188582395262,-2.5707724809545587,-4.21117127468911,-0.18092138699169158,4.133370259152267,-1.692653760153003,-0.2482906205306405,-0.2556391535839579,8.431182947184208,9
0.8305096606904867,-1.484578945828658,2.913264952586319,1.6760803232554207,4.068399595692814,-4.372050964299556,4.81207687846894,-5.086419448503745,0.8883127160477653,-4.887845516706196,2
-1.6318356228474846,-2.5983937924440346,-3.1397122854093165,-2.7655053214310015,-0.8415610500441573,-1.1560499852707427,-1.2527337941759,5.070602183388654,-1.6788777592300794,9.732638970513507,9
-1.1462858530695104,-4.81883843380303,-5.288322583896638,3.0595160371738426,-2.8802296534660927,4.434602179090699,-3.039379824802987,9.265447571000013,-0.8537300731475965,0.8702100320266618,5
-0.7861906176361801,-1.5501178866018448,-7.270638704139812,-2.041913075938461,-2.9018452652486473,11.664594627664368,-0.9102830807951412,1.4502503222739578,0.6425397771093975,2.951233777689483,5
0.2287256121828531,-2.6044837562727916,-1.0138867854767886,1.968065034415264,-6.588954857865682,0.08900069852792553,1.4370217143457142,0.18909267807479646,-2.5617792400947823,8.93012085004403,9
-0.7462211876145779,-2.3147523382064814,-4.756560287233273,-4.569807116210001,-1.765030997338349,0.30729368774274896,-2.8697922339504736,2.0686169735106765,0.9560429626341171,11.960300938406238,9
3.354657252285511,-1.5978880691687143,8.030975575597326,0.04286438481626756,2.503685108448106,-5.251197020139238,5.355884919749386,-4.832623388645544,-3.403009440945128,-4.26116816127564,2
-1.632774638280384,-2.111069342214638,-1.922093115131757,-1.5551758086653562,-1.7438134677941735,1.3275805290997549,-3.4519686410997874,6.135283712045238,0.5860214433901431,4.610221085023582,7
1.2559423243440653,-0.1424942552561258,7.492700860704009,-3.0566569041036975,9.562050963774988,-6.361299780208814,0.8895483031695594,-6.85567275551767,0.5696711354131486,-4.270137891026553,4
-1.7189174873784268,-2.313706555822688,-2.5455916737445388,-2.8064422468830186,-2.107066181531116,3.7380984823860137,-2.3899305961158297,8.095589135592974,-1.3876086669090424,2.637618302999085,7
0.40342896177093723,-0.3273235925556384,1.0181093830129482,-2.619029163667665,-0.580757471095208,-5.765134188043227,4.279856183895594,-5.261666140229918,11.465693217214758,-3.075490931166997,8
4.943280001865485,2.5917318340546194,-0.7953900077105591,6.477312551899212,-1.2816902988898735,-6.883912636024841,4.596211102498773,-2.4673314707651195,-2.409645247870406,-5.9848173296021825,3
4.580981605906999,2.4582803494148115,-1.017342435278817,2.3919379506291296,-0.10434718179520097,-7.296823636231527,7.581998375743431,-2.9317472122778008,-1.6996867604297448,-5.065197182175152,6
-1.272736272498216,13.442332675821127,-4.723232293735667,0.737526976856989,2.1282831083812668,-3.897296531962664,-0.17274759975006865,-1.9212451139630873,-2.3122382943040747,-2.5548132376745123,1
-1.987979758060808,-2.6220144944634174,-0.3181256118395524,0.7340055614062317,-0.9870827484058273,-2.9055707982621577,0.7954311015244087,-3.1399206409279916,11.47916178292864,-2.2297074444837914,8
2.0990083922464087,2.002511837219861,-2.311301870085916,7.671884497811638,1.0760421930584982,-7.843477802944988,3.334430046908726,-2.475471959084718,-3.0807928596400473,-1.7621972741987475,3
9.679870580000866,0.7291440162262249,1.1333340588362382,-2.8798441966550543,-3.1031872503723577,-6.545484509279607,9.969417880552031,-5.467103747900155,2.8778622297246654,-8.045700015971875,0
7.642895950258924,-0.7276319219082628,3.251630570402078,3.654293324647474,-2.3060475090297174,-6.930265311507595,5.01645421838133,-4.8063116733626154,-0.9180554368934111,-5.586892596505589,0
6.484552509944004,-0.3613047601290021,1.4162044068647395,5.08720590055974,1.6848389406239201,-7.418707753763642,4.148761731948743,-3.99265232990421,-1.7805918580638291,-5.3357300196070225,0
3.4073812797802225,-2.4488854279123498,8.411233029371324,-0.17128422290130596,5.124868877896153,-3.2627473145735464,6.280412809090295,-6.743131176040194,-4.178488379011967,-6.638191070230617,2
-0.2716039612748939,-3.3060018365888486,-4.086642431213594,-6.033369947803176,-2.7242684865534694,-0.7428536908928263,0.38277802276153017,2.3878484217202893,-0.059430666200412374,12.856950464240654,9
-2.8856255962054695,-2.4973988012383277,-2.874515308025012,-0.18446214701750852,-1.9435297814099028,3.9004811829235875,-2.19429590222822,7.963051040278922,-0.40634321558756253,0.4829773399647446,7
1.8391073977722072,1.094572175176664,-0.37352644612936897,11.90567086903701,3.2606008920495686,-8.528208120057233,-0.15385896185058073,-6.686450009127456,0.48533989623845547,-4.372365230347876,3
8.339185860908543,-1.8129043590367584,0.30450631632041025,2.096583550937957,0.8427284965104971,-7.489688893790955,7.338353696060536,-4.190624735098566,0.8156159426245091,-7.357106671789845,0
0.627034196261648,7.99910414368726,-4.139354789991483,2.592532312261895,1.076275336572238,-3.9681472559138737,1.0317460278088162,-1.8969451711069205,-3.7912218618989213,-0.5448123044760164,1
-2.2326249405556573,-1.681108706269653,-2.433933096612801,-0.3803737698153828,-1.2710444429978451,1.5273249338839097,-3.252438527513626,7.719241042773896,1.1530536705652414,0.4692379292209323,7
-1.416231366745652,15.891312482846212,-4.601325782616181,0.5938184048129942,3.21308479122648,-4.246438865316554,-2.2050391391063098,-1.476619362454968,-2.697090151624154,-3.136704046712717,1
-1.0338243869756372,-2.8221958632141773,-5.443216782425107,-2.729739047779002,-2.727810706701728,3.764737060911008,0.36399157856333886,-2.4852440037077366,0.5827114935140951,12.636238848523963,9
0.0037669470130113347,-0.635741682250056,-1.3848572609443723,-2.4489285430650165,0.5212923406149663,-3.1524335013949196,0.8375695157285179,-2.025583350641374,8.844538547855581,-0.9617526041177278,8
-1.7874104367137424,0.06273126792321083,-4.994365332655942,-0.4202665225740038,-2.2866094983497516,0.8265777240421746,2.1225209160183707,-1.4802735431821945,1.3805024895761329,6.280243074118799,9
1.903912737254981,0.7999400992524817,1.5427353902409155,4.084911661149659,6.58810444099853,-8.158108646113323,0.1618042522190848,-3.6168653739461285,1.1941472711539824,-5.902787471245737,4
2.259111673054308,0.4427596835223675,0.9736031908605611,3.306498484691164,0.3598837865274169,-3.432679936359203,5.38715520922505,-6.079206447736943,1.6419529911500772,-5.475271944200127,6
3.556392886808889,-1.3030630281625248,2.4278820506179155,11.198472670216987,0.4080618814502881,-9.147079212651889,1.8539028683307774,-3.236354196497366,0.20414158382504638,-7.221823415329847,3
5.760369194046055,0.8115007681093469,-0.2025190398741446,2.997173590159888,-1.5935349697305083,-4.94401165403467,6.241373752578147,-2.0900372410819177,-1.718314942831505,-5.956548982310284,6
3.4114836532130446,0.12060217858970994,-3.1979472374879316,7.122799350558804,-0.5650591886777232,-4.895601163938113,3.2607342335889804,-2.8379323640650065,-0.06713123198093238,-3.088265490229402,3
0.5202233169359975,-0.8444821303542541,6.631481304648088,-2.644333447486206,7.35626542257862,-1.5479822549593925,3.6725128918902894,-8.943399975495023,-1.033815753172768,-3.9718608250841108,4
-0.5776745180488787,-2.7047312853320538,-1.5390946681030249,-1.4343704458718205,-2.259668390275202,11.242917502284111,-3.1847785716833696,1.0516820671822236,0.009703568935320567,-0.6117185425393454,5
-4.824121771809016,-3.1362767286209277,-2.502367035309367,-3.2982923756136886,-0.6958903743499802,12.393749021074589,-0.3549652579827528,-0.520751277272497,-0.28412820788021687,2.352883702506237,5
5.372654251369359,-2.766878228599333,3.3149513843029736,5.128645577718798,1.5760438904227363,-7.699407536547869,6.091345520061694,-6.311619160761902,-0.3663992823642153,-6.071867410504797,0
5.646998500191241,-1.145859617268185,-0.6640956986859783,4.857364880296788,3.363666222151933,-8.600202435803944,6.952060106034817,-6.799449570196711,1.478281804057225,-4.425406662280255,6
2.559989258305253,-3.1681976532985394,2.7005898561039365,2.1321269920766848,4.420319233388085,-6.222251644036112,8.380857895583535,-4.448264942203947,-1.4755121868004446,-5.450045877379281,6
1.5437318774781654,-2.2856159750508565,4.679602659431789,-0.7115089498739551,4.771605074005723,-4.723891250632971,5.976714632405611,-4.2341785004064265,0.18688170824292197,-4.950021167475359,6
-0.9028566805720564,-2.619078668089659,-2.6365515753504525,-2.415069002967394,-1.312049948925352,0.29453048014227506,-1.5483465673084005,3.3607925974259243,-0.4217714042709199,8.038124687071843,9
0.8985848587844298,13.19878116706409,-4.530736656708654,0.7071756715836716,1.3700080994295694,-4.32583369943929,0.7325872206231803,-2.1527949145497622,-2.5147696574148766,-4.265553784563718,1
6.675590080552538,-0.25620826397198154,1.754955237567834,-0.6626975361315091,-0.49517832439512877,-3.847824511805121,5.103397008406266,-4.717697212773386,-2.0821134905446796,-2.288884643680457,0
9.81283267151159,-0.08583646911732425,2.2894254441731743,4.798398032137146,-5.6561633621735385,-7.363999574657642,8.07915265336893,-4.842137594430474,-1.526657324734169,-5.65242935308624,0
-0.7183773473254869,13.614003264082909,-3.7950121847684697,2.010314370168057,-0.13687432052611626,-3.167936403963768,-1.3760498608143448,-0.7982945638020856,-3.296004234847779,-2.3326370074154905,1
5.477252148326332,1.8904046465394868,-1.278788880359933,3.0749369134012854,-2.9249145737799944,-5.076436680633538,3.8895063922548756,-1.4043485458789806,-0.790035066982826,-3.6727213592855743,0
4.703368048885857,0.24724941527882688,-0.24311852517866056,7.623647880763317,-2.858123928761178,-6.554749342854375,3.0710771699530492,-0.5411301357828818,-1.6315122231685752,-3.568638559201331,3
-1.4449040402486995,-1.2559897182802067,-3.3263794386005943,-0.8594181311170916,-1.5083656440968396,4.1541525595354365,-1.910846536471777,3.8372764059600066,-0.033155275111335425,2.6050398009829365,5
1.2815048021684692,-3.449210882548108,1.150621953791601,9.809648278056898,5.0125744170672295,-7.493268752301039,2.045066880716733,-5.246162589570543,0.6736790994294164,-5.438899739499415,3
-2.3965438698697494,-0.9705159990817733,-2.388142963227605,-1.8402873309841055,-1.5656896454755556,4.101023708428974,-3.2452643056211405,5.365471277144292,1.8494185928061349,0.16146235169982592,7
4.923720581984231,-0.06947109096148234,2.0355069524954303,3.8977431022376634,-0.31595843565032805,-3.30822320544943,3.4285466189234275,-4.276066837618108,0.10063924825955617,-6.696940906029136,6
1.5856625798041903,0.038131343624741215,8.436166141162275,0.5686767333938088,4.214612844234237,-8.976168349683737,6.742557284797322,-6.456632951559363,-1.4916456527011583,-3.6375417725521126,2
3.5528315475228065,-2.245935226696672,7.8199237473315115,0.5410784730535936,3.9394317668397227,-2.226642184127577,3.8095221869002205,-7.6166721879055,-1.3227430405950291,-6.42681417356955,2
1.0102041090120704,-1.0757718168485595,-1.5852551617051838,1.860042250029395,-0.36082260947794487,-1.115342521556851,0.23225451960116678,-3.914527003496098,12.58371956629693,-7.559614310678932,8
0.23995336746118234,-3.278720701142507,-1.2160753144523144,3.965110923512118,-1.8073644925771062,-7.164094476503628,1.2649004219832347,0.31049018369004283,12.202676761422632,-5.680628897309693,8
1.7086549268229716,3.676473317195539,-0.8340424318866186,1.3143601868619565,3.3553835019101084,-6.631553337608733,1.6291834056320524,-3.5004252592342255,2.147074344769441,-4.291561154028454,6
0.5621728317456486,-0.22713241772390477,7.644249390048698,-1.37703974558348,4.749254046022873,-4.449933316155916,6.351976886454826,-8.700940688848881,0.7448801651747115,-4.692560145550699,2
-0.822846912801291,-1.2037838564355903,-0.7490475241969932,-0.6531032949213578,-2.2022495855338606,6.909887251919033,-3.0064794780840343,2.903834661050407,-0.1010804952915208,-0.49989572169062096,5
2.288552377877404,-2.701790814413117,10.489355519575284,-0.2969695679356236,6.153230999197941,-5.265636257320607,4.1281551871754925,-8.156557192907307,-4.024762052560095,-3.6097408266005186,2
1.476449940635821,-1.271731724807969,-0.49534119226081413,-2.691586364021425,-0.6157228317106119,-2.885493202455574,1.3371322213194072,-2.1050426840032377,7.884992921890912,-0.6891012715752618,8
-3.0573017235379982,-0.9151267186996441,-1.13161376106342,-1.194435043071567,2.7266492215489,-3.53963602163017,-1.97406741874879,-1.742437521620207,9.865568264505344,-0.41286167581656036,8
1.0127127420339255,2.468431575989817,-1.5214699728287555,6.747075051016877,0.1457719269681247,-4.153936703516244,0.4756753876616058,-3.2500814831766256,-0.5963166436621163,-2.8491000349083913,3
5.650767359907935,-4.0711437548267675,5.913237223715569,5.238860547763267,0.6996636564192698,-8.433885362981702,5.583968610893349,-2.326183154184491,-0.04129219629342995,-6.390900730245188,2
2.3393625603491777,-2.0410250044062614,6.018819356255445,0.3787764222880531,2.558020918116891,-4.809587594721619,8.003609647281364,-6.366964104681914,-2.1968017605096417,-4.507738544159414,6
0.8988015125989457,-1.8284510810915238,-3.1021136922374257,-1.953270952749429,-0.5564574574670442,-2.2073794794755353,1.3384399446102064,-2.198896748267684,9.952652385178181,-1.1504632469581337,8
3.7978571945739317,1.4189619430909426,1.0699476674417248,2.781804440418484,-0.6833833067134412,-5.468576871291417,4.9497149594393814,-2.5863695581537653,-2.420323517406848,-4.0767255802072055,6
5.810084123892516,0.01223096589098843,1.773701617603421,4.9847609482843875,-0.580208765588977,-6.950926606476054,4.649755759489346,-4.295003681052955,-1.1238250062708628,-5.056735454524901,3
0.24486320034250086,-0.18302611053568377,4.238523253584877,-2.58506836884101,5.449842279418855,-3.177103068436956,6.496146488583161,-4.65374230758095,-2.996708370843171,-3.4595201760783527,6
-0.3128584857759505,13.476654141164758,-3.3986868372180927,2.1398255015188266,2.250553420294488,-4.730798906328625,-2.4322228517743634,-1.2771037349487395,-2.4738651934672027,-3.880675703074686,1
2.5144643822634767,0.054160047045261575,7.230603006091494,0.16126147837983046,6.68228537566984,-7.233893320319058,3.1778154707477455,-6.27969205379145,-0.8702967121780092,-5.4596407600465335,2
-0.5798219717241082,10.813295616910088,-4.948491479687649,0.9753976022124524,0.40300379933814945,-1.9318318980870064,-0.08006650508287506,-1.5384265649980278,-2.325865211598709,-1.2565637286737508,1
1.4248867696437049,4.1920962538317115,-1.2821931352508917,8.797119225130817,-2.1214291969231365,-5.461237999951418,-1.1508718987172484,-1.9564963548993235,-1.069841444504621,-1.9607404388786924,3
3.341192855864368,-0.3366952477248884,3.2607140342786716,3.5758344850342216,2.0436258373772738,-8.195931563903619,7.734692144744605,-6.3700307413709,0.5082792041403423,-6.23822780463057,6
-0.4286475849819799,-2.0499302836577606,-1.4720418639728405,-4.2274921221587265,-2.3910472974166677,10.79011143980808,-1.1066658650881747,2.452582330341024,0.06560194080091498,-1.3468860055272993,5
0.9317989978556775,1.5177405643401394,5.431138821280218,1.4833090288989694,5.125335358301314,-6.18411982209392,1.0894708696557858,-6.11803875060431,0.5932927327481758,-4.33040173319379,2
-0.5127130454062467,-0.8104515266151813,-2.7649735812788743,-2.6335053642751673,-0.6540909736784031,6.4639331256503585,0.2953033024223982,-1.1840540065212506,-0.14598617491111654,1.3477106623519972,5
7.095221261728846,-0.1854730581981628,0.9466413030267862,5.356690565865768,-4.11735772584334,-5.4100916624067175,5.835713885194215,-3.0557424146041567,-1.3284548320641836,-6.350579713799655,0
1.2131702378287674,-2.611845068187124,5.22796381160298,0.8144993688178706,6.238647057922483,-4.847800653308339,4.25609647080462,-6.274636780164759,0.5059685006613213,-5.61521623400834,4
11.719977720665295,-0.5550359987066166,0.452289102803933,2.2168217298345714,-3.2158839512847117,-6.993590872967742,7.63879972316553,-5.025310709605165,0.6497386018508788,-9.475112300135534,0
2.3581623616189606,-2.3386165496560722,7.739907840211388,-1.0100255406229697,5.14671950887662,-4.689227553264009,5.806996272896481,-6.112639043613716,-2.7545897025135546,-4.162948532390122,2
-2.9889074525589088,-3.7245154747956373,-4.0507753083926605,-3.973717493279899,0.7692466565682419,1.2147625772085002,-0.12059957359603332,1.156923318376332,-1.8294954972593716,11.598121427854357,9
10.00700212943781,0.6651793196868916,1.701197050446545,0.5952305291079336,-1.4560926468425883,-7.776892375741566,5.890741740261676,-4.939140885521018,1.3263611005041958,-9.134451580749182,0
1.025339169451821,-2.82634313865918,-1.1673149732144714,-4.425341083051591,-2.2078299597283157,7.7196703974815515,-2.204919413181678,1.7589052556430151,0.9273084756331367,0.5373140739819715,5
9.793743527116222,-0.16628539187814903,-0.051169320403179064,2.5334770804302735,-2.782682884583786,-7.7780908158849265,6.618867099700553,-4.7212402397337705,0.7903183963293883,-5.894784060338532,0
7.421568020516607,0.4484298366560101,0.2119719238892874,1.1869826448390575,-1.1673411733994106,-3.537965198193878,4.08356884455582,-3.0715611760045713,-1.172303294992249,-4.576146681432454,0
1.92198756723201,-2.014561967466955,7.377535005999303,-1.9547611227083377,4.325725250006396,-3.0745453211591545,6.993115671613416,-5.857767603304859,-2.8522126461696495,-4.350880464301893,2
-0.8128460485190236,11.559326483373301,-4.513618572653949,1.572962847832745,1.0840438858066903,-3.3639586092224323,-0.26977160504227105,-2.7669141238141255,-0.07655098282347098,-3.14816770628749,1
0.8448068209897597,-0.4887925125887923,-1.471767376158435,-2.2728017130763196,0.36098601692003407,-5.780028307559252,2.6950628044223306,-2.1434050461761944,8.1498752367073,-1.1504723375857764,8
-2.8462241838028164,-2.5890323723690853,-1.0834719208578805,-2.772503061259544,-2.653225331586174,11.136659589225987,-3.017619013541762,3.885131756627406,3.2524720925223667,-2.475608614216545,5
4.176068993900541,1.3135819562253335,0.954138839919187,2.37446549190589,-1.2677755688954488,-5.199272385155214,2.2933520644520673,-0.9649173555549871,-2.1400317335700296,-2.571688198988088,0
1.6901882607459882,-2.3614435475880304,10.699461418685255,-0.7810165581674933,4.293280618387911,-6.66683249271807,8.004764870820265,-8.41952621041255,-1.0417389902755125,-6.1467051540101245,2
1.121794157768918,-2.403512516766183,5.190312478256499,1.129870842496759,6.650630549607836,-5.990110345231047,8.093677792083975,-8.480810859978682,-0.7181624514880738,-5.608252690749351,6
3.4279009515830214,1.486998595008188,2.1567858098504673,10.392021675397114,0.15605198630966977,-9.234573529517823,1.301113082354336,-3.1804717313462945,-1.316910922962298,-5.293468329628939,3
3.6260739813311247,1.3128808420193516,0.7550206524006333,5.977924470262703,1.5630165690631488,-5.945483379178322,1.533991153893394,-3.14875175631292,-0.2356444237793237,-7.640080153696834,3
6.385268111302179,-2.9527781073399906,3.7088371924049715,3.288195542309575,4.990671251875677,-6.304261209305535,7.960249856401024,-8.669684821499136,-1.1453157418543731,-8.500264477731168,6
2.336459326762276,1.6707060580325892,-0.7401878332202956,9.221146796421078,-0.4063108131004279,-5.871727042781723,0.653471793616741,-2.622976322539996,-2.1187697208464704,-3.1414018694862187,3
0.6845199606056531,3.6711863917074052,-4.5867295503261225,1.700068903292759,0.8492817431465463,-2.4769050015695244,2.713721205217112,-2.736907347757181,-1.3504080758081496,0.009291748557321323,3
3.844397918428142,-3.4463669308947216,9.913603132150094,-1.3929328270683716,8.527071771052418,-8.999507037874201,7.04277170294057,-7.87731871338435,-0.6978995278622488,-7.034360314151811,2
1.630476874275325,-2.036029295014444,3.002273432922123,0.20880258320546105,2.836513299368562,-3.7681678436349735,7.152537360630069,-3.9574459593079307,-1.6443340500744257,-3.2842435408504236,6
-1.1492304442402526,-3.5098896050574697,-3.354121902203572,-3.772324238978244,-2.7340969710514904,1.3069039861723526,-2.4373320512479215,3.746905063326657,2.2587930340660454,8.854046390758297,9
8.822826738582933,-1.3493036485964227,-0.008629567972829821,1.8480305934537873,0.0582378842657304,-5.626406257439063,7.358195614268755,-3.3381297050398167,0.7874772040123881,-8.090118235988127,0
3.0670444165872324,1.8145883413280666,-4.935843907611036,6.570364668115553,-1.9255521606351391,-5.286115573680691,4.2426579533248425,-0.9965668468452381,-2.562364662133308,-0.4337045994881827,3
0.6802587549927048,0.046664315044301075,3.1791819333969107,3.4346603155771844,4.883335487500123,-6.7244175095019685,3.5762647717723706,-6.662176516606158,2.602907845992476,-6.103647371611513,4
-3.73965165498145,-1.3073042071580572,-3.3649872702845096,-0.8511344323239387,-2.7523202631311054,1.4452296291183837,-2.3754740534181393,11.483589024827337,0.9924033087161725,-0.2058132756649427,7
-1.6605498051357768,-0.9276473010841148,4.913608112471436,0.5414895847048555,5.775022557864679,-1.9088858209264572,5.579339539993028,-8.029609760791214,-0.4616760701569291,-2.7463922128799423,6
-1.59045787793256,-2.465308055346319,-2.743018372730093,-0.6433539847063428,-3.232258771849702,3.434569363607757,-2.881350359934924,7.227207154737162,0.372061748017765,3.1439953903124227,7
3.584548904277246,5.979370012552233,-2.261062897720573,1.6152710928494125,0.7677236216922845,-6.263368383188542,1.487825046519772,-0.29680361002495187,-1.6047895846270042,-4.5177690457694935,1
1.9963517343258592,-1.6465534509113107,1.507669728209288,2.134080057234254,5.677876426462229,-7.802689970831363,6.4514195032219455,-6.003864384197068,2.297728451520932,-4.612939256579971,4
-3.8973774799453142,-2.6605635701950767,-2.530768824012921,-1.9501859042695595,-2.755346588681586,3.183335946591497,-4.091820365320644,10.453642109336004,0.3055601092947463,4.244479145634905,7
1.5544409648770607,0.30985104544773323,6.744939342210664,-0.6301117651166792,5.7136313731983925,-5.147827797568274,2.796605156811284,-6.30604021617376,-0.727782050096001,-5.1768680090853305,2
3.60356408263714,2.3753418527550596,1.9310357247490535,7.806265224182519,0.32675076426729377,-6.915002063282883,-0.140443721852256,-2.818013071290747,-3.3113911243766547,-2.8326839392257894,3
-2.087572862347199,-2.6837289612592747,-3.4918539421380412,-3.881657157511366,1.2527435849656867,-1.82376102596073,-0.9744662189110863,3.2053210154747247,-0.2974454012774849,10.589098872772924,9
2.171473354487563,10.992839928805436,-1.9436250917699855,1.501737588847872,-2.1342118192848005,-3.940801898500646,-0.885957829884925,-1.2369529300360562,-0.07373530500614672,-5.426236599122647,1
2.796803493781142,1.973249109266005,-0.32964668618307474,9.482927866716032,-1.6684948737640584,-5.99538974961227,0.3340067415405399,-1.1052636045290902,-2.6029494600403864,-2.953293515659541,3
1.506290939247392,-0.598200294256407,-1.5189747967247367,-4.6684349554126054,1.7477029041792567,-1.5751135201104352,1.4123714042777151,-4.901441009282544,10.44995791865982,-3.2277234344051244,8
-0.41743055341823593,-0.5887243027616644,-1.0011440006332857,-2.3437552776255393,0.29557765115735923,-2.507805962361341,0.9145002360724918,0.9949070853467281,5.482116320194013,-0.8535942705105379,8
0.22059676606858905,-0.7103192470204827,6.884633268983162,0.44732180550090883,8.136672380269179,-6.239830763887148,5.190039987127121,-8.453338413163502,0.9481254587061536,-6.574618449466504,4
0.3070955519562143,1.7622930549139761,0.25262505414105885,2.1748769151643264,-0.7062570445450933,-3.83806883674682,2.3727756920042613,-4.246548514837697,2.684089970729818,-1.8006925260253683,3
1.4901402997410953,-3.5058886031377563,3.520766444981212,-0.694742878973972,6.165782063652797,-5.970805082681502,9.395139508092985,-4.887443341122375,-0.9126990779003905,-4.704317695433681,6
-3.7688259714086385,-4.820483434005804,-3.8249873661570586,-2.263461740320791,0.23905116303880847,2.2995221569185667,-0.10601652357455683,0.10065798803799003,0.6313398466230022,10.883484523505071,9
10.591869880484374,0.17582874287363298,0.9576346778382758,1.4707003443445679,-2.29021082922908,-6.549579726988238,5.735202039040956,-3.642528978078585,-1.1212064723053345,-7.232133805127712,0
-0.7026506500896328,-3.1897101995626036,-2.8967936662172558,-1.2957453194632078,-2.435433014854776,-0.11129921368473877,-2.848782441737876,5.47496832087461,-1.0880424790545113,9.50158412110105,9
0.8494477273010186,-2.1071026346562607,3.215413065696665,0.3691827493488799,4.084186613502943,-4.539124567399497,7.762581111194826,-5.59406189562538,1.8165776891035563,-6.20887271324808,6
10.927304679854574,-0.8478466464898959,4.708056739965659,1.316101109581857,-1.9631027547849618,-6.677328276410736,6.2985490215267,-5.038645073009357,0.300307638817971,-9.84161168597892,0
4.049331138412334,-1.713545067586991,6.770265008412751,0.010131251653962642,2.577162227116011,-1.76420412397494,3.6632303002156545,-5.5896193395833125,-2.3539592047445113,-4.261019291249368,2
-2.1102342993167023,-1.2281822050875286,-5.1126417727678986,-0.44092245871919605,-3.723687385853353,0.24806977193651453,1.3215311697440297,0.41050973163219234,-0.424102628348255,9.781596802095299,9
1.7376007343092623,-3.34440903625485,7.669946942451804,-1.3031256502283513,4.700551226314975,-2.422055913524003,7.986435091463521,-6.62255322443622,-1.1480439931331565,-7.741962334319611,2
-1.6068184517015434,-2.2552463425024003,-3.0792304433647266,-1.45391694209672,-0.8905221466777625,0.7215852129317049,-2.701502885547049,6.77076392137515,-1.2793014498697566,5.990080633107777,7
1.0249537209907522,-1.8211253039442934,5.701217566277146,-4.511023130697184,9.130554345457053,-4.769093304427596,6.382660151421679,-7.7427971171756385,1.3274659288508561,-5.268179353065394,4
0.10175525223298437,-3.0863356075696315,-0.9059616226516651,-2.837000895070621,-2.0320931353641773,10.743727803050321,-2.201432380183019,1.204347581460819,1.8665367594224433,-3.1314847688941705,5
